function,module,description,startLine,endBoundaryLine,bodyBoundarySha256,callOccurrences,if,else,switch,case,for,while,catch,return,throw,ternaryTokensApprox,calls
roomWorldInfo,00-runtime-foundation.js,"Runtime, utilitários, versão, storage e chaves de migração",3,4,df9a7835af5a2bc8695d5dfd6852ef0897d38c9b68258c579a87fb6d7adf247a,0,0,0,0,0,0,0,0,1,0,3,
roomHouseMarkers,00-runtime-foundation.js,"Runtime, utilitários, versão, storage e chaves de migração",5,6,b67a625bbb30a33f245266671dafd32668306d6297210579985284d4a934f16e,0,0,0,0,0,0,0,0,2,0,5,
mapHouseLocations,00-runtime-foundation.js,"Runtime, utilitários, versão, storage e chaves de migração",7,8,54f2538e2d24308d84f13544d54c58d4e05c37e429ecc18b74151a6b07e6f276,1,0,0,0,0,0,0,0,1,0,1,roomHouseMarkers
mapRegionsMarkup,00-runtime-foundation.js,"Runtime, utilitários, versão, storage e chaves de migração",9,10,29aac439bbc648c01779d48bc4835967e05ce2364a721e8019abda1f720d2a2f,1,0,0,0,0,0,0,0,2,0,4,escapeHtml
clearRemoteRoomEntities,00-runtime-foundation.js,"Runtime, utilitários, versão, storage e chaves de migração",11,18,a5226bcdb77d796fe93167b4c700fcf37b61be67a08da262af2cd3077acf8a07,5,0,0,0,0,1,0,0,0,0,1,applyCloudWorldObjects | closeChallengePrompt | reconcileCloudHouses | refreshOpenSocialHub | updateMultiplayerBadge
resetMobilityForRoomChange,00-runtime-foundation.js,"Runtime, utilitários, versão, storage e chaves de migração",19,28,fb97898fb00ecb4202081f6dca5041733522fffe573f5687e25f4161e5f0e387,6,11,0,0,0,0,0,0,1,0,1,cancelFishingSession | clearMovementInputs | endBuildMode | exitBoat | exitHouse | exitVehicle
canChangeRoom,01-build-persistence.js,"Normalização, merge, tombstones e persistência das construções",29,30,7d992d6ab97ac261035efa7977a7334d4c6ddbf6f5d93cbbce5c2d5adf6c78fa,0,0,0,0,0,0,0,0,1,0,1,
focusCurrentRoom,01-build-persistence.js,"Normalização, merge, tombstones e persistência das construções",31,32,b1c61820df0906e4b213f180075900bc951306d360e36153050f7998f78725ec,4,1,0,0,0,0,0,1,2,0,1,buildRoutePoints | roomWorldInfo | toast | updateNavigation
applyRoomWorld,01-build-persistence.js,"Normalização, merge, tombstones e persistência das construções",33,52,585d5f927be3d2595e82c7c88cec644fabef2100245948c501ab5aa885822254,13,7,0,0,0,0,0,4,11,0,15,clearRemoteRoomEntities | refreshOpenMapAfterResize | rememberSafePlayerPosition | resetMobilityForRoomChange | roomWorldInfo | safePointNear | saveState | toast | updateContext | updateHUD | updateNavigation
stableBuildId,01-build-persistence.js,"Normalização, merge, tombstones e persistência das construções",53,58,ce3555674ee96f5630c7f2d0c350b71e53e130e8a18f9841bb756c408c7a61bf,0,0,0,0,0,1,0,0,1,0,0,
normalizeBuildRecord,01-build-persistence.js,"Normalização, merge, tombstones e persistência das construções",59,65,2eebf9ce7229e95ba1b69ca9de450839f47202f184b8d2c4d3f977b602d3cfcf,1,2,0,0,0,0,0,0,3,0,1,stableBuildId
normalizeBuildList,01-build-persistence.js,"Normalização, merge, tombstones e persistência das construções",66,74,3a18ac16dd7a7d5191ae56587aee227bf94d681b49c10e519bc5b9407600c464,1,2,0,0,0,0,0,0,2,0,1,normalizeBuildRecord
normalizeBuildTombstones,01-build-persistence.js,"Normalização, merge, tombstones e persistência das construções",75,83,dff0040336cb50a01eae62311ecad59a80d58625d5ba7fb546f6b8e933c0f03b,0,3,0,0,0,0,0,0,3,0,3,
mergeBuildTombstones,01-build-persistence.js,"Normalização, merge, tombstones e persistência das construções",84,84,6cad60d049d9f93dd676ff8649102dbd26b69cb0178af1c42f813bd3692c0e0f,1,0,0,0,0,0,0,0,1,0,0,normalizeBuildTombstones
applyBuildTombstones,01-build-persistence.js,"Normalização, merge, tombstones e persistência das construções",85,88,d18192d829fa546a7d4e37df2c55451ce210cd22ddf16b3824b74441152100f6,2,0,0,0,0,0,0,0,1,0,0,normalizeBuildList | normalizeBuildTombstones
mergeBuildCollections,01-build-persistence.js,"Normalização, merge, tombstones e persistência das construções",89,91,6f045312fb41bba92450712099fd7b645be116adb18255ea6b92d2613fcd217b,2,0,0,0,0,0,0,0,1,0,0,applyBuildTombstones | normalizeBuildList
mergeEntityCollections,01-build-persistence.js,"Normalização, merge, tombstones e persistência das construções",92,168,9332827923f4fe0a59cd7b3c1352b02bfc8c072e6f2ad178cb27ad215d09dced,0,2,0,0,0,0,0,0,2,0,2,
normalizeState,02-state-save-cloud-account.js,"Estado, save local, IndexedDB, nuvem e conta",169,222,7f166d3851a48e191cf5fbfec7325d56b175c19ed974c17b543a0081a50b41f3,2,2,0,0,0,0,0,0,1,0,47,applyBuildTombstones | normalizeBuildTombstones
loadState,02-state-save-cloud-account.js,"Estado, save local, IndexedDB, nuvem e conta",223,271,038a1f5e105125a59df4ae0647b11c6c7a40e176b4fc05572e99d411195ac5ab,6,10,2,0,0,1,0,4,5,0,5,ensureDailyChallenges | normalizeState | updateDailyBadge | updateHUD | updateLobbyStats
commitState,02-state-save-cloud-account.js,"Estado, save local, IndexedDB, nuvem e conta",272,288,023e9ab7e3cc6c20286dc2daf78f8e1f5e3f833e30aa9f3a5baa93dfb94ed37e,7,0,0,0,0,0,0,2,2,0,1,applyBuildTombstones | ensureDailyChallenges | normalizeBuildTombstones | syncCloudProgress | syncGameAccount | updateDailyBadge | updateLobbyStats
saveState,02-state-save-cloud-account.js,"Estado, save local, IndexedDB, nuvem e conta",289,296,e8ccd3f1f8819254e66392f2f7ccf4aa3994b747245187aa41d8b272ace78b05,1,1,0,0,0,0,0,0,2,0,0,commitState
cloudProgressPayload,02-state-save-cloud-account.js,"Estado, save local, IndexedDB, nuvem e conta",297,305,be80c347492f37fa13c730513bbedaede20d0304aa464b023a74866f839ef4a7,0,0,0,0,0,0,0,0,1,0,15,
syncCloudProgress,02-state-save-cloud-account.js,"Estado, save local, IndexedDB, nuvem e conta",306,309,8adb4408e593f8a7a0aa4ae2de439f4a26e3e5f00f4b7b6047d4e3e0d4531990,2,1,0,0,0,0,0,0,2,0,2,cloudProgressPayload | hasValidPlayerName
mergeCloudProgress,02-state-save-cloud-account.js,"Estado, save local, IndexedDB, nuvem e conta",310,330,c03a7e324023153e5f2f81a32c08cf05f4d9ab9f9b513d5f485bdf446975637d,10,3,0,0,0,0,0,1,3,0,34,mergeBuildCollections | mergeBuildTombstones | mergeEntityCollections | normalizeState | reconcileWorldBuilds | syncCloudProgress | toast | updateHUD | updateLobbyStats | updatePlayerNameUI
accountLinked,02-state-save-cloud-account.js,"Estado, save local, IndexedDB, nuvem e conta",331,331,cbcddbf8b56c3a2848aacdf14d4a5561d2b2ad7be4d96d443da6f908f64835d8,0,0,0,0,0,0,0,0,1,0,1,
accountPromptWasHandled,02-state-save-cloud-account.js,"Estado, save local, IndexedDB, nuvem e conta",332,332,2f6a4b795fb8c51748605735ca7afd0b962665a19541f04fcbf58812a4f38f2f,0,0,0,0,0,0,0,0,1,0,0,
accountStatusText,02-state-save-cloud-account.js,"Estado, save local, IndexedDB, nuvem e conta",333,349,b6473fed6fc967d8f72e7e3a673b3ca12d377782f61b0520614eba11410d8589,1,4,0,0,0,0,0,0,7,0,7,accountLinked
syncGameAccount,02-state-save-cloud-account.js,"Estado, save local, IndexedDB, nuvem e conta",350,403,aaf04799d7baed8b83ed5775dfbf94c805a3c262b547e0a92bef3a4e785a213b,13,16,0,0,0,0,0,2,10,10,20,accountLinked | applyPlayerName | commitState | normalizeState | sanitizePlayerName | saveState | updateHUD | updateLobbyStats | updatePlayerNameUI
openAccountForm,03-ui-modal-install-pwa.js,"Economia, flags, telas, modais, feedback, instalação e PWA",404,412,1c8bd4ddafe1c55beca48e0ffeaf1ef1620606b83aeb955055ec100555a67d4a,5,4,2,0,0,0,0,1,1,0,9,closeModal | escapeHtml | openAccountCenter | openModal | toast
openAccountCenter,03-ui-modal-install-pwa.js,"Economia, flags, telas, modais, feedback, instalação e PWA",413,422,ea5af933935fe6d58025c43dc5e12af0d331379f0045be8fc92b514324dbf48d,12,2,0,0,0,0,0,0,0,0,12,accountLinked | closeModal | confirmModal | escapeHtml | openAccountForm | openModal | openPlayerNameModal | saveState | syncGameAccount | toast
addXP,03-ui-modal-install-pwa.js,"Economia, flags, telas, modais, feedback, instalação e PWA",423,433,f0b9b73cd1df59f0d291751f7f325aee836734afefe33809744504e4b734682b,4,1,0,0,0,0,0,0,0,0,0,awardMedal | saveState | toast | updateHUD
addCoins,03-ui-modal-install-pwa.js,"Economia, flags, telas, modais, feedback, instalação e PWA",434,437,d14e01b57c4f87de9ee15570796241ce74e0c52f8cdb25a0151acdfd1068d705,2,0,0,0,0,0,0,0,0,0,0,saveState | updateHUD
addReputation,03-ui-modal-install-pwa.js,"Economia, flags, telas, modais, feedback, instalação e PWA",438,441,33b7783fd507b5d183e379b40cdb261ee5b62d952459153285eafec872d6803d,2,0,0,0,0,0,0,0,0,0,0,saveState | updateHUD
awardMedal,03-ui-modal-install-pwa.js,"Economia, flags, telas, modais, feedback, instalação e PWA",442,447,cdf303f815dd2b500bad8d6c06f56748f3e37330613f2053a38eeb195ae8ddc1,2,1,0,0,0,0,0,0,1,0,0,saveState | toast
setFlag,03-ui-modal-install-pwa.js,"Economia, flags, telas, modais, feedback, instalação e PWA",448,454,dce2ffaa9f2e031e0c5ce2621ceddae413b756f81a3fbdddce117a6da0506228,2,1,0,0,0,0,0,0,1,0,0,evaluateMissions | saveState
showScreen,03-ui-modal-install-pwa.js,"Economia, flags, telas, modais, feedback, instalação e PWA",455,459,74b14eca640899d9af86eca51015759a3ae53f8c8bf1308ff6110a8aade59b30,1,0,0,0,0,0,0,0,0,0,0,updateInstallUI
toast,03-ui-modal-install-pwa.js,"Economia, flags, telas, modais, feedback, instalação e PWA",460,465,162f60ddcfee544cf2ef4fda292a872423cfc7ac4c8a529245788c27749ca8d5,0,0,0,0,0,0,0,0,0,0,0,
vibrate,03-ui-modal-install-pwa.js,"Economia, flags, telas, modais, feedback, instalação e PWA",466,468,34b0fcf685678b3725fa78c6b594ab9237817b93d663be4cbc7e707c508e3627,0,1,0,0,0,0,0,0,0,0,0,
beep,03-ui-modal-install-pwa.js,"Economia, flags, telas, modais, feedback, instalação e PWA",469,483,7641e79fcbc4fa97c74ba21eaa045a7df6809cebff9c70ab590d32f89a24cc81,0,2,0,0,0,0,0,1,2,0,0,
openModal,03-ui-modal-install-pwa.js,"Economia, flags, telas, modais, feedback, instalação e PWA",484,498,bc77fbfd5594f90a4150a28f40c4df65f5089bf749002969789a5a74afab8e43,1,3,0,0,0,0,0,0,0,0,4,scheduleStableResize
closeModal,03-ui-modal-install-pwa.js,"Economia, flags, telas, modais, feedback, instalação e PWA",499,516,180c51e9a3476ff02130ab90b5ad5b22a18c4eb91414e497a4be2165519a1bcb,4,4,1,0,0,0,0,0,0,0,4,cancelFishingSession | clearExtensionPreview | startEngineSound | stopFishingVisual
confirmModal,03-ui-modal-install-pwa.js,"Economia, flags, telas, modais, feedback, instalação e PWA",517,530,eac0174669e738a656e9fd2661e2b2666df9321c68e019f5750cbff8711cd2fb,4,1,0,0,0,0,0,0,1,0,1,closeModal | openModal
updateInstallUI,03-ui-modal-install-pwa.js,"Economia, flags, telas, modais, feedback, instalação e PWA",531,577,e27e1a2cf5dc792c6f395e44d511c7f21f0ddb2de2242b17b93d1fe5402e564d,2,5,0,0,0,0,0,0,2,0,5,openModal | toast
isOfficialOtthiGameAddress,03-ui-modal-install-pwa.js,"Economia, flags, telas, modais, feedback, instalação e PWA",578,684,e950396c5458d176c3f2209b5633a03f1084175186f17e4434b1abb5db53f579,2,13,0,0,0,0,0,7,11,1,3,saveState | updateInstallUI
localDateKey,04-education-daily-quiz.js,"Desafios diários, educação, quiz e coleção",685,685,f24870fde3d3a6cbe887725bbf09616a26faf466ed816c667f691d9dca98fa23,0,0,0,0,0,0,0,0,1,0,0,
daysBetween,04-education-daily-quiz.js,"Desafios diários, educação, quiz e coleção",686,686,a52cda6a525bfbcf374883b7a983ec9b577afa1fa52be8ac47cfa3ee4888799e,0,1,0,0,0,0,0,0,2,0,0,
ensureDailyChallenges,04-education-daily-quiz.js,"Desafios diários, educação, quiz e coleção",687,687,45c4292810d49031ee346144ac0c40e88d942a54db08fde05cba9f3d0ed443e4,3,1,0,0,0,0,1,0,1,0,3,daysBetween | localDateKey | saveState
dailyDefinition,04-education-daily-quiz.js,"Desafios diários, educação, quiz e coleção",688,688,186449dc3f6d3322c456a70aef0bed47167b264c7d8b32478a5764ceb5299d91,0,0,0,0,0,0,0,0,1,0,0,
trackDaily,04-education-daily-quiz.js,"Desafios diários, educação, quiz e coleção",689,694,daa968cdb1b1791548c36aa2fc53d0b4502cca1c75700887a9e5f969b2a558a6,3,5,0,0,0,1,0,0,1,0,0,ensureDailyChallenges | saveState | updateDailyBadge
updateDailyBadge,04-education-daily-quiz.js,"Desafios diários, educação, quiz e coleção",695,695,4ba20e166bc7fffc0d3c68ea498a51151a29c43ecd012379adbb4db627f24c07,1,2,0,0,0,0,0,0,1,0,1,ensureDailyChallenges
claimDailyQuest,04-education-daily-quiz.js,"Desafios diários, educação, quiz e coleção",696,709,16ca2fb6aae14083cf4af4b0966ca30eeb2a886ccc20e342d30a30cc9c93dfb7,9,1,0,0,0,0,0,0,1,0,1,addCoins | addReputation | addXP | beep | dailyDefinition | openDailyChallenges | saveState | toast | vibrate
seeded,04-education-daily-quiz.js,"Desafios diários, educação, quiz e coleção",710,710,1319f2287dd6d17f3249d661b9ccd1e0570aced548c2a22f4c34a5cceb90c7a3,0,0,0,0,0,0,0,0,1,0,0,
shuffled,04-education-daily-quiz.js,"Desafios diários, educação, quiz e coleção",711,711,f5ba217d0c1b7351f0c351f162b97a6fd7c040f3c31ab2414b56fd5025e124da,0,0,0,0,0,0,0,0,1,0,0,
choiceSet,04-education-daily-quiz.js,"Desafios diários, educação, quiz e coleção",712,712,f0e3d380b81a25743a6ec12ef46bd95a3eabb66b776dcb9dc58449c78a739e2e,2,0,0,0,0,0,0,0,1,0,0,shuffled
mathRound,04-education-daily-quiz.js,"Desafios diários, educação, quiz e coleção",713,721,cb4e37719f10ede6dd4b1ff7267304d38d5d572308beb5b8dd68be0e37a58b81,4,5,0,0,0,0,0,0,6,0,8,choiceSet
portugueseRound,04-education-daily-quiz.js,"Desafios diários, educação, quiz e coleção",722,730,8ce27614b02591038517ef164d3db00c52b68a45e8f72fefbe62296e361cf343,5,5,0,0,0,0,0,0,6,0,6,choiceSet | shuffled
englishRound,04-education-daily-quiz.js,"Desafios diários, educação, quiz e coleção",731,739,9908ca6746f7842521a7022c9d7c42a9dd53aab96166aa861ad17a04e85421a8,5,5,0,0,0,0,0,0,6,0,2,choiceSet
generateEducationRounds,04-education-daily-quiz.js,"Desafios diários, educação, quiz e coleção",740,740,28f0df96294862151095cffeb6f7d5a1108efddb10d1b85f6678f10a2630996a,1,0,0,0,0,0,0,0,1,0,2,seeded
subjectLevelRecord,04-education-daily-quiz.js,"Desafios diários, educação, quiz e coleção",741,741,95015b357984a841f0191b122fe466702923922ecd01495cffddce766f18c16a,0,0,0,0,0,0,0,0,1,0,0,
subjectUnlocked,04-education-daily-quiz.js,"Desafios diários, educação, quiz e coleção",742,742,d052304da0885e4d3b3fbc3f13fa65bffd5ba7dd84fa0fd1fa9336b9f57c9638,1,0,0,0,0,0,0,0,1,0,0,subjectLevelRecord
educationSummary,04-education-daily-quiz.js,"Desafios diários, educação, quiz e coleção",743,743,eadeaa0d7fdd42e56a9133be5bb845c571c8aed009b6df11f55339893434162b,1,1,0,0,0,2,0,0,1,0,0,subjectLevelRecord
speakKidWord,04-education-daily-quiz.js,"Desafios diários, educação, quiz e coleção",744,744,d35e7d0651948db93552b555d3c894120cb44bdeba8e3307f8ce1a49b98d3920,0,0,0,0,0,0,0,1,0,0,0,
dailyChallengesHtml,04-education-daily-quiz.js,"Desafios diários, educação, quiz e coleção",745,745,1758fae4f4623b7585c3edb5c03fa496c71a6489eaafafcb0a629bd6e86e31f5,2,0,0,0,0,0,0,0,2,0,5,dailyDefinition | ensureDailyChallenges
educationSubjectHtml,04-education-daily-quiz.js,"Desafios diários, educação, quiz e coleção",746,746,1a6b235640a8a6a9d25e1654ff52a6449f092c19fa97bba61af109988459c457,2,0,0,0,0,0,0,0,2,0,6,subjectLevelRecord | subjectUnlocked
openEducationHub,04-education-daily-quiz.js,"Desafios diários, educação, quiz e coleção",747,756,5aab4e342499a7fe3d23ec9f8169a0c60c29934abf17db6772c05ad8105d22d3,10,5,0,0,0,0,0,0,4,0,8,claimDailyQuest | dailyChallengesHtml | educationSubjectHtml | educationSummary | ensureDailyChallenges | openModal | openSocialHub | playerDisplayName | startSoloEducationGame
openChallengeHub,04-education-daily-quiz.js,"Desafios diários, educação, quiz e coleção",757,757,a34cdb9eeb74773ee6e2699bfe73f436fc509eba075a3b0e4afe5b26dbb2b611,1,0,0,0,0,0,0,0,0,0,1,openEducationHub
openDailyChallenges,04-education-daily-quiz.js,"Desafios diários, educação, quiz e coleção",758,758,7f1d0505db90ee99dd2ae316ea3dc980eed069445bbdfe07ba9206abe0c5fd7e,1,0,0,0,0,0,0,0,0,0,0,openEducationHub
runEducationGame,04-education-daily-quiz.js,"Desafios diários, educação, quiz e coleção",759,772,9cc111fec96ac5404c6a9a4e4049ab5e20099ccfbf5bbebfd27e55526b77186f,12,6,1,0,0,0,0,0,4,0,9,addXP | beep | escapeHtml | finishSoloEducationGame | generateEducationRounds | openModal | speakKidWord
startSoloEducationGame,04-education-daily-quiz.js,"Desafios diários, educação, quiz e coleção",773,773,f2bc35abc4bc0a470f453b8d01df32b9efbd92176929403e44a24b7a9f73bbd7,3,0,0,0,0,0,0,1,0,0,0,closeChallengePrompt | runEducationGame | toast
finishSoloEducationGame,04-education-daily-quiz.js,"Desafios diários, educação, quiz e coleção",774,776,057713f886c30f8f177f72c869aaac7df69be1a27ea9226184dc79539738efce,11,2,1,0,0,0,0,0,0,0,6,addCoins | addXP | awardMedal | openEducationHub | openModal | saveState | startSoloEducationGame | subjectLevelRecord
startCinematicEmote,04-education-daily-quiz.js,"Desafios diários, educação, quiz e coleção",777,779,344134866ae5365e6be02f99b8265335337b3959dfa45bbf47489ad4ceb76ffd,0,1,0,0,0,0,0,0,1,0,0,
triggerEmote,04-education-daily-quiz.js,"Desafios diários, educação, quiz e coleção",780,790,c10609ef6f1b21e0c2023565ea6d859ae2c386f5891e9255e635f18c6da399a1,5,4,0,0,0,0,0,0,0,0,4,addXP | beep | startCinematicEmote | toast | vibrate
openQuiz,05-avatar-life-customization.js,"Avatar, roupas, uniformes, vida, moldes e ajuda",791,793,760b3e3a3b448120eeceb4ec53e3b5662e77489b6fc0f834cea773295abec6f4,1,0,0,0,0,0,0,0,0,0,0,openEducationHub
openCollection,05-avatar-life-customization.js,"Avatar, roupas, uniformes, vida, moldes e ajuda",794,812,90e3337553578abe1038f042241a4cb2f23b3d21e03f453a6921c41394855a94,1,0,0,0,0,0,0,0,0,0,1,openModal
effectiveAvatarUniform,05-avatar-life-customization.js,"Avatar, roupas, uniformes, vida, moldes e ajuda",813,820,64d0f184439c23fb405572a29469cc326f184e3cf6dffec73f96a7e44869335c,0,1,0,0,0,0,0,0,2,0,3,
avatarChoiceGroup,05-avatar-life-customization.js,"Avatar, roupas, uniformes, vida, moldes e ajuda",821,825,79d270ecaba86e81ca2f75573f0bbb24c9aef602c5a9a5711e01941702cad541,1,0,0,0,0,0,0,0,1,0,5,effectiveAvatarUniform
openAvatarStudio,05-avatar-life-customization.js,"Avatar, roupas, uniformes, vida, moldes e ajuda",826,835,0317833fc161e7089e5ebf1b7ccc6bf00c14f45ddd4ad9b097a7cf720981814a,12,0,0,0,0,0,0,0,0,0,2,applyAvatarCustomization | avatarChoiceGroup | closeModal | openModal | playerDisplayName | saveState | setFlag | toast
openLifePanel,05-avatar-life-customization.js,"Avatar, roupas, uniformes, vida, moldes e ajuda",836,851,cb1aec56636d7aa627fe46891f21e4729225304f81f3ec49eb3794c784238faa,3,2,0,0,0,1,0,0,0,0,1,closeModal | openModal | toast
openMolds,05-avatar-life-customization.js,"Avatar, roupas, uniformes, vida, moldes e ajuda",852,854,7d5589517ad570ca39b546026b25955780bbe71396068cc1d4847f76d9bb51a5,2,0,0,0,0,0,0,0,0,0,0,openModal | playerDisplayName
openHow,05-avatar-life-customization.js,"Avatar, roupas, uniformes, vida, moldes e ajuda",855,953,dea39d2e950108786717039dd71d5ba93c86520de197ab6474da7ed200799ca5,1,0,0,0,0,0,0,0,0,0,0,openModal
deriveMissionFlags,06-missions-profile-hud-inventory-tools.js,"Missões, objetivos, perfil, HUD, inventário e ferramentas",954,965,5071f2d1b8cb9878d509a86293d9991a7801b70cf2445dba09abfc7756113b7d,0,0,0,0,0,0,0,0,0,0,1,
evaluateMissions,06-missions-profile-hud-inventory-tools.js,"Missões, objetivos, perfil, HUD, inventário e ferramentas",966,983,95b41091544d7944944f6c0cd29a372d1c718be2e31189b51e2486511860b230,5,2,0,0,0,1,0,0,0,0,3,addCoins | awardMedal | deriveMissionFlags | toast | updateMissionHUD
updateMissionHUD,06-missions-profile-hud-inventory-tools.js,"Missões, objetivos, perfil, HUD, inventário e ferramentas",984,1002,580b524adc6b76fbbbd557e1702762d5368f4c3bb679c7e2a6b588625257847a,2,2,0,0,0,0,0,0,2,0,2,activeJobProgress | playerText
objectiveStatusLabel,06-missions-profile-hud-inventory-tools.js,"Missões, objetivos, perfil, HUD, inventário e ferramentas",1003,1003,f5cb500988025448bef8d81ddbf3ed6bf30c921042ce1ef6bbd15519d7f577b6,0,0,0,0,0,0,0,0,1,0,1,
skillMasterySummary,06-missions-profile-hud-inventory-tools.js,"Missões, objetivos, perfil, HUD, inventário e ferramentas",1004,1004,d6a50bd8331eb7b9707b773b5013b9b3fb1096c88d83bb0425bcb83b8775b0fc,0,0,0,0,0,0,0,0,1,0,1,
pinChapter,06-missions-profile-hud-inventory-tools.js,"Missões, objetivos, perfil, HUD, inventário e ferramentas",1005,1005,730e0bb570acb33b7ec6676ff1d8c29671bc95e65f543553b84ba02a61dd20dc,4,0,0,0,0,0,0,0,0,0,1,evaluateMissions | saveState | toast | updateMissionHUD
openObjectivesPanel,06-missions-profile-hud-inventory-tools.js,"Missões, objetivos, perfil, HUD, inventário e ferramentas",1006,1013,e81c3f9f831f3ec826f0d345e32df952d3a694ce4f64e300aec6e2a8fd43b2d9,7,0,0,0,0,0,0,0,1,0,17,activeJobProgress | deriveMissionFlags | openModal | pinChapter | playerText | skillMasterySummary
sanitizePlayerName,06-missions-profile-hud-inventory-tools.js,"Missões, objetivos, perfil, HUD, inventário e ferramentas",1014,1014,b107c5b4cd393643459918f0c4874ba03f365bc7259a8ab83fa9a0cfa0bd9be4,0,0,0,0,0,0,0,0,1,0,0,
hasValidPlayerName,06-missions-profile-hud-inventory-tools.js,"Missões, objetivos, perfil, HUD, inventário e ferramentas",1015,1015,73c3b68af88c0b16265afac8ad0b98589ddb79b351c1f039f52baaa1dea1b728,1,0,0,0,0,0,0,0,1,0,0,sanitizePlayerName
playerDisplayName,06-missions-profile-hud-inventory-tools.js,"Missões, objetivos, perfil, HUD, inventário e ferramentas",1016,1016,a9b5dd1c024eb709bd424944d0136077787a78ea6396f43a578a472aa91f9e20,2,0,0,0,0,0,0,0,1,0,1,hasValidPlayerName | sanitizePlayerName
playerText,06-missions-profile-hud-inventory-tools.js,"Missões, objetivos, perfil, HUD, inventário e ferramentas",1017,1017,2af737b2b5ac72a166fb4eaa81d9f9ec3f54260a743dbbf21f47c658b2bd1b9d,4,0,0,0,0,0,0,0,1,0,0,playerDisplayName
updatePlayerNameUI,06-missions-profile-hud-inventory-tools.js,"Missões, objetivos, perfil, HUD, inventário e ferramentas",1018,1018,cd63aa64f5dd80d47ad9384e6cc350b20efc0bc4774bd067f509817d9cea153e,7,7,0,0,0,0,0,0,0,0,8,accountStatusText | hasValidPlayerName | playerDisplayName
applyPlayerName,06-missions-profile-hud-inventory-tools.js,"Missões, objetivos, perfil, HUD, inventário e ferramentas",1019,1019,e1cffe14e65129b5ed275b51fe7720b0731a915960b835c2d656883ddab82367,4,2,0,0,0,0,0,0,2,0,8,sanitizePlayerName | saveState | toast | updatePlayerNameUI
openPlayerNameModal,06-missions-profile-hud-inventory-tools.js,"Missões, objetivos, perfil, HUD, inventário e ferramentas",1020,1024,72d7ff402ad47a8fc14a09a536d321bb6b74ef3f24230f7fc40f007a37b68812,5,3,0,0,0,0,0,0,1,0,6,applyPlayerName | closeModal | hasValidPlayerName | openModal | toast
updateLobbyStats,06-missions-profile-hud-inventory-tools.js,"Missões, objetivos, perfil, HUD, inventário e ferramentas",1025,1031,bac8e72ed2b7bea39fb287b9d46ca352b4826a848b8e29a16dce9654ba8ecf17,1,0,0,0,0,0,0,0,0,0,0,updatePlayerNameUI
updateHUD,06-missions-profile-hud-inventory-tools.js,"Missões, objetivos, perfil, HUD, inventário e ferramentas",1032,1046,b57e8c63e974c3ab3a58ba1074f01e625fe7dd23eab6ac5b7f82798ac7c8c12e,2,1,0,0,0,0,0,0,0,0,2,updateMissionHUD | updatePlayerNameUI
openInventory,06-missions-profile-hud-inventory-tools.js,"Missões, objetivos, perfil, HUD, inventário e ferramentas",1047,1059,17c51da4edb0e51b1615adb371720af0ba3fd16c407736e9f009cf3f706e25d1,4,1,0,0,0,0,0,0,1,0,3,openModal | saveState | toast | updateHUD
equippedTool,06-missions-profile-hud-inventory-tools.js,"Missões, objetivos, perfil, HUD, inventário e ferramentas",1060,1060,f6e4074938f51cb58674268f1a7f4b2470485590f66d85dce08322cdf0ebc02f,0,0,0,0,0,0,0,0,1,0,1,
equipTool,06-missions-profile-hud-inventory-tools.js,"Missões, objetivos, perfil, HUD, inventário e ferramentas",1061,1063,06f37dde73ca0dd26b7f614fe952cd666f8bc1bd6175ecf5e2f5c9e3f22c30a1,3,2,0,0,0,0,0,0,2,0,0,refreshEquippedToolVisual | saveState | toast
openToolbelt,07-navigation-traffic-routes.js,"Rotas, trânsito, grafo, GPS e minimapa",1064,1066,e1feac1e551b706320d206c61c82e614030555f6db28e758a6ead5ffe19c0789,3,0,0,0,0,0,0,0,0,0,2,closeModal | equipTool | openModal
refreshEquippedToolVisual,07-navigation-traffic-routes.js,"Rotas, trânsito, grafo, GPS e minimapa",1067,1080,fa88ba59c04e0121e2169e23792620a4c047f52d0bbaa276454aaa4f24d0fa8d,7,4,2,0,0,0,0,0,1,0,4,box | renderMat
playToolAnimation,07-navigation-traffic-routes.js,"Rotas, trânsito, grafo, GPS e minimapa",1081,1089,2dbd1c254e8689bfbbe82889db41f8df50a83120a74a078eeb4a537caed1884a,2,0,0,0,0,0,0,0,0,0,1,beep | vibrate
routeLength,07-navigation-traffic-routes.js,"Rotas, trânsito, grafo, GPS e minimapa",1090,1090,2ede0493aa6e96907fd7077d32d6cdf7c26904155d07fb0078ce9238c3867b56,0,0,0,0,0,1,0,0,1,0,0,
compactRoute,07-navigation-traffic-routes.js,"Rotas, trânsito, grafo, GPS e minimapa",1091,1091,37d93aedbb3c0ec357ddff4b38d8ca7d1abd7393da8130db488dc592249de6b3,0,2,0,0,0,1,0,0,1,0,0,
projectPointToSegment,07-navigation-traffic-routes.js,"Rotas, trânsito, grafo, GPS e minimapa",1092,1092,ae6f7943580ea9b33ffdc59808b2f6accf8d7e89b80fc024ceaad7f459f42815,0,0,0,0,0,0,0,0,1,0,0,
navBlocked,07-navigation-traffic-routes.js,"Rotas, trânsito, grafo, GPS e minimapa",1093,1093,3f2cce292d8c4e72ff8d160c69db50fd59b4526ce0abdd56926c013d252482f3,0,3,0,0,0,2,0,0,3,0,0,
segmentClear,07-navigation-traffic-routes.js,"Rotas, trânsito, grafo, GPS e minimapa",1094,1094,13df9d1cfe7abd670f855ec471398629b5651cca61677f96ebb7892bf7cd76ce,1,1,0,0,0,1,0,0,2,0,0,navBlocked
nearestRoadProjection,07-navigation-traffic-routes.js,"Rotas, trânsito, grafo, GPS e minimapa",1095,1095,300e49dc9cbf714d35350ac6e9bb8609f1d366e04edf8a1bd0cef77d82716c5f,2,1,0,0,0,1,0,0,1,0,1,projectPointToSegment | segmentClear
pointOnRoad,07-navigation-traffic-routes.js,"Rotas, trânsito, grafo, GPS e minimapa",1096,1096,fac6693520607b94aec6b65d5900872f41f06b1fe35404b35b6a18a18245ceeb,0,0,0,0,0,0,0,0,1,0,0,
projectPointToPolyline,07-navigation-traffic-routes.js,"Rotas, trânsito, grafo, GPS e minimapa",1097,1101,ae83f42fc4cb56d0bec1cde78df3d7f26a55ad8a51871985858dacd69a80b9e9,1,3,0,0,0,1,0,0,2,0,1,projectPointToSegment
snapTrafficToRoad,07-navigation-traffic-routes.js,"Rotas, trânsito, grafo, GPS e minimapa",1102,1107,bad5234226cde3d59a9848299a80859662faba2a319563d7a1d21b3fefa853e9,4,3,0,0,0,0,0,0,3,0,4,nearestRoadProjection | pointOnRoad | projectPointToPolyline
trafficActorList,07-navigation-traffic-routes.js,"Rotas, trânsito, grafo, GPS e minimapa",1108,1119,a194c72fd78aa78929b93f32709334682313a222920bfa78802a69da375ded83,0,6,0,0,0,5,0,0,2,0,6,
trafficPriority,07-navigation-traffic-routes.js,"Rotas, trânsito, grafo, GPS e minimapa",1120,1120,f66cfa99bb37724df2b05448b7d3cdfeb63eff3d20f642e94d769c32117a6e66,0,4,2,0,0,0,0,0,2,0,13,
trafficSpeedFactor,07-navigation-traffic-routes.js,"Rotas, trânsito, grafo, GPS e minimapa",1121,1130,d590e617d1865be0ab9abadfc4e9f17f138ac4ba58bf6e8bc443304915d29af4,3,6,0,0,0,1,0,0,3,0,2,trafficActorList | trafficPriority
captureTrafficPositions,07-navigation-traffic-routes.js,"Rotas, trânsito, grafo, GPS e minimapa",1131,1131,aa91b9bbd25ca86000bd4e592ece141d9c43c38e6920986499a7d5f302e1cb90,1,0,0,0,0,1,0,0,1,0,0,trafficActorList
resolveTrafficOverlaps,07-navigation-traffic-routes.js,"Rotas, trânsito, grafo, GPS e minimapa",1132,1144,b8d90b259ab6e872a37b6e3a3488be6bcf9038e3c10ef554728d4bec67e5d367,6,8,2,0,0,3,0,0,0,0,13,pointOnRoad | snapTrafficToRoad | trafficActorList
graphAdd,07-navigation-traffic-routes.js,"Rotas, trânsito, grafo, GPS e minimapa",1145,1145,e9cc15c1a0650d8efd89976f4e0a102868a55a1b0323ceb5028281a7e20466f2,0,2,0,0,0,0,0,0,0,0,0,
graphShortest,07-navigation-traffic-routes.js,"Rotas, trânsito, grafo, GPS e minimapa",1146,1146,837ca42fa998392c9428efc10228f8a695ad8e5e14ab86f3017bb59e4152d0e0,0,6,0,0,0,2,2,0,2,0,4,
buildRoutePoints,07-navigation-traffic-routes.js,"Rotas, trânsito, grafo, GPS e minimapa",1147,1158,7307c6bc3b7b996ef054393a91e6dce0c594d733c3399609abfea2de89a8c3c5,10,4,0,0,0,2,0,0,3,0,4,compactRoute | graphAdd | graphShortest | nearestRoadProjection
routeProgressInfo,07-navigation-traffic-routes.js,"Rotas, trânsito, grafo, GPS e minimapa",1159,1159,d540f23024f3941ff8f3cbf28f74b8a2429dc297ed963339f20f9e0b349bf2ef,2,2,0,0,0,1,0,0,2,0,5,projectPointToSegment | routeLength
remainingRoute,07-navigation-traffic-routes.js,"Rotas, trânsito, grafo, GPS e minimapa",1160,1160,3e1320a9a61c6b062032cf2f1d5b6f5a67a4f4092d18ff64dc66608fe83d8a87,2,0,0,0,0,0,0,0,1,0,0,compactRoute | routeProgressInfo
sampleRoute,07-navigation-traffic-routes.js,"Rotas, trânsito, grafo, GPS e minimapa",1161,1161,d68712875d0352d8ac25d46590a26960e7aa81265745bd9fadb02bab2635da76,0,0,0,0,0,2,0,0,1,0,0,
createRouteGuide,07-navigation-traffic-routes.js,"Rotas, trânsito, grafo, GPS e minimapa",1162,1162,c480ef3afb3dbf41f31ebce684a17863f086ea398910a96a3677f7fe3c0267dc,1,1,0,0,0,1,0,0,1,0,0,mat
updateRouteGuide,07-navigation-traffic-routes.js,"Rotas, trânsito, grafo, GPS e minimapa",1163,1163,dfdb4f9063dd582335fa7a66b62aa6f58ea161d326a1a6f03ad1183814d96205,6,3,0,0,0,0,0,0,2,0,1,buildRoutePoints | createRouteGuide | groundHeightAt | remainingRoute | routeProgressInfo | sampleRoute
miniPoint,07-navigation-traffic-routes.js,"Rotas, trânsito, grafo, GPS e minimapa",1164,1164,0b0fa9c64553a2818420ae2d32ebd492d6f6ff828bab78b674260da892282ce3,0,0,0,0,0,0,0,0,1,0,0,
miniMapLogicalSize,07-navigation-traffic-routes.js,"Rotas, trânsito, grafo, GPS e minimapa",1165,1165,e3e95bf5e27f3b64ca022870ec19cf05f78b2477e9b05cb7e70f24a760c3b557,0,1,0,0,0,0,0,0,1,0,0,
miniMapScale,07-navigation-traffic-routes.js,"Rotas, trânsito, grafo, GPS e minimapa",1166,1166,aeb7fb6232d29b4aaee1cfe92ec35721caf693a9463ff7d3ad4ab179457b84b6,0,0,0,0,0,0,0,0,1,0,0,
drawMiniMap,07-navigation-traffic-routes.js,"Rotas, trânsito, grafo, GPS e minimapa",1167,1175,6c5712595100b4e0023667be280afd35e694742a8bf21275f059dc4d52586c56,12,6,0,0,0,2,0,0,1,0,15,miniMapLogicalSize | miniMapScale | miniPoint | remainingRoute
updateNavigation,07-navigation-traffic-routes.js,"Rotas, trânsito, grafo, GPS e minimapa",1176,1176,c8ec2e6192c62ca34db203ebabe28e9c13ee73b520f9d48759e9a38f39a0344c,6,4,1,0,0,0,0,0,2,0,5,beep | drawMiniMap | routeProgressInfo | saveState | toast | updateRouteGuide
routeSvgMarkup,07-navigation-traffic-routes.js,"Rotas, trânsito, grafo, GPS e minimapa",1177,1227,fc867d2d9b07f03f22743900fe40a898d33ffc629f947a7dbe049c518afaf943,2,0,0,0,0,0,0,0,1,0,0,playerDisplayName | worldToMap
mapLocationDetails,08-map-parent-settings.js,"Mapa, marcadores, waypoint, reset, ferramentas parentais e configurações",1228,1229,8af120192a8d82aea8af58131c28bddf355cc1e88af50a49410e7786f0573475,0,0,0,0,0,0,0,0,1,0,0,
worldToMap,08-map-parent-settings.js,"Mapa, marcadores, waypoint, reset, ferramentas parentais e configurações",1230,1231,9058f3779666799233f860f2417df705b2cffe751fa68d9a34ac125ed83516ad,0,0,0,0,0,0,0,0,1,0,0,
currentMapLocations,08-map-parent-settings.js,"Mapa, marcadores, waypoint, reset, ferramentas parentais e configurações",1232,1233,c16274555c5659728cee055f6036377d4118c8ee5a4da2cbd5e72634b3dbc486,0,0,0,0,0,0,0,0,1,0,2,
mapDistance,08-map-parent-settings.js,"Mapa, marcadores, waypoint, reset, ferramentas parentais e configurações",1234,1237,4305ecf807db063fe7f7bf2c5c480d68c86cfce9e624eacffebbe2628b2ff136,0,0,0,0,0,0,0,0,1,0,4,
mapMarkerPlacements,08-map-parent-settings.js,"Mapa, marcadores, waypoint, reset, ferramentas parentais e configurações",1238,1280,25af159fc07998ff828f429597a751e3f8d384b48f3bcd8ecd7e64c12d752467,1,5,2,0,0,4,0,0,4,0,13,worldToMap
applyMapMarkerPlacements,08-map-parent-settings.js,"Mapa, marcadores, waypoint, reset, ferramentas parentais e configurações",1281,1288,f78c2b56818686bdefbc696cda33067540093c948dfcc9873a49ccdaa015c60e,0,1,0,0,0,0,0,0,1,0,3,
mapSelectionMarkup,08-map-parent-settings.js,"Mapa, marcadores, waypoint, reset, ferramentas parentais e configurações",1289,1292,a0fa70ca7a30f32a787b91c63c91c5c1fd02e805dca850bfb4576badd8ef7f7b,3,1,0,0,0,0,0,0,2,0,0,currentMapLocations | mapDistance | mapLocationDetails
setWaypoint,08-map-parent-settings.js,"Mapa, marcadores, waypoint, reset, ferramentas parentais e configurações",1293,1297,c57031c1311d5cd3ada61ccba5f7f862f803835de9fb14fc9bd527ebef80cb8a,7,1,0,0,0,0,0,0,1,0,4,buildRoutePoints | closeModal | currentMapLocations | saveState | toast | updateNavigation | updateWaypointMarker
clearWaypoint,08-map-parent-settings.js,"Mapa, marcadores, waypoint, reset, ferramentas parentais e configurações",1298,1298,f3c7a1f7b0b7ab9a0340535b332cead10fb0545383685af0e77386acc2dd24cd,5,0,0,0,0,0,0,0,0,0,0,closeModal | saveState | toast | updateNavigation | updateWaypointMarker
openMap,08-map-parent-settings.js,"Mapa, marcadores, waypoint, reset, ferramentas parentais e configurações",1299,1317,c68bb34adbae18987be3279102c16a7637bd4de38a0e31b0c69d5e4b84def487,15,2,0,0,0,0,0,0,3,0,15,applyMapMarkerPlacements | buildRoutePoints | currentMapLocations | mapDistance | mapMarkerPlacements | mapSelectionMarkup | openModal | routeProgressInfo | routeSvgMarkup | setWaypoint | worldToMap
refreshOpenMapAfterResize,08-map-parent-settings.js,"Mapa, marcadores, waypoint, reset, ferramentas parentais e configurações",1318,1320,de65befdfed1c4843c6f6274dfdbb9ce856df2cee05c9df78d078369a67d9e2e,1,2,0,0,0,0,0,0,1,0,0,openMap
performLocalReset,08-map-parent-settings.js,"Mapa, marcadores, waypoint, reset, ferramentas parentais e configurações",1321,1323,7ea1b093c6d20b0154861c6d5f53327ca6bac14e59208c1f00dd1ebafdca3033,0,0,0,0,0,0,0,0,1,0,4,
openFinalResetConfirmation,08-map-parent-settings.js,"Mapa, marcadores, waypoint, reset, ferramentas parentais e configurações",1324,1329,c93eadedff3c2720dc0496dd1082719a7c3bf09ae6396db7e251c5e7d10e14b8,5,3,0,0,0,0,0,0,2,0,1,commitState | confirmModal | openModal | openParentTools | performLocalReset
openParentTools,08-map-parent-settings.js,"Mapa, marcadores, waypoint, reset, ferramentas parentais e configurações",1330,1337,ac6dd46d3c86c554abff515155d472b6d2612f4eca80ab9b484fc8fd97553281,6,2,0,0,0,0,0,1,2,0,3,confirmModal | normalizeState | openFinalResetConfirmation | openModal | openSettings | toast
openParentGate,08-map-parent-settings.js,"Mapa, marcadores, waypoint, reset, ferramentas parentais e configurações",1338,1348,ed4a8afabb125093f0698d27accc5f39432d41ec5763a6b59fc139a6a3323e5d,7,5,0,0,0,0,0,0,3,0,5,accountLinked | openModal | openParentTools | openSettings
openSettings,08-map-parent-settings.js,"Mapa, marcadores, waypoint, reset, ferramentas parentais e configurações",1349,1399,c7bf81d9a9a1b7ffc5679bc0cc352418c927c580318873cf9d258757b55b9ed9,28,11,6,0,0,0,0,0,0,0,12,accountStatusText | applyQuality | closeChallengePrompt | closeModal | commitState | hasValidPlayerName | multiplayerStatusText | openAccountCenter | openEducationHub | openModal | openParentGate | openPlayerNameModal | qualityLabel | qualityTier | requestedQuality | returnHome | savePlayerPosition | saveState | stopGame | toast
syncMobilePanels,09-responsive-ar-quality-diagnostics.js,"Responsividade, AR, modos, qualidade, LOD e diagnóstico",1400,1448,1018bae533ef51636a97c9b90f39edd5c0e2700a604a9df67c37ab3e85d1d4d5,4,16,0,0,0,0,0,1,1,2,5,openObjectivesPanel | saveState
otthiGameModelUrl,09-responsive-ar-quality-diagnostics.js,"Responsividade, AR, modos, qualidade, LOD e diagnóstico",1449,1452,f7c7a2f93c24b7f370878a3d4b098216513f22042b849862c939472063b32544,0,0,0,0,0,0,0,0,1,0,0,
androidSceneViewerUrl,09-responsive-ar-quality-diagnostics.js,"Responsividade, AR, modos, qualidade, LOD e diagnóstico",1453,1462,cab02aabd5229fb88a788ea44abbf8bdf2d20757ece3f8b267735909b0c5502e,1,0,0,0,0,0,0,0,1,0,0,otthiGameModelUrl
isAndroidDevice,09-responsive-ar-quality-diagnostics.js,"Responsividade, AR, modos, qualidade, LOD e diagnóstico",1463,1466,678de1182e5967fe30b5c3b7f13a9490a40a04cf4abd60ada3ce860df2e16fcf,0,0,0,0,0,0,0,0,1,0,0,
openAndroidSceneViewer,09-responsive-ar-quality-diagnostics.js,"Responsividade, AR, modos, qualidade, LOD e diagnóstico",1467,1508,6806cbd916992573ad9fe96ce42b95d058eb95a57819da0697bcb512a15b0e3a,5,5,0,0,0,0,0,2,4,0,3,androidSceneViewerUrl | isAndroidDevice | openModal | toast
detectStableAutoTier,09-responsive-ar-quality-diagnostics.js,"Responsividade, AR, modos, qualidade, LOD e diagnóstico",1509,1528,3fb386a76806d4faa90d797e83ef8bf10cc014e7822ede70c2c7a67352dbf9ad,0,2,0,0,0,0,0,0,3,0,1,
vehiclePlayerMode,09-responsive-ar-quality-diagnostics.js,"Responsividade, AR, modos, qualidade, LOD e diagnóstico",1529,1535,1792c94b6399f34da58d2cf3f75dd256e5182d19eb4c34a3127f964307300a55,0,3,0,0,0,0,0,0,4,0,3,
derivePlayerMode,09-responsive-ar-quality-diagnostics.js,"Responsividade, AR, modos, qualidade, LOD e diagnóstico",1536,1546,d8b5fd0b569697623a12545bb257179feff1ae20eec0f4969575d01672d2901e,1,8,0,0,0,0,0,0,9,0,4,vehiclePlayerMode
auditPlayerMode,09-responsive-ar-quality-diagnostics.js,"Responsividade, AR, modos, qualidade, LOD e diagnóstico",1547,1562,8fc05ff193a13d267dcca489ab4a80df78c788a169cea00720dbe0951944e714,1,7,0,0,0,0,0,0,1,0,2,derivePlayerMode
isOnFootMode,09-responsive-ar-quality-diagnostics.js,"Responsividade, AR, modos, qualidade, LOD e diagnóstico",1563,1563,fc72998dbfc289b88836e1c46012dbc2f27f9b020ef22bcd147031f3605902e9,1,0,0,0,0,0,0,0,1,0,0,derivePlayerMode
canEnterMobility,09-responsive-ar-quality-diagnostics.js,"Responsividade, AR, modos, qualidade, LOD e diagnóstico",1564,1568,fc74d45ff2a96e8cacfe43b03834e04395ec3f86192e500a3904aec726155c6c,2,1,0,0,0,0,0,0,2,0,0,auditPlayerMode | isOnFootMode
cameraRelativeVector,09-responsive-ar-quality-diagnostics.js,"Responsividade, AR, modos, qualidade, LOD e diagnóstico",1569,1573,d12be657afc2fa5132e5aa2b603d44ad5d7db4f9a464ef9c511c0da48c6bbe95,0,0,0,0,0,0,0,0,1,0,2,
normalizeControlIntent,09-responsive-ar-quality-diagnostics.js,"Responsividade, AR, modos, qualidade, LOD e diagnóstico",1574,1581,044d373a30c759a4f15e259bfcb02422dd5aecb14192afd8cf8100e0004848af,2,2,0,0,0,0,0,0,3,0,3,cameraRelativeVector | derivePlayerMode
requestedQuality,09-responsive-ar-quality-diagnostics.js,"Responsividade, AR, modos, qualidade, LOD e diagnóstico",1582,1582,d6cbed7d979eac236dc2a09405936853236e88b0ace9911cd864446a1866466d,0,0,0,0,0,0,0,0,1,0,1,
qualityLabel,09-responsive-ar-quality-diagnostics.js,"Responsividade, AR, modos, qualidade, LOD e diagnóstico",1583,1583,09565c1bdd89c30d33b5cf9a1b837c8c9fbdfa0a25b2b125628848b220922963,4,0,0,0,0,0,0,0,1,0,4,qualityTier | requestedQuality
qualityTier,09-responsive-ar-quality-diagnostics.js,"Responsividade, AR, modos, qualidade, LOD e diagnóstico",1584,1584,4da09946d0c2be9f662b972f4487eaca4f96ea130cc180ca8064e0a52fe9d7ec,1,0,0,0,0,0,0,0,1,0,2,requestedQuality
targetDpr,09-responsive-ar-quality-diagnostics.js,"Responsividade, AR, modos, qualidade, LOD e diagnóstico",1585,1590,a918b70208511048bc05efb18889aae41dc22b82662a7a268afa713e0b76816e,1,2,0,0,0,0,0,0,3,0,3,qualityTier
applyAdaptiveRenderSettings,09-responsive-ar-quality-diagnostics.js,"Responsividade, AR, modos, qualidade, LOD e diagnóstico",1591,1599,96f45934a3e9dde1a8a7bf14071df12bc4b0bbc4deb55e59fe11e2c1a1ec6cc8,3,4,0,0,0,0,0,0,1,0,5,qualityTier | scheduleStableResize | targetDpr
samplePerformance,09-responsive-ar-quality-diagnostics.js,"Responsividade, AR, modos, qualidade, LOD e diagnóstico",1600,1619,248858d88334f422d014cf624e048900517c00567ca0d4c8b7fa5d587122454a,7,6,2,0,0,0,0,0,2,0,7,applyAdaptiveRenderSettings | lockStableSceneVisibility | requestedQuality | saveState | toast
lockStableSceneVisibility,09-responsive-ar-quality-diagnostics.js,"Responsividade, AR, modos, qualidade, LOD e diagnóstico",1620,1626,aa6a9a3cc7146442a1f4815d91b8263c0f4462908d0910fe0a0776531498abc3,3,4,0,0,0,3,0,0,0,0,4,qualityTier
freezeWorldFrustumCulling,10-player-skills.js,"Escala, Mini/Normal/Grande, abaixar, girar e domínio de skills",1627,1641,37bb43dc6750c8bfe27e25925676095554ee86c5686ce7fefeeb395eeaf54d7b,0,4,1,0,0,0,0,1,2,0,3,
updateVisualLOD,10-player-skills.js,"Escala, Mini/Normal/Grande, abaixar, girar e domínio de skills",1642,1649,aac85c6145b813251274da6e2957ff381360dd2595e387e7126ff6a7cef4d976,0,2,0,0,0,1,0,0,1,0,0,
pwaInstalled,10-player-skills.js,"Escala, Mini/Normal/Grande, abaixar, girar e domínio de skills",1650,1650,8c49a1e05e1b0af685b5d6910e282829fcf633a1b23627a9f4babfa3c63efa94,0,0,0,0,0,0,0,0,1,0,0,
activeVehicleCount,10-player-skills.js,"Escala, Mini/Normal/Grande, abaixar, girar e domínio de skills",1651,1651,fa30c1c01b737aa69666712d7253fe7c4e85ee61349239649817441c3e5cc59f,0,0,0,0,0,0,0,0,1,0,10,
runtimeDiagnostics,10-player-skills.js,"Escala, Mini/Normal/Grande, abaixar, girar e domínio de skills",1652,1655,9d6d73c821162ebb5688bbff79495da1d4a9de892b6bd9cb870a5120c8578346,3,0,0,0,0,0,0,0,1,0,8,activeVehicleCount | auditPlayerMode | pwaInstalled
ensureTechnicalPanel,10-player-skills.js,"Escala, Mini/Normal/Grande, abaixar, girar e domínio de skills",1656,1658,6be0ea4968930800f444a7b88b4bd25dfa2816c07a479e4bd749cd46c6157ff8,1,1,0,0,0,0,0,0,2,0,0,toggleTechnicalPanel
refreshTechnicalPanel,10-player-skills.js,"Escala, Mini/Normal/Grande, abaixar, girar e domínio de skills",1659,1659,ae019e6d3e91561316ef448deb8cb1e3156a50cbbd67b207edfe84df3dd41b3e,3,1,0,0,0,0,0,0,1,0,8,ensureTechnicalPanel | qualityTier | runtimeDiagnostics
toggleTechnicalPanel,10-player-skills.js,"Escala, Mini/Normal/Grande, abaixar, girar e domínio de skills",1660,1660,fbf79cd28092fa353c51ad6219dbf8350adb74ff343bab827a3febf77f8b7eb7,2,1,0,0,0,0,0,0,0,0,1,ensureTechnicalPanel | refreshTechnicalPanel
initTechnicalPanel,10-player-skills.js,"Escala, Mini/Normal/Grande, abaixar, girar e domínio de skills",1661,1665,fd6a9e8bc7593964217103c68f588e372dbf92f904ec3e3470da2be2a1387121,2,2,0,0,0,0,0,0,0,0,1,toggleTechnicalPanel
playerScaleValue,10-player-skills.js,"Escala, Mini/Normal/Grande, abaixar, girar e domínio de skills",1666,1668,5815e7ad5d228b3f24130b5bb6d4f980eaf2f6920c925f201626ff675cb7436c,0,0,0,0,0,0,0,0,1,0,2,
skillReady,10-player-skills.js,"Escala, Mini/Normal/Grande, abaixar, girar e domínio de skills",1669,1669,f651222a6039695ce52bee0344619aa208807ea4001fc3d654915974f09c2352,1,1,0,0,0,0,0,0,2,0,0,toast
recordAdvancedSkill,10-player-skills.js,"Escala, Mini/Normal/Grande, abaixar, girar e domínio de skills",1670,1675,98c9968c6d57e9f3d5b3038eb4cfd1c6e6e80d7826115b803c296d7b6746ba78,4,0,0,0,0,1,0,0,0,0,0,advanceAdventure | saveState | trackDaily | updateAbilityUI
collectCrystal,10-player-skills.js,"Escala, Mini/Normal/Grande, abaixar, girar e domínio de skills",1676,1678,c7a44894ae68393f9c648afb9cff6cd3959ef778339412ae131f1f3077af1c13,9,1,0,0,0,0,0,0,2,0,0,addCoins | addXP | beep | checkActiveJob | evaluateMissions | saveState | toast | trackDaily | vibrate
syncPlayerRootScale,10-player-skills.js,"Escala, Mini/Normal/Grande, abaixar, girar e domínio de skills",1679,1688,4cb830f8f6d798486f0df2bf8ed1bba2ca700da510f10b175ea996908c0a557d,1,2,0,0,0,0,0,0,2,0,1,playerScaleValue
setScaleMode,10-player-skills.js,"Escala, Mini/Normal/Grande, abaixar, girar e domínio de skills",1689,1708,f523f3eeba32415214dfe3eb3def188fe0453c38ae9f1d3aa1e85f3b0d893775,21,10,2,0,0,2,0,0,7,0,2,beep | damageEnemy | recordAdvancedSkill | saveState | skillReady | spawnDust | toast | trackDaily | updateAbilityUI | vibrate
toggleCrouch,11-render-materials-player-model.js,"Texturas, materiais, geometria, personagem e avatar 3D",1709,1718,1ef8bb44a84c7198d5712ff67b784ece34b6c1e70db886f7c2033db2fc0acb21,11,3,0,0,0,0,0,0,3,0,2,beep | playerDisplayName | recordAdvancedSkill | saveState | skillReady | toast | updateAbilityUI
spinPlayer,11-render-materials-player-model.js,"Texturas, materiais, geometria, personagem e avatar 3D",1719,1725,79e944e72f906c16eedbed0924de0d7d20997e73577a48a0520023ad26fcd82c,7,3,0,0,0,2,0,0,1,0,1,addXP | beep | collectCrystal | damageEnemy | recordAdvancedSkill | skillReady | toast
updateAbilityUI,11-render-materials-player-model.js,"Texturas, materiais, geometria, personagem e avatar 3D",1726,1732,97454a6906495269794f04008b301ee806151c1df0793f76dfbfd9ea2f436762,0,2,0,0,0,2,0,0,0,0,11,
canvasTexture,11-render-materials-player-model.js,"Texturas, materiais, geometria, personagem e avatar 3D",1733,1769,6b8c319eeaebeb46ff42aed9ac4b1acb0a9b09dad72f82d7df7cd5b275ab5746,0,11,9,0,0,24,0,0,2,0,8,
professionalTexture,11-render-materials-player-model.js,"Texturas, materiais, geometria, personagem e avatar 3D",1770,1775,c6a67e986ad587bcf0e755b38f5de122f5ca0b80a4858d4489d686d1eb8809ff,1,1,1,0,0,0,0,0,1,0,6,canvasTexture
initMaterials,11-render-materials-player-model.js,"Texturas, materiais, geometria, personagem e avatar 3D",1776,1821,192c5b14062b50ae2b737c5181ee4822b734d84dab98e7dea626b194e4318da4,23,0,0,0,0,0,0,0,0,0,0,canvasTexture | professionalTexture
mat,11-render-materials-player-model.js,"Texturas, materiais, geometria, personagem e avatar 3D",1822,1827,83ef3a7b4384e05d4506c2cf94cf7f3a7ab67dd686e222145d81e8330b90d45f,0,0,0,0,0,0,0,0,1,0,12,
geometryKey,11-render-materials-player-model.js,"Texturas, materiais, geometria, personagem e avatar 3D",1828,1828,8e425407cc95b9403e59cd02664269b57db099940bd81deaecb992a5c8466ec5,0,0,0,0,0,0,0,0,1,0,0,
sharedBoxGeometry,11-render-materials-player-model.js,"Texturas, materiais, geometria, personagem e avatar 3D",1829,1833,6b2bc99f53de1d3663a52f4a30358711d3f267142ae2398c4a9a078d17ce30af,1,1,0,0,0,0,0,0,1,0,0,geometryKey
sharedCylinderGeometry,11-render-materials-player-model.js,"Texturas, materiais, geometria, personagem e avatar 3D",1834,1838,b5cae645dd52bfb65ce5a7983d0f2003fd42385869b90c1492a45c32ef1a4c9b,1,1,0,0,0,0,0,0,1,0,0,geometryKey
renderMat,11-render-materials-player-model.js,"Texturas, materiais, geometria, personagem e avatar 3D",1839,1844,90664c4a09044bc99752c7833f21e4e6af9a00a8e9363999b38dc4f695de8bc1,1,1,0,0,0,0,0,0,1,0,13,mat
tintedBrickMaterial,11-render-materials-player-model.js,"Texturas, materiais, geometria, personagem e avatar 3D",1845,1847,4e74e5600ba4998a2bc55eddd2bd1309f646d8b0d03a64e5cdbe022debfee259,0,0,0,0,0,0,0,0,1,0,0,
texturedRoofMaterial,11-render-materials-player-model.js,"Texturas, materiais, geometria, personagem e avatar 3D",1848,1850,ada482881850c4643078291578c69818bdb7692440d46dfa8b225318352dc084,0,1,0,0,0,0,0,0,1,0,0,
addSoftHighlight,11-render-materials-player-model.js,"Texturas, materiais, geometria, personagem e avatar 3D",1851,1855,2bd8698893616d5bee850a560d9881a076690734094ee9395f96a83d815838ed,1,0,0,0,0,0,0,0,1,0,0,sharedBoxGeometry
box,11-render-materials-player-model.js,"Texturas, materiais, geometria, personagem e avatar 3D",1856,1860,864a29c5a4f0beb52f5d9a10e4747aa058b82b2073c19554876a2a6ee2b95d06,2,0,0,0,0,0,0,0,1,0,1,mat | sharedBoxGeometry
stabilizeSurface,11-render-materials-player-model.js,"Texturas, materiais, geometria, personagem e avatar 3D",1861,1861,063e5c2d7aea4e6483624866ae0a9bf1783652ff65e090e0c46d45126a726f31,0,1,0,0,0,0,0,0,2,0,0,
stableBox,11-render-materials-player-model.js,"Texturas, materiais, geometria, personagem e avatar 3D",1862,1862,d17297ba89d597581799aeaa3dc6ae21344cd0076828e8ebbaf2e0b6e1082ca1,2,0,0,0,0,0,0,0,1,0,0,box | stabilizeSurface
cylinder,11-render-materials-player-model.js,"Texturas, materiais, geometria, personagem e avatar 3D",1863,1867,0bafae1dab71e7525d92556f3e7a0c2fcb8384965eea1f88aab6d68f4c70ba12,2,0,0,0,0,0,0,0,1,0,1,mat | sharedCylinderGeometry
addGlow,11-render-materials-player-model.js,"Texturas, materiais, geometria, personagem e avatar 3D",1868,1871,5eb86b0da8ba35e4dd6dec6244ca13af4e9ff9ce85ec5db0b84ab599265b5119,0,0,0,0,0,0,0,0,1,0,0,
addVoxelOutline,11-render-materials-player-model.js,"Texturas, materiais, geometria, personagem e avatar 3D",1872,1876,d75a9f47498964220423969b6d87a1d1ee84689d3ba08751dff403cc4fa63d8e,0,1,0,0,0,0,0,0,2,0,2,
premiumBox,11-render-materials-player-model.js,"Texturas, materiais, geometria, personagem e avatar 3D",1877,1879,3356005ccb5b35e1281f40a57cba8e37dbed53e869098e76a89b48a9b374af7a,2,0,0,0,0,0,0,0,1,0,0,addVoxelOutline | box
premiumCylinder,11-render-materials-player-model.js,"Texturas, materiais, geometria, personagem e avatar 3D",1880,1882,0c65c975b63682e41a467880ad98217511ed22dd47434f339435cd6ab3c7fa25,2,0,0,0,0,0,0,0,1,0,0,addVoxelOutline | cylinder
makeWindow,11-render-materials-player-model.js,"Texturas, materiais, geometria, personagem e avatar 3D",1883,1886,96c8320748e636c8b64af95a7c88d276335404ff9bbb7154a288cabdbed7cad8,5,0,0,0,0,0,0,0,1,0,0,mat | premiumBox
makePlanter,11-render-materials-player-model.js,"Texturas, materiais, geometria, personagem e avatar 3D",1887,1890,50113dc7096c7fb694ec333c49bd6157dbea7e0c43ef38e079e0ff99780c80bb,3,0,0,0,0,1,0,0,1,0,0,premiumBox
createPlayerModel,11-render-materials-player-model.js,"Texturas, materiais, geometria, personagem e avatar 3D",1891,1952,1dfcae7153e81b3edf2b179be023e1bb7e9db52bcbb364f98542a742a53fcaca,62,3,0,0,0,2,0,0,0,0,0,addSoftHighlight | addVoxelOutline | box | mat | multiplayerNameTexture | playerDisplayName | refreshEquippedToolVisual | renderMat | sharedCylinderGeometry
loadFaithfulAthosModel,11-render-materials-player-model.js,"Texturas, materiais, geometria, personagem e avatar 3D",1953,1958,966f26f1bd778482cd03feafa29cb2763938b0fe54313dfbebb26eff4dcf6374,0,0,0,0,0,0,0,0,1,0,0,
clearAvatarLayer,11-render-materials-player-model.js,"Texturas, materiais, geometria, personagem e avatar 3D",1959,1964,a41523c69b2d853fc1caf1a88006c76f18919bbe0a00da5d85269d080223ef27,0,1,0,0,0,0,0,0,0,0,1,
applyAvatarCustomization,12-world-resources-nature.js,"Interações do mundo, árvores, rochas, mina, poço, ruas, água e móveis",1965,1996,bd5dabe92b869931b3593035433a6f7d974f7908d06ded69c36b59c4578015b7,34,18,11,0,0,0,0,0,1,0,4,box | clearAvatarLayer | effectiveAvatarUniform | mat
registerCollider,12-world-resources-nature.js,"Interações do mundo, árvores, rochas, mina, poço, ruas, água e móveis",1997,1997,689be4fd2277be1abb76d9b25ef10f060c89dd01a11aecec2175dcf658521dd2,0,0,0,0,0,0,0,0,0,0,0,
registerPlatform,12-world-resources-nature.js,"Interações do mundo, árvores, rochas, mina, poço, ruas, água e móveis",1998,1998,32ed9ea829eef6af389184e521ba3b6396edbcdf1d565d2e4a2b3c24381d599c,0,0,0,0,0,0,0,0,0,0,0,
registerInteractable,12-world-resources-nature.js,"Interações do mundo, árvores, rochas, mina, poço, ruas, água e móveis",1999,1999,0c7bca287f32fbc1d7f2a296644c00a4ee4fc49229ea8f4ca84be1ac14695bce,0,0,0,0,0,0,0,0,1,0,0,
worldPos,12-world-resources-nature.js,"Interações do mundo, árvores, rochas, mina, poço, ruas, água e móveis",2000,2003,89b409add31953c989558e51d96c428151e07a25d43c01437987a6ea62d43e1c,0,1,0,0,0,0,0,0,2,0,0,
isInteractionAvailable,12-world-resources-nature.js,"Interações do mundo, árvores, rochas, mina, poço, ruas, água e móveis",2004,2010,0bc9c4108f8b797886b772ec47fbd9fcb6a35d9a8189e5e1c32db6eae379c4c4,0,2,0,0,0,0,0,0,3,0,0,
ensureFlowerBatch,12-world-resources-nature.js,"Interações do mundo, árvores, rochas, mina, poço, ruas, água e móveis",2011,2024,f5f027138c25b8037b8d0d5446a71c28c09e325c6b35c6eeebc679ffa0e3669b,4,2,0,0,0,0,0,0,1,0,0,renderMat | sharedBoxGeometry
createTree,12-world-resources-nature.js,"Interações do mundo, árvores, rochas, mina, poço, ruas, água e móveis",2025,2043,787d3d516cae40bce814bf2b524e4f85330ca4e7acd5690f98dfe52bb01b6cdd,14,2,0,0,0,0,0,0,1,0,4,box | collectResource | registerInteractable | renderMat
createRock,12-world-resources-nature.js,"Interações do mundo, árvores, rochas, mina, poço, ruas, água e móveis",2044,2047,ce7eff8a0af14966339d8a4499500c78c1bee3b409ba84cbf6466a60272be465,2,1,0,0,0,0,0,0,1,0,0,collectResource | registerInteractable
createGoldFoundry,12-world-resources-nature.js,"Interações do mundo, árvores, rochas, mina, poço, ruas, água e móveis",2048,2055,c6708dcc4c186cd09e7e82c7e0305086d875a690bb590f44918610a525f83e16,13,0,0,0,0,0,0,0,1,0,0,premiumBox | registerCollider | registerInteractable | renderMat | signTexture | texturedRoofMaterial
createGoldMine,12-world-resources-nature.js,"Interações do mundo, árvores, rochas, mina, poço, ruas, água e móveis",2056,2069,e7b1ac3b0eba38871aa219d17900abd1999570c6bf84966c93305906b9460bd8,13,0,0,0,0,2,0,0,1,0,0,collectResource | createLamp | createSignpost | premiumBox | registerInteractable | renderMat
createVillageWell,12-world-resources-nature.js,"Interações do mundo, árvores, rochas, mina, poço, ruas, água e móveis",2070,2078,cd31b0e55f9453c734da0acc22877d7047122c95832aca3e2b327d2cef939e49,10,0,0,0,0,1,0,0,1,0,0,createSignpost | premiumBox | premiumCylinder | registerInteractable
drawWaterFromWell,12-world-resources-nature.js,"Interações do mundo, árvores, rochas, mina, poço, ruas, água e móveis",2079,2083,2bd36712919e8c2ec03acf3fed34f96eee3d20690156cf4a0b734200418e30d0,8,3,0,0,0,0,0,0,2,0,0,addXP | advanceAdventure | playToolAnimation | saveState | toast | updateHUD
createFlower,12-world-resources-nature.js,"Interações do mundo, árvores, rochas, mina, poço, ruas, água e móveis",2084,2093,9c3275826fccc4287fe97662670f766764a5581e0c23c6b90877c8e11caaf1fc,1,2,0,0,0,0,0,0,0,0,0,ensureFlowerBatch
createLamp,12-world-resources-nature.js,"Interações do mundo, árvores, rochas, mina, poço, ruas, água e móveis",2094,2101,5f1e0cae164452e5db6be980217043b63e688b58a46a05a10f28d4e8a02ce46a,7,0,0,0,0,0,0,0,1,0,0,addGlow | box | renderMat
createSignpost,12-world-resources-nature.js,"Interações do mundo, árvores, rochas, mina, poço, ruas, água e móveis",2102,2107,d3558af734a564d1a5c267f0bb71a93fa870e83c018f57c9b3ec25023f6617f4,2,0,0,0,0,0,0,0,1,0,0,box | signTexture
createFenceLine,12-world-resources-nature.js,"Interações do mundo, árvores, rochas, mina, poço, ruas, água e móveis",2108,2111,0fe0e36d1101ebce63218befd8f4aa489253245e55ed66ed3ad84dd7724b8e60,2,0,0,0,0,1,0,0,0,0,0,box
createRoad,12-world-resources-nature.js,"Interações do mundo, árvores, rochas, mina, poço, ruas, água e móveis",2112,2129,50b09b49a0631dab97eb950686b4bcfbb31adf4b90f340c59343716c7de20d48,22,1,1,0,0,2,0,0,0,0,0,renderMat | stableBox
createWater,12-world-resources-nature.js,"Interações do mundo, árvores, rochas, mina, poço, ruas, água e móveis",2130,2130,eb2a5da96717723e61c68de9dfde21da5da0e7f441f13aadc5f4a4eb7a6bcf28,3,0,0,0,0,1,0,0,0,0,0,stableBox
createLava,12-world-resources-nature.js,"Interações do mundo, árvores, rochas, mina, poço, ruas, água e móveis",2131,2132,488eb74e6afa8bb221c815d52c5680836acf4a7334cb55032e0bd7d035bfff56,2,0,0,0,0,0,0,0,1,0,0,mat | stableBox
createFurniture,12-world-resources-nature.js,"Interações do mundo, árvores, rochas, mina, poço, ruas, água e móveis",2133,2194,a03f946ffce4578e04cd678f967d3871456bc206c91b97ce2288d10774185df3,84,16,0,0,0,15,0,0,1,0,0,box | cylinder | premiumBox | premiumCylinder | renderMat | shadeColor
signTexture,13-houses-npcs-vehicles-base.js,"Casas, interiores, NPCs, inimigos, cristais, veículos e academia",2195,2225,14b2d6c3aec2c5d8358c2eb8e498259126d59082d49343faf00404f1f9f65165,0,3,2,0,0,1,1,0,1,0,1,
shadeColor,13-houses-npcs-vehicles-base.js,"Casas, interiores, NPCs, inimigos, cristais, veículos e academia",2226,2231,b46866682ecc5c3c1d2806bec6db8ab7cad9c41e459cbb08a694ffb0edf47ac3,0,0,0,0,0,0,0,0,1,0,0,
decorateHouseCommercial,13-houses-npcs-vehicles-base.js,"Casas, interiores, NPCs, inimigos, cristais, veículos e academia",2232,2248,410ecb92ccd6a9fbad993eea6e704fd121bef5c92e0247006d73c4f2a55a88f1,17,3,1,0,0,1,0,0,0,0,6,addVoxelOutline | box | makePlanter | premiumBox | shadeColor
createHouse,13-houses-npcs-vehicles-base.js,"Casas, interiores, NPCs, inimigos, cristais, veículos e academia",2249,2275,2d994bb813ffbddb0d187f3936d68adfe1c2234ebca225f8ec168724b2953a4e,42,1,0,0,0,1,0,0,1,0,10,box | createFlower | createLamp | decorateHouseCommercial | makeWindow | registerCollider | registerInteractable | renderMat | shadeColor | signTexture | texturedRoofMaterial | tintedBrickMaterial
addHouseInterior,13-houses-npcs-vehicles-base.js,"Casas, interiores, NPCs, inimigos, cristais, veículos e academia",2276,2323,2e873316a39d1d267c0321497127ba2e49956354c2f0b650151435940e1eee97,92,7,6,0,0,11,0,0,0,0,1,addGlow | createFurniture | exitHouse | premiumBox | premiumCylinder | registerActivity | registerInteractable
registerActivity,13-houses-npcs-vehicles-base.js,"Casas, interiores, NPCs, inimigos, cristais, veículos e academia",2324,2327,a44f6dbe286654cbef0e557f6e197ad5cff80e4c1f00b59a258dfdf976ed12ab,3,0,0,0,0,0,0,0,0,0,0,activityIcon | registerInteractable | useActivity
activityIcon,13-houses-npcs-vehicles-base.js,"Casas, interiores, NPCs, inimigos, cristais, veículos e academia",2328,2329,755bba4fb527e7f9f054bdf98c8bc36da440d147ef0e76f522afefc5b344c382,0,0,0,0,0,0,0,0,1,0,0,
createNPC,13-houses-npcs-vehicles-base.js,"Casas, interiores, NPCs, inimigos, cristais, veículos e academia",2330,2348,bab8182d6e4c2e60e308b35df3fdfbd752613370946a30421a7629a00956da48,24,4,1,0,0,2,0,0,1,0,2,addVoxelOutline | box | iconTexture | registerInteractable | renderMat | shadeColor | talkToNPC
createNpcMobility,13-houses-npcs-vehicles-base.js,"Casas, interiores, NPCs, inimigos, cristais, veículos e academia",2349,2362,dad8bfb68bbfea4b2807cfcaec0122e330ab13d73dac43314d4e64acfa1432a8,16,5,3,0,0,4,0,0,3,0,4,addVoxelOutline | nearestRoadProjection | premiumBox | premiumCylinder
createEnemy,13-houses-npcs-vehicles-base.js,"Casas, interiores, NPCs, inimigos, cristais, veículos e academia",2363,2369,c1859891055f97ca57a8dc076d34d01af44b501629bd220a604cc15b4699a609,12,2,2,0,0,0,0,0,1,0,1,box
createCrystal,13-houses-npcs-vehicles-base.js,"Casas, interiores, NPCs, inimigos, cristais, veículos e academia",2370,2373,5a883a496642bc2b822de6088e1581a2dc6cf4d966dc737b44353ca6af9e8912,2,0,0,0,0,0,0,0,0,0,3,addGlow | mat
createChest,13-houses-npcs-vehicles-base.js,"Casas, interiores, NPCs, inimigos, cristais, veículos e academia",2374,2376,ebe1893098e47e40f8a1dd911c425c4a7c3e8cac5ccb48cf2f71a8094d7446f5,4,1,0,0,0,0,0,0,1,0,2,box | openChest | registerInteractable
createPlatform,13-houses-npcs-vehicles-base.js,"Casas, interiores, NPCs, inimigos, cristais, veículos e academia",2377,2377,ba94a9a7c1e28218623c1714c381d129dd0df36d8f12f8fad6418195c50ec245,2,0,0,0,0,0,0,0,0,0,0,box | registerPlatform
vehicleById,13-houses-npcs-vehicles-base.js,"Casas, interiores, NPCs, inimigos, cristais, veículos e academia",2378,2378,eedf603c4c17d1c359e1dd0829955a507252d900e82712f83b247a5c2bd5a332,0,0,0,0,0,0,0,0,1,0,0,
currentVehicleRef,13-houses-npcs-vehicles-base.js,"Casas, interiores, NPCs, inimigos, cristais, veículos e academia",2379,2379,366ba0284cce2e646772bfde71e7529e266600240d6b355dc98535739d7eac06,1,3,0,0,0,0,0,0,4,0,1,vehicleById
applyVehicleAppearance,13-houses-npcs-vehicles-base.js,"Casas, interiores, NPCs, inimigos, cristais, veículos e academia",2380,2383,52b05f230c00ad4e8eba40d463cdc8cc7e0d9ae19b3b8e92dad45d7f4b2ec5bb,0,1,0,0,0,0,0,0,1,0,15,
persistParkedVehicle,13-houses-npcs-vehicles-base.js,"Casas, interiores, NPCs, inimigos, cristais, veículos e academia",2384,2386,454d760706698083c4a43aca723e835ab6a1dbb3378221b911764131f82cb6d4,0,1,0,0,0,0,0,0,1,0,0,
createToyCar,13-houses-npcs-vehicles-base.js,"Casas, interiores, NPCs, inimigos, cristais, veículos e academia",2387,2399,8c7dd41870a05c4f61c4a14fc94aa2462fcbce50137e8ebc0a9c6dcd8c9ac86e,20,2,0,0,0,1,0,0,1,0,22,addVoxelOutline | box | cylinder | enterVehicle | registerInteractable | renderMat
createWaypointMarker,13-houses-npcs-vehicles-base.js,"Casas, interiores, NPCs, inimigos, cristais, veículos e academia",2400,2405,3a64c4e8d2563e97d2c20703f276d380c9cf7ae93956c146d7ba593b7359d8c5,3,0,0,0,0,0,0,0,0,0,0,box | mat | updateWaypointMarker
updateWaypointMarker,13-houses-npcs-vehicles-base.js,"Casas, interiores, NPCs, inimigos, cristais, veículos e academia",2406,2410,e761f037c37b5988b0aa5d2526c6de7ecf26409c70c672a0a645ebccad8ae532,0,2,0,0,0,0,0,0,1,0,0,
createAthleticsGym,13-houses-npcs-vehicles-base.js,"Casas, interiores, NPCs, inimigos, cristais, veículos e academia",2411,2418,4398915c8d3495a05b979eb8bda4a46c1a12990845539c6aff9e445e31a77368,13,0,0,0,0,1,0,0,0,0,0,box | createLamp | openRaceCenter | registerInteractable
createSizeChallenges,14-world-district-decoration.js,"Cogumelos, portais, praça, distrito e decoração urbana",2419,2436,a7ac5d112790985cd17c3ebb653c2626002be73e98a33a9783fd3afc27cb3cc9,24,3,0,0,0,0,0,0,3,0,0,addXP | box | registerInteractable | setFlag | toast
createSkyDome,14-world-district-decoration.js,"Cogumelos, portais, praça, distrito e decoração urbana",2437,2452,bbac7c9a1457131e5deb35c1013b60002c18b6573916de46607f97445097f101,2,0,0,0,0,1,0,0,0,0,0,renderMat | sharedBoxGeometry
updateClouds,14-world-district-decoration.js,"Cogumelos, portais, praça, distrito e decoração urbana",2453,2458,2fa9df2655a9107e843537168f1450e079b2c168435fb51ab6b9b86d83e2a205,0,3,0,0,0,1,0,0,1,0,0,
createVoxelMushroom,14-world-district-decoration.js,"Cogumelos, portais, praça, distrito e decoração urbana",2459,2467,c9e5c4066044849b0743a75272b19b6218e5555269b9b2e44a5c78f7e9b787d1,14,1,0,0,0,0,0,0,1,0,0,addVoxelOutline | box | renderMat | shadeColor
iconTexture,14-world-district-decoration.js,"Cogumelos, portais, praça, distrito e decoração urbana",2468,2470,b96277ca7aa52b96600576ce4b205db91c89d685ee1d1678572b41f8fff55ef6,0,0,0,0,0,0,0,0,1,0,0,
createChallengeCube,14-world-district-decoration.js,"Cogumelos, portais, praça, distrito e decoração urbana",2471,2471,56ca455f70a37c86e21223c7094e9228f7a72e927720e6eba53fa547cffda557,2,0,0,0,0,0,0,0,1,0,0,box | iconTexture
createPortalArch,14-world-district-decoration.js,"Cogumelos, portais, praça, distrito e decoração urbana",2472,2477,4d430445d6313962ac96e14886eced86e8708bf4b2def6b8e594225a158786fd,6,0,0,0,0,1,0,0,1,0,0,addGlow | box | mat
createPlayground,14-world-district-decoration.js,"Cogumelos, portais, praça, distrito e decoração urbana",2478,2481,221b2f2bbf6b47d02b0f25e6438ffe307f6385daa38f3b18088dbff0aedce33e,7,0,0,0,0,1,0,0,1,0,0,box
createFountain,14-world-district-decoration.js,"Cogumelos, portais, praça, distrito e decoração urbana",2482,2482,cf080dec751002f972a0adb427f2f593d78e26d184c8976beb133a184c1c76df,5,0,0,0,0,0,0,0,1,0,0,addGlow | cylinder | mat
createAwning,14-world-district-decoration.js,"Cogumelos, portais, praça, distrito e decoração urbana",2483,2483,19cd0501030fc0c606ce5d9d883736fe2d9dfd05ad41c70fb3ee92883a15ab0b,1,0,0,0,0,1,0,0,1,0,1,box
createStreetTree,14-world-district-decoration.js,"Cogumelos, portais, praça, distrito e decoração urbana",2484,2489,e557de7f3e6a1559dc9dbe3e77042318c13f27a3bff1770b95f4eed81d6d37de,5,0,0,0,0,0,0,0,1,0,0,makePlanter | premiumBox
createBackdropBuilding,14-world-district-decoration.js,"Cogumelos, portais, praça, distrito e decoração urbana",2490,2498,dfc04e1adb494269cb47b95273ba92365c670ba30e8d885e9311bb21691d3f53,11,0,0,0,0,2,0,0,1,0,2,addVoxelOutline | box | renderMat | shadeColor
createFloatingIsland,14-world-district-decoration.js,"Cogumelos, portais, praça, distrito e decoração urbana",2499,2502,c275c1914b022840e1eab24107ea4d9ad5bad5e7942717ddc1f2f9eb0141876f,4,0,0,0,0,1,0,0,1,0,0,addVoxelOutline | mat | premiumBox
createCoinTrail,14-world-district-decoration.js,"Cogumelos, portais, praça, distrito e decoração urbana",2503,2505,75af36af5faeb52de0b60a544700926a5b6f5bcea08f763df0281f4d75195041,1,0,0,0,0,0,0,0,0,0,0,mat
createCommercialDistrict,15-transit-bus-metro.js,"Ônibus, rotas viárias, paradas, metrô e painel de transporte",2506,2514,6e958ef8b45b41e158414ddaf42bcfff22e9deb27054b05ac9206f056ece3a8e,7,0,0,0,0,0,0,0,0,0,0,createBackdropBuilding | createCoinTrail | createFloatingIsland | createStreetTree
createDistrictVisuals,15-transit-bus-metro.js,"Ônibus, rotas viárias, paradas, metrô e painel de transporte",2515,2546,446adcfc7cb5e7a323e810f6a5f5bff2e8421b2891bc59f052165705f36cf5ea,10,0,0,0,0,0,0,0,0,0,0,createAwning | createChallengeCube | createCommercialDistrict | createFountain | createPlayground | createPortalArch | createVoxelMushroom
compactBusPath,15-transit-bus-metro.js,"Ônibus, rotas viárias, paradas, metrô e painel de transporte",2547,2549,a80277380266b39a3fabf16b138ce6f786381dd986d6e82f3c6acb3b99c33352,0,3,0,0,0,1,0,0,1,0,0,
projectedBusPoint,15-transit-bus-metro.js,"Ônibus, rotas viárias, paradas, metrô e painel de transporte",2550,2550,8dfff89c4e15ddd9d49663a45584998e4aa9620fa69dd08eba6ecd7a9323c8cb,1,0,0,0,0,0,0,0,1,0,2,nearestRoadProjection
offsetBusPath,15-transit-bus-metro.js,"Ônibus, rotas viárias, paradas, metrô e painel de transporte",2551,2558,777c21b51755adb0017aeea3eaf0af13e8d6e803ca8c1ba8c0d68f68b761300e,2,2,0,0,0,1,0,0,4,0,0,compactBusPath | pointOnRoad
buildBusRoadPath,15-transit-bus-metro.js,"Ônibus, rotas viárias, paradas, metrô e painel de transporte",2559,2572,9ed29586294a24c7ee6bac0d7f1918cceba0fbdd74a08934d5199077671e44df,8,4,0,0,0,2,0,0,3,0,4,buildRoutePoints | compactBusPath | nearestRoadProjection | offsetBusPath | projectedBusPoint
busRoutePoints,15-transit-bus-metro.js,"Ônibus, rotas viárias, paradas, metrô e painel de transporte",2573,2573,30c1ffe03b7106e54f4f2acff8a024b77204ecf5cf663a5e3850ba3fe88c46c2,0,0,0,0,0,0,0,0,1,0,5,
busNextStop,15-transit-bus-metro.js,"Ônibus, rotas viárias, paradas, metrô e painel de transporte",2574,2574,d496b98f585ef3fac9cdd4f45e28593ae84237611429883c070030118aef6aca,1,1,0,0,0,1,0,0,2,0,1,busRoutePoints
nearestForwardBusSegment,15-transit-bus-metro.js,"Ônibus, rotas viárias, paradas, metrô e painel de transporte",2575,2579,786d71095e557a164263a594d6df48b263d83dcf67ef0fb339577e409770ea43,1,2,0,0,0,1,0,0,2,0,1,projectPointToSegment
recoverBusRoute,15-transit-bus-metro.js,"Ônibus, rotas viárias, paradas, metrô e painel de transporte",2580,2583,0c230fd40a44b73ee0857c6d3a1870875d72ef47c82f726e0b05fd76bfb3dbf1,4,2,0,0,0,0,0,0,2,0,0,busRoutePoints | nearestForwardBusSegment | projectPointToPolyline | setBusState
setBusState,15-transit-bus-metro.js,"Ônibus, rotas viárias, paradas, metrô e painel de transporte",2584,2586,20956ee86ceee7835d28913ae51c06e47c7e19b1171edb8beb47cd3e6f9b1af2,0,1,0,0,0,0,0,0,2,0,0,
setBusWaiting,15-transit-bus-metro.js,"Ônibus, rotas viárias, paradas, metrô e painel de transporte",2587,2589,325ba7be05ccee3078c3b495d9018ad581db79e30f6d82e656d9ee619e04ccff,1,0,0,0,0,0,0,0,1,0,0,saveState
clearBusWaiting,15-transit-bus-metro.js,"Ônibus, rotas viárias, paradas, metrô e painel de transporte",2590,2590,114ffb32dd0b5ca3a75bf50270ab9b63a08d98e73a2a2c189fe710035af12a16,1,1,0,0,0,0,0,0,0,0,0,saveState
restoreBusWaiting,15-transit-bus-metro.js,"Ônibus, rotas viárias, paradas, metrô e painel de transporte",2591,2591,cca4bd082d229451f808bb4c2664e0e943909914318538dd1d76e98ebc05fc95,0,2,0,0,0,0,0,0,3,0,2,
busStopRecord,15-transit-bus-metro.js,"Ônibus, rotas viárias, paradas, metrô e painel de transporte",2592,2592,8b723af77ee82378dbd2023df358e8eb3b605bdc0c792355a5148815f6715503,0,0,0,0,0,0,0,0,1,0,2,
safeBusExitPoint,15-transit-bus-metro.js,"Ônibus, rotas viárias, paradas, metrô e painel de transporte",2593,2598,41ef280d9bd6d84bd0d3df2e4119b220295fbab7298ec1eeed3f25e57f0a961a,4,1,0,0,0,0,0,0,2,0,3,busStopRecord | groundHeightAt | positionBlockedForPlayer | safePointNear
createMetroEntrance,15-transit-bus-metro.js,"Ônibus, rotas viárias, paradas, metrô e painel de transporte",2599,2607,53ecad131875d6a4c5230901027ef8ecf2d5148fff8b413c77c41f0121275123,11,0,0,0,0,2,0,0,1,0,0,iconTexture | openMetroStation | premiumBox | registerInteractable
ensureMetroOverlay,15-transit-bus-metro.js,"Ônibus, rotas viárias, paradas, metrô e painel de transporte",2608,2610,a00a19ec9ba4d6e9561b6713a30b84df532b076a1124fd74bced2b7a29e265f6,0,1,0,0,0,0,0,0,2,0,0,
openMetroStation,15-transit-bus-metro.js,"Ônibus, rotas viárias, paradas, metrô e painel de transporte",2611,2615,5caddd88bfe4ab3c703394361f717832ac427f5b1d6576d5e2816eb4373d24fc,3,2,0,0,0,0,0,0,1,0,4,openModal | rideMetroTo | toast
rideMetroTo,15-transit-bus-metro.js,"Ônibus, rotas viárias, paradas, metrô e painel de transporte",2616,2629,94dc2bf590dd5a64eacf5416e98106cecc824f665a6b9a0b05a91e3410cc9abf,15,9,0,0,0,0,0,0,3,0,6,advanceAdventure | auditPlayerMode | canEnterMobility | clearMovementInputs | closeModal | ensureMetroOverlay | rememberSafePlayerPosition | safePointNear | saveState | setFlag | toast | trackDaily | updateContext | updateNavigation
ensureBusStop,15-transit-bus-metro.js,"Ônibus, rotas viárias, paradas, metrô e painel de transporte",2630,2633,e266e4ea43705e909a1e80ccf231fbca2b00f4287bdad019079ce39dd6ac6f96,6,2,0,0,0,0,0,0,2,0,2,iconTexture | openBusStop | premiumBox | registerInteractable
busSpawnIndex,15-transit-bus-metro.js,"Ônibus, rotas viárias, paradas, metrô e painel de transporte",2634,2636,9dbcde54f340d38206a0841093d7a9997640f2e99f123f9264a56a97aed4d1a0,2,2,0,0,0,1,0,0,2,0,2,pointOnRoad | trafficActorList
createBusModel,15-transit-bus-metro.js,"Ônibus, rotas viárias, paradas, metrô e painel de transporte",2637,2659,9cd51c860350e12c9bc58241c13e1058839571dc683c6983014c06e453768419,37,2,0,0,0,9,0,0,1,0,5,buildBusRoadPath | busSpawnIndex | ensureBusStop | enterBus | premiumBox | premiumCylinder | registerInteractable | renderMat | signTexture
createTransitWorld,15-transit-bus-metro.js,"Ônibus, rotas viárias, paradas, metrô e painel de transporte",2660,2660,36cc6654de85ff6e897e0b25f13edc061ff3560b69033f8bb6ff15571a21c53c,3,0,0,0,0,1,0,0,0,0,0,createBusModel | restoreBusWaiting | validateBusCoverage
busAtStop,15-transit-bus-metro.js,"Ônibus, rotas viárias, paradas, metrô e painel de transporte",2661,2661,f518a393f802650d80941be03d8aba066dbca259734a907f23833f677feb5480,0,0,0,0,0,0,0,0,1,0,0,
busEtaSeconds,15-transit-bus-metro.js,"Ônibus, rotas viárias, paradas, metrô e painel de transporte",2662,2662,436d28c24cfb1195a0071066d5d30194b10ea1a4ea5f8272676b45dec759b568,2,3,0,0,0,1,0,0,4,0,0,busAtStop | busRoutePoints
validateBusCoverage,15-transit-bus-metro.js,"Ônibus, rotas viárias, paradas, metrô e painel de transporte",2663,2663,53d74c331e49b8f24096c6999bc6d3ee42a50afb99ba6817c02cb1a413d3026a,0,1,0,0,0,1,0,0,0,0,0,
busDestinationsAfter,15-transit-bus-metro.js,"Ônibus, rotas viárias, paradas, metrô e painel de transporte",2664,2666,8fbc94db18c7d5d72dae58c96b3c57f9d43f342680ca20ed236c9278230f2c67,0,1,0,0,0,1,0,0,1,0,3,
openBusArrivalOffer,15-transit-bus-metro.js,"Ônibus, rotas viárias, paradas, metrô e painel de transporte",2667,2676,f5cea807ab514aeefda96e677e9f326096ce5afb7d1d0d5bc8e13b98cacb8986,13,2,0,0,0,0,0,0,3,0,1,busAtStop | busDestinationsAfter | clearBusWaiting | closeModal | enterBus | openModal | setBusState | setBusWaiting | toast
offerBusAtStop,15-transit-bus-metro.js,"Ônibus, rotas viárias, paradas, metrô e painel de transporte",2677,2683,149318579f2d0756b7f647e761843f6a94f16d921bbefa433ef611c68b4fa257,2,6,1,0,0,0,0,0,4,0,0,busAtStop | openBusArrivalOffer
openBusStop,15-transit-bus-metro.js,"Ônibus, rotas viárias, paradas, metrô e painel de transporte",2684,2695,7e70f86274e4a5a9d2d232c8ed8fa3386bf54139afdba641622e7bb90c3ee0e3,19,0,0,0,0,0,0,0,1,0,13,busAtStop | busEtaSeconds | clearBusWaiting | closeModal | openBusArrivalOffer | openModal | setBusWaiting | toast
ensureTransitPanel,15-transit-bus-metro.js,"Ônibus, rotas viárias, paradas, metrô e painel de transporte",2696,2698,c8ae96e73810252c6d5a679f4ac18bfe1296e2f07232b0b64f9931da2bd646e1,2,2,0,0,0,0,0,0,3,0,0,toast | updateTransitPanel
updateTransitPanel,15-transit-bus-metro.js,"Ônibus, rotas viárias, paradas, metrô e painel de transporte",2699,2701,a5ba1a811cc18268f7fc79c8beb00c2f2e336f89425f89e1342086a71e4531aa,2,1,0,0,0,0,0,0,1,0,2,busNextStop | ensureTransitPanel
enterBus,15-transit-bus-metro.js,"Ônibus, rotas viárias, paradas, metrô e painel de transporte",2702,2712,6bdf2ea8c3781882b47555c7d4ae809c5f009aee00f99598464d61c7ddee5717,15,8,0,0,0,0,0,0,4,0,0,auditPlayerMode | busAtStop | canEnterMobility | clearBusWaiting | clearMovementInputs | closeModal | saveState | setBusState | toast | updateTransitPanel
exitBusAtStop,15-transit-bus-metro.js,"Ônibus, rotas viárias, paradas, metrô e painel de transporte",2713,2721,7995242e7f2dfbdbf221aa35554ac91354194f4cbb31299504ce0e7798a6bceb,14,7,0,0,0,0,0,0,2,0,4,advanceAdventure | auditPlayerMode | busAtStop | busStopRecord | rememberSafePlayerPosition | safeBusExitPoint | saveState | setBusState | setFlag | toast | trackDaily | updateContext | updateTransitPanel
updateTransitWorld,15-transit-bus-metro.js,"Ônibus, rotas viárias, paradas, metrô e painel de transporte",2722,2764,91887b0ebb5a9542d11358682d3e67738ffcd82a064e0cb594481fa74cd1dde9,22,30,10,0,0,2,0,0,0,0,5,busRoutePoints | exitBusAtStop | offerBusAtStop | pointOnRoad | recoverBusRoute | setBusState | trafficSpeedFactor
decorateCityServices,16-emergency-services.js,"Bombeiros, incêndios, polícia, ambulância, segurança e incidentes",2765,2781,2cc607cfd919c009c4ade704904222cce0a452aaee13c026ebb3c638e9eb9f18,15,1,0,0,0,5,0,0,0,0,1,iconTexture | premiumBox | premiumCylinder | updateTransitPanel
createFireIncidentSite,16-emergency-services.js,"Bombeiros, incêndios, polícia, ambulância, segurança e incidentes",2782,2785,5bf060cca8cc6bb9a3d50f26bff50d54e8911eb0fdaa55daf6de3898475a490d,4,0,0,0,0,2,0,0,1,0,4,helpExtinguishFire | registerInteractable | renderMat
createFireTruck,16-emergency-services.js,"Bombeiros, incêndios, polícia, ambulância, segurança e incidentes",2786,2791,a7c5a61301ea89026dc800ce047490090217c1bd1e13f06b96401cb004901a3f,17,0,0,0,0,3,0,0,1,0,0,premiumBox | premiumCylinder | renderMat
createFireServiceWorld,16-emergency-services.js,"Bombeiros, incêndios, polícia, ambulância, segurança e incidentes",2792,2792,8625331cbe780b9d987281ddd9f54da989deead0126fda4b9df6d7a5d95150cf,2,0,0,0,0,0,0,0,0,0,0,createFireTruck
activateFireIncident,16-emergency-services.js,"Bombeiros, incêndios, polícia, ambulância, segurança e incidentes",2793,2793,09537b2784fddaff67c4dac976454616ff09913fd5b2da116b0f6681c4ff42bd,2,2,0,0,0,0,0,0,3,0,1,saveState | toast
ensureActiveFire,16-emergency-services.js,"Bombeiros, incêndios, polícia, ambulância, segurança e incidentes",2794,2794,f8398a4ac42c580e966167bbbf3cf24e2e925a2208fe40375cdb9e566663829e,1,0,0,0,0,0,0,0,1,0,1,activateFireIncident
helpExtinguishFire,16-emergency-services.js,"Bombeiros, incêndios, polícia, ambulância, segurança e incidentes",2795,2795,28d963165e0c13de3d1390b2afb1e76f023eb6128aa42b93dde71bb945f76a13,5,3,0,0,0,1,0,0,2,0,1,extinguishFireIncident | spawnDust | toast
extinguishFireIncident,16-emergency-services.js,"Bombeiros, incêndios, polícia, ambulância, segurança e incidentes",2796,2796,effd32673508df6c3529a5044341bb7e00f35d73f6d914622b7390e0b51afb3f,6,5,0,0,0,1,0,0,1,0,5,addXP | completeActiveJob | saveState | toast | updateNavigation | updateWaypointMarker
serviceVehicleRoute,16-emergency-services.js,"Bombeiros, incêndios, polícia, ambulância, segurança e incidentes",2797,2797,4c05fafed8a077dbdfa3bb9f8495f6bacd8fa75c75c65046beb1bbe71d9b24de,1,1,0,0,0,0,0,0,1,0,0,buildRoutePoints
moveServiceVehicle,16-emergency-services.js,"Bombeiros, incêndios, polícia, ambulância, segurança e incidentes",2798,2798,a32942ec55eb60b3d9612ac4c36c4e9c807439e7962181985d71bf7d5f2bb965,3,5,0,0,0,1,0,0,5,0,0,serviceVehicleRoute | snapTrafficToRoad | trafficSpeedFactor
updateFireService,16-emergency-services.js,"Bombeiros, incêndios, polícia, ambulância, segurança e incidentes",2799,2804,c445830554df3bdf1d4517ce5ff85c6126f1913c7969805d842f839b39c664c4,5,12,1,0,0,2,0,0,1,0,1,activateFireIncident | extinguishFireIncident | moveServiceVehicle | spawnDust
createPoliceCar,16-emergency-services.js,"Bombeiros, incêndios, polícia, ambulância, segurança e incidentes",2805,2813,c000dcc3fcce81a96c544a46da4da0cab9b5f9d7a9bf29e448e9dd05661afb6b,18,1,0,0,0,1,0,0,1,0,0,addVoxelOutline | iconTexture | premiumBox | premiumCylinder | renderMat
createAmbulance,16-emergency-services.js,"Bombeiros, incêndios, polícia, ambulância, segurança e incidentes",2814,2820,0e0ee206ba264d05d1e75d24a3b85db49624aeaa7df1cafa90b26205e70558f3,15,0,0,0,0,1,0,0,1,0,0,premiumBox | premiumCylinder | renderMat
createPoliceSystem,16-emergency-services.js,"Bombeiros, incêndios, polícia, ambulância, segurança e incidentes",2821,2825,786d7cd89e0f9af7893191007832030e46277c33925153d76425d7ed97b1e3d0,3,0,0,0,0,0,0,0,0,0,0,createAmbulance | createPoliceCar
movePoliceToward,16-emergency-services.js,"Bombeiros, incêndios, polícia, ambulância, segurança e incidentes",2826,2829,207d900863df9f68d2834838bd23d35301dd8dc7445acb9f651353d40724b894,2,3,0,0,0,1,0,0,3,0,0,snapTrafficToRoad | trafficSpeedFactor
updatePolicePatrol,16-emergency-services.js,"Bombeiros, incêndios, polícia, ambulância, segurança e incidentes",2830,2832,51f3253245f2cab18151014c9de5f5e7bd75cd194f36945a49f450ba95ae228f,1,1,0,0,0,0,0,0,0,0,0,movePoliceToward
updateSafetyPanel,16-emergency-services.js,"Bombeiros, incêndios, polícia, ambulância, segurança e incidentes",2833,2835,22e65434e886046bfac572a7b444f8df23429c4e9efad94b49113efe7489b4ab,0,2,0,0,0,0,0,0,1,0,0,
startPoliceAlert,16-emergency-services.js,"Bombeiros, incêndios, polícia, ambulância, segurança e incidentes",2836,2840,79cda731e02b23fab452570dfaf75aa67f7583d790c0d417365f39d154291068,3,2,0,0,0,0,0,0,3,0,0,saveState | toast | updateSafetyPanel
finishSafetyStop,16-emergency-services.js,"Bombeiros, incêndios, polícia, ambulância, segurança e incidentes",2841,2844,f0165be37f5531374820c116f2de6af4c0637082bf67e7d3b2510bfa07b53c14,6,2,0,0,0,0,0,0,1,0,2,clearMovementInputs | exitVehicle | groundHeightAt | openSafetyLesson | saveState | updateSafetyPanel
openSafetyLesson,16-emergency-services.js,"Bombeiros, incêndios, polícia, ambulância, segurança e incidentes",2845,2854,e452c190b91998f1280992a5895a47f55622a0e2640c1b0ea637fe85ed67a6b7,7,1,0,0,0,0,0,0,0,0,8,addReputation | addXP | awardMedal | closeModal | openModal | saveState | toast
updatePoliceSystem,16-emergency-services.js,"Bombeiros, incêndios, polícia, ambulância, segurança e incidentes",2855,2876,93f407c1f512993430aca1f8f191cb36e73eed599a0a1f748a7b693963ee4489,8,12,3,0,0,2,0,0,0,0,4,finishSafetyStop | movePoliceToward | npcSpeech | startPoliceAlert | updatePolicePatrol | updateSafetyPanel
moveIncidentResponder,17-adventures-learning-world.js,"Castelo, aventuras, desafios e praça educacional",2877,2882,35a6d8648297aa33bca6878dd2f74bf6e96c1ed16d09bea25ec524610ade5b4a,3,6,0,0,0,1,0,0,5,0,1,buildRoutePoints | snapTrafficToRoad | trafficSpeedFactor
createTrafficIncident,17-adventures-learning-world.js,"Castelo, aventuras, desafios e praça educacional",2883,2890,70ca79df69fe607d18146cb9bf2deda911b0450d5004bea989bbbf4652c2b311,7,7,0,0,0,3,0,0,2,0,8,nearestRoadProjection | premiumBox | premiumCylinder | renderMat | saveState | toast
resolveTrafficIncident,17-adventures-learning-world.js,"Castelo, aventuras, desafios e praça educacional",2891,2893,a9f0fbdf60494091922ea480c0fb71a4327be95cba779ab14fb68950216c7c97,2,5,0,0,0,4,0,0,1,0,0,saveState | toast
updateTrafficIncidents,17-adventures-learning-world.js,"Castelo, aventuras, desafios e praça educacional",2894,2906,cb1963209eef4d3114561483671ba353cb94ea4ee65bc0d00e78cdc0daf0e827,6,8,0,0,0,6,0,0,3,0,2,createTrafficIncident | moveIncidentResponder | resolveTrafficIncident | trafficActorList
openTransitGuide,17-adventures-learning-world.js,"Castelo, aventuras, desafios e praça educacional",2907,2910,533c9fb62605e7c441bc9ad506a6f46e60af12d2dfed40f4ac8ac0987396f40b,2,0,0,0,0,0,0,0,0,0,0,openModal | setWaypoint
createRoyalCastle,17-adventures-learning-world.js,"Castelo, aventuras, desafios e praça educacional",2911,2936,c3b62af72ab038e7a4dc9a37fc582bc209a05e61b25abc7e692d311922527fc0,55,0,0,0,0,10,0,0,1,0,4,addGlow | createCastleChallengeTokens | createSignpost | exitHouse | mat | premiumBox | premiumCylinder | registerInteractable | renderMat | toast
createCastleChallengeTokens,18-water-fishing-boats.js,"Água, câmera e animação da pesca, barco e física náutica",2937,2939,b97f364c0ca6714b14b3e11d6c1a111145c07797b2d5269000e5e496bb295f1d,1,0,0,0,0,0,0,0,1,0,0,mat
openAdventureHub,18-water-fishing-boats.js,"Água, câmera e animação da pesca, barco e física náutica",2940,2942,bb014fd0e19e69d63142b12dce24854ec24763ba912a77c7463f495655a89770,2,0,0,0,0,0,0,0,0,0,6,openModal | startAdventure
startAdventure,18-water-fishing-boats.js,"Água, câmera e animação da pesca, barco e física náutica",2943,2945,83c37355ae35e963b0d92142c650a0001e1e77613d017cf118f2aee9c6cdf18b,5,3,0,0,0,1,0,0,3,0,2,closeModal | saveState | setWaypoint | toast
restoreActiveAdventure,18-water-fishing-boats.js,"Água, câmera e animação da pesca, barco e física náutica",2946,2951,22a7568d52c33a36dffee06bccb71790decb726735fa3c7d19c95ec6992fc463,0,2,0,0,0,1,0,0,2,0,5,
advanceAdventure,18-water-fishing-boats.js,"Água, câmera e animação da pesca, barco e física náutica",2952,2954,3ee1f91a926e155fa3dde4b950744fc93ac90ecafad5d9f42a2a8d63ea4a22cd,3,3,1,0,0,0,0,0,2,0,0,beep | finishAdventure | saveState
finishAdventure,18-water-fishing-boats.js,"Água, câmera e animação da pesca, barco e física náutica",2955,2957,a12e99e3d2dbf92c52ad09595bd1954eb672078e1ea9ca06335660663ee1bcd0,8,4,1,0,0,1,0,0,1,0,0,addCoins | addReputation | addXP | awardMedal | saveState | setFlag | toast
updateAdventure,18-water-fishing-boats.js,"Água, câmera e animação da pesca, barco e física náutica",2958,2960,afd62e0fdb42955f05e183b8d2c9f4180dad1623aa93670cdb453e681db8349c,2,6,0,0,0,1,0,0,2,0,0,advanceAdventure | finishAdventure
createLearningStation,18-water-fishing-boats.js,"Água, câmera e animação da pesca, barco e física náutica",2961,2963,2dd2463b23d23e89f48026bc83b81632773bcc8b013b08c681c6dd2df6b4e13a,6,0,0,0,0,0,0,0,1,0,0,iconTexture | mat | openEducationHub | premiumBox | registerInteractable
createLearningPlaza,18-water-fishing-boats.js,"Água, câmera e animação da pesca, barco e física náutica",2964,2970,f5097438c3608c005728f4742617e19a4fbdaa7afb4a0b2d0f249617f40c2c3e,4,0,0,0,0,0,0,0,0,0,0,createLearningStation | createSignpost
rectOverlap,18-water-fishing-boats.js,"Água, câmera e animação da pesca, barco e física náutica",2971,2971,fcaacb521af3ecd98b469100fb0aa71fbfdc1d0ba1cb32864e9ae1bedb0bce05,0,0,0,0,0,0,0,0,1,0,0,
insideWater,18-water-fishing-boats.js,"Água, câmera e animação da pesca, barco e física náutica",2972,2972,628cba99c90a19a2a200d25c92244b90194bc0f1579808ab8163a177a50f7b6f,0,0,0,0,0,0,0,0,1,0,0,
waterAt,18-water-fishing-boats.js,"Água, câmera e animação da pesca, barco e física náutica",2973,2973,18502266f88b1834e6537bb7517854627d2aa6abf6bd7ea0c94ca43009322bef,1,0,0,0,0,0,0,0,1,0,0,insideWater
isInsideLakeNavigable,18-water-fishing-boats.js,"Água, câmera e animação da pesca, barco e física náutica",2974,2974,c60d883833c19ac17faea9b72cdda7f4e4740fd14bd9e4878ec47ca7d528704a,0,0,0,0,0,0,0,0,1,0,0,
isNearFishingArea,18-water-fishing-boats.js,"Água, câmera e animação da pesca, barco e física náutica",2975,2975,4ec73ede01868681cb89112f5c73d3ec5753b77269fb0bb24c781d0c7d8dee5b,0,0,0,0,0,0,0,0,1,0,0,
resolveWaterWalking,18-water-fishing-boats.js,"Água, câmera e animação da pesca, barco e física náutica",2976,2978,06f1e25240db72df2962604786cb8fb1c345c9d9e2900b42236d13407197dfb9,3,3,0,0,0,0,0,0,2,0,0,groundHeightAt | toast | waterAt
distanceToBoatDock,18-water-fishing-boats.js,"Água, câmera e animação da pesca, barco e física náutica",2979,2979,d8c8938ee1e32112f3d4f9957cbadc6c2ad8b5d44021d793c426e6a1f4db0e43,0,0,0,0,0,0,0,0,1,0,0,
validBoatExit,18-water-fishing-boats.js,"Água, câmera e animação da pesca, barco e física náutica",2980,2980,5c2b6bd65e0f37400c562e114b9773728698cbb6cd4f396ae8146c4e07677dd8,1,0,0,0,0,0,0,0,1,0,0,distanceToBoatDock
safeBoatExitPoint,18-water-fishing-boats.js,"Água, câmera e animação da pesca, barco e física náutica",2981,2982,ddc7c604b66a800d7b6d9947f4f01ad78956509ee6f1b38352c807379c834e06,0,0,0,0,0,0,0,0,1,0,0,
ensureFishingVisual,18-water-fishing-boats.js,"Água, câmera e animação da pesca, barco e física náutica",2983,2996,ffbb8552902765aeeeaa9997ad3ed5d01f3760973bafea2d1d5f0e0f52534c44,8,1,0,0,0,0,0,0,2,0,0,renderMat
setFishingLine,18-water-fishing-boats.js,"Água, câmera e animação da pesca, barco e física náutica",2997,2997,cf7ade312d3e10d632ecb5433c39a02ebaa1746fe3608c6c9cbbd91ea1c0171c,0,1,0,0,0,0,0,0,1,0,0,
fishingCastTarget,18-water-fishing-boats.js,"Água, câmera e animação da pesca, barco e física náutica",2998,3004,c59ea1dceed358ec088055db9e1a79b950647eb0c150b22b8fa509058c8a56fd,1,2,1,0,0,0,0,0,1,0,1,isInsideLakeNavigable
beginFishingVisual,18-water-fishing-boats.js,"Água, câmera e animação da pesca, barco e física náutica",3005,3018,424bcb866b9f8c92934d8ad97897a63daab22a5d78b9b924074dbe16269f0f68,3,2,0,0,0,0,0,0,1,0,0,ensureFishingVisual | fishingCastTarget | setFishingLine
castFishingVisual,18-water-fishing-boats.js,"Água, câmera e animação da pesca, barco e física náutica",3019,3019,6be58a4dfe1fbab36cadbc5aa335719b61f796f783ab7f4a74f0c9815bf4afc3,3,1,0,0,0,0,0,0,1,0,1,beep | ensureFishingVisual | fishingCastTarget
hookFishingVisual,18-water-fishing-boats.js,"Água, câmera e animação da pesca, barco e física náutica",3020,3020,dfaf496f2516e789f3e93dc1159d68fff7efd1e332d1f74c4e143c69ff1cfd41,0,1,0,0,0,0,0,0,1,0,1,
pullFishingVisual,18-water-fishing-boats.js,"Água, câmera e animação da pesca, barco e física náutica",3021,3021,11e4f51f816a46e0e9c9b6a2c5c2c6876ab965fabffd4c783ecef8a4023588f8,0,1,0,0,0,0,0,0,1,0,3,
restoreFishingCamera,18-water-fishing-boats.js,"Água, câmera e animação da pesca, barco e física náutica",3022,3025,08cc41e571a4ee609105ed16279b5db1fd81cd88e2eedf1d9f65b4b650768768,0,1,0,0,0,0,0,0,1,0,0,
stopFishingVisual,18-water-fishing-boats.js,"Água, câmera e animação da pesca, barco e física náutica",3026,3032,03f32f29c2536bb86b9644c9f576a69938949e134119d4340bbac3f39359241e,3,4,1,0,0,0,0,0,2,0,0,restoreFishingCamera | setFishingUiActive
clearFishingTimers,18-water-fishing-boats.js,"Água, câmera e animação da pesca, barco e física náutica",3033,3033,7d1d72683929e2f642510702a3c453868f33e0ca1da584d3f7d1db76292d91c7,0,1,0,0,0,0,0,0,1,0,0,
setFishingUiActive,18-water-fishing-boats.js,"Água, câmera e animação da pesca, barco e física náutica",3034,3038,16316f10f15ca2d97f70d60581b3500991822cdc5cd8b027e52ed1d2e02b4ac6,2,1,0,0,0,0,0,0,0,0,2,scheduleStableResize | syncMobilePanels
cancelFishingSession,18-water-fishing-boats.js,"Água, câmera e animação da pesca, barco e física náutica",3039,3039,e9c36489da12a5e0384fb83283f8210457b0a585233ac36346dc6e1946a06ac8,2,0,0,0,0,0,0,0,0,0,0,clearFishingTimers | stopFishingVisual
ensureFishingModalStyle,18-water-fishing-boats.js,"Água, câmera e animação da pesca, barco e física náutica",3040,3050,94b54fad2aee6e773057a6ddf8ebcfb63acd3dfce837e19f7328b72906e6d8d2,0,1,0,0,0,0,0,0,1,0,0,
updateFishingVisual,18-water-fishing-boats.js,"Água, câmera e animação da pesca, barco e física náutica",3051,3061,8a3f543b7108ccc86f132c119d57cd36762a9f974ac89528bd01551e92fe6d16,2,11,6,0,0,0,0,0,1,0,1,setFishingLine | stopFishingVisual
createShoreFisher,18-water-fishing-boats.js,"Água, câmera e animação da pesca, barco e física náutica",3062,3067,90eb0b54d936af048dc247751a903589bd93b47ae4fa76e1982fd4db79d1612a,3,0,0,0,0,0,0,0,1,0,0,createNPC | premiumCylinder | renderMat
createShoreFishingLife,19-campfire-hunting-house-extensions.js,"Fogueira, caça, animais e ampliações de casas",3068,3072,19f6efb165644898a4db104d094345e34841ebf5ce4702752645f49aee80a94a,1,1,0,0,0,0,0,0,1,0,0,createShoreFisher
updateShoreFishers,19-campfire-hunting-house-extensions.js,"Fogueira, caça, animais e ampliações de casas",3073,3076,3b20f43fe959689a37894c5705b1d98fa32e98c1efb536267f7f1fb38eacfa01,0,3,0,0,0,1,0,0,0,0,4,
createBoatModel,19-campfire-hunting-house-extensions.js,"Fogueira, caça, animais e ampliações de casas",3077,3081,2dc2fbfc25e28981c391018dd5dc70fd3964502ccd52be105edb107dcec42b7c,12,0,0,0,0,0,0,0,0,0,2,premiumBox | registerInteractable | renderMat
ensureBoatPanel,19-campfire-hunting-house-extensions.js,"Fogueira, caça, animais e ampliações de casas",3082,3084,b92ba7205ba691d8e785a37db9732dc7f16593c80e9e6d020224f5e0d312ee70,2,1,0,0,0,0,0,0,2,0,0,exitBoat | startFishing
updateBoatPanel,19-campfire-hunting-house-extensions.js,"Fogueira, caça, animais e ampliações de casas",3085,3094,e2cb5eb95cdf6dfe36e64a0dafc51c0d7128eb0f63b3aea211828dc0776f992e,11,8,0,0,0,0,0,0,6,0,3,auditPlayerMode | boardNpcPassenger | canEnterMobility | ensureBoatPanel | exitVehicle | nearestRideCompanion | saveState | toast | updateVehicleControlsUI
enterBoatAsPassenger,19-campfire-hunting-house-extensions.js,"Fogueira, caça, animais e ampliações de casas",3095,3102,5d0b1da716866212f78833fb28bfaa3e14d4115e1169375c22b68f43bd6cfc2b,9,4,0,0,0,0,0,0,4,0,3,auditPlayerMode | canEnterMobility | exitVehicle | saveState | toast | updateBoatPanel | updateVehicleControlsUI
exitBoat,20-world-build-cloud-houses.js,"Construção do mundo, recursos, baús, casas em nuvem e interiores",3103,3110,667f4aa50a126d73671a280b39307328b87c15ec9124aaf2446f4f3f612f9414,11,7,1,0,0,0,0,0,3,0,6,auditPlayerMode | groundHeightAt | releaseNpcPassenger | rememberSafePlayerPosition | safeBoatExitPoint | saveState | toast | updateBoatPanel | updateVehicleControlsUI | validBoatExit
updateBoatPhysics,20-world-build-cloud-houses.js,"Construção do mundo, recursos, baús, casas em nuvem e interiores",3111,3111,5668b234af08346ee058d4353aaadfb0c46f07a4666dc17fd00ffe683c9d27e0,0,0,0,0,0,0,0,0,0,0,0,
campfireAllowed,20-world-build-cloud-houses.js,"Construção do mundo, recursos, baús, casas em nuvem e interiores",3112,3113,bf78875cb44746a20482b0a8d043c1cf25ec3da58b4718a50a0e79a1ed2d5b74,4,7,0,0,0,0,0,0,7,0,2,exitBoat | rectOverlap | toast | waterAt
spawnCampfire,20-world-build-cloud-houses.js,"Construção do mundo, recursos, baús, casas em nuvem e interiores",3114,3119,a700cebdf2e36e705836980456787c3ca48d18f83da9e8273bcd196dbf37a5e8,5,2,1,0,0,1,0,0,1,0,4,mat | mobilityThrottleIntent | openCampfire | premiumCylinder | registerInteractable
nearestActiveCampfire,20-world-build-cloud-houses.js,"Construção do mundo, recursos, baús, casas em nuvem e interiores",3120,3123,f189e7a0944ff83fa47c3c87f496c05de36ec86f4ef863add029b08bb32d62dd,8,5,0,0,0,0,0,0,4,0,5,campfireAllowed | confirmModal | saveState | spawnCampfire | toast | updateMobilityControlLabels
finishCampfireCooking,20-world-build-cloud-houses.js,"Construção do mundo, recursos, baús, casas em nuvem e interiores",3124,3124,5a8277aec60fdf34ab57b1f4860e94bb0222215227024d26675c8e4b833fb354,3,1,0,0,0,0,0,0,1,0,3,beep | saveState | toast
constrainBoat,20-world-build-cloud-houses.js,"Construção do mundo, recursos, baús, casas em nuvem e interiores",3125,3125,2c6325750820686271c90e71f80b0fcb54f7814e765587961a9c9bba00cf20b1,1,3,0,0,0,0,0,0,1,0,0,isInsideLakeNavigable
openCampfire,20-world-build-cloud-houses.js,"Construção do mundo, recursos, baús, casas em nuvem e interiores",3126,3126,2583d384e82f063ee1431ebb09508f6a9b1bc4085730bf149d922698497d4055,2,1,0,0,0,0,0,0,1,0,4,openModal | toast
weightedFish,20-world-build-cloud-houses.js,"Construção do mundo, recursos, baús, casas em nuvem e interiores",3127,3128,8a4e316e3876fe7fb87516b4915cdcc05ac74b2ae2bb5c7556f03a1aed010ab0,9,4,0,0,0,1,0,0,5,0,3,closeModal | confirmModal | finishCampfireCooking | openCampfire | saveState | toast | updateHUD
startFishing,20-world-build-cloud-houses.js,"Construção do mundo, recursos, baús, casas em nuvem e interiores",3129,3131,d6b0bf020497acff9863526cdeb6206cb67f0a00802912b8362afa444bebb960,7,6,0,0,0,0,0,0,6,0,0,isNearFishingArea | toast
openNearestCampfire,20-world-build-cloud-houses.js,"Construção do mundo, recursos, baús, casas em nuvem e interiores",3132,3133,e9fe70491db068cce9d9940639badffb0a88ae6da97f662095aafabd2c6ea5af,7,1,1,0,0,0,0,0,0,0,1,beginFishingVisual | ensureFishingModalStyle | nearestActiveCampfire | openCampfire | openModal | setFishingUiActive | toast
openCampfireZone,20-world-build-cloud-houses.js,"Construção do mundo, recursos, baús, casas em nuvem e interiores",3134,3135,384e00d3900aa375041fb0c13b4f1960a53686c4430aa51851175cd80b61b047,4,1,1,0,0,0,0,0,0,0,0,closeModal | nearestActiveCampfire | openCampfire | openModal
createCampfireZone,20-world-build-cloud-houses.js,"Construção do mundo, recursos, baús, casas em nuvem e interiores",3136,3137,192a9677e503ab897f40ab418b2e291915badfd9134a0627661b3e3406f3011b,3,0,0,0,0,1,0,0,0,0,0,createSignpost | premiumBox | registerInteractable
createForestAnimal,20-world-build-cloud-houses.js,"Construção do mundo, recursos, baús, casas em nuvem e interiores",3138,3139,9dda6a2707c01955a0ce62d7f4fe380ff0c8e37f86eb0a363acaa68a98f20992,13,5,0,0,0,2,0,0,4,0,1,beep | cancelFishingSession | castFishingVisual | hookFishingVisual | premiumBox | pullFishingVisual | saveState | stopFishingVisual | vibrate
startHunting,20-world-build-cloud-houses.js,"Construção do mundo, recursos, baús, casas em nuvem e interiores",3140,3141,f7690c46d31b5dfd679b2b5bea363b457b17e23bced0f863ad172b4b3225cfa2,20,9,1,0,0,0,0,0,4,0,3,addCoins | addXP | beep | clearFishingTimers | closeModal | openModal | pullFishingVisual | saveState | stopFishingVisual | toast | vibrate | weightedFish
createHuntingArea,20-world-build-cloud-houses.js,"Construção do mundo, recursos, baús, casas em nuvem e interiores",3142,3143,f3ec9291069b256534f2b290a3e93a7b1d6906c7073d08765569131a7dd16a8a,6,0,0,0,0,1,0,0,0,0,0,createForestAnimal | createSignpost | premiumBox | registerInteractable | startHunting
nearestOwnedHouseForExtension,20-world-build-cloud-houses.js,"Construção do mundo, recursos, baús, casas em nuvem e interiores",3144,3145,27fc23183b348c0f01bc582d36ac12ad2e04abf4e542355bc14f455509cf11f2,0,0,0,0,0,0,0,0,1,0,1,
extensionPlacement,20-world-build-cloud-houses.js,"Construção do mundo, recursos, baús, casas em nuvem e interiores",3146,3146,afd95024a6b3cb0bd38b32c08d500b259d58709d871fe654e8a3a839af60a4ca,0,0,0,0,0,0,0,0,1,0,3,
extensionValid,20-world-build-cloud-houses.js,"Construção do mundo, recursos, baús, casas em nuvem e interiores",3147,3147,edea76831ebfaae2da9b2f8ad6200d529785ce0bae2e6e1a2a87ce33544fa433,4,6,0,0,0,1,0,0,6,0,0,rectOverlap
clearExtensionPreview,20-world-build-cloud-houses.js,"Construção do mundo, recursos, baús, casas em nuvem e interiores",3148,3148,3227d743a5926051a2014c85c6719bc32479e3cb303ce566243db98240845a08,0,2,0,0,0,0,0,0,0,0,4,
renderExtensionPreview,20-world-build-cloud-houses.js,"Construção do mundo, recursos, baús, casas em nuvem e interiores",3149,3149,d4893acdd1e627bfa9a4f5ec5855905b5de025a44b5bd2d655e5bfae6e3b3e9d,1,3,0,0,0,1,0,0,1,0,5,extensionValid
spawnHouseExtension,20-world-build-cloud-houses.js,"Construção do mundo, recursos, baús, casas em nuvem e interiores",3150,3150,4f836dc5bcbea5b9b9a9843922fd8d25c0cb76fb29b2f855d3523bf27fe82e73,11,1,0,0,0,0,0,0,1,0,1,playerDisplayName | premiumBox | registerInteractable | registerPlatform | shadeColor | toast
resourcesEnough,20-world-build-cloud-houses.js,"Construção do mundo, recursos, baús, casas em nuvem e interiores",3151,3151,78c727e3c347537370e6f050f7d5e3a8a2d76199d6740dc3c179067ee129f52d,0,0,0,0,0,0,0,0,1,0,0,
costText,20-world-build-cloud-houses.js,"Construção do mundo, recursos, baús, casas em nuvem e interiores",3152,3152,9aa5e0dd68849a850bb96af5da55e6cb91d6912a99f273bc9955cda21521c7ad,0,0,0,0,0,0,0,0,1,0,2,
openHouseExtensionPlanner,20-world-build-cloud-houses.js,"Construção do mundo, recursos, baús, casas em nuvem e interiores",3153,3153,e981997b25c28f038f2f8e8d846aa3ff1b37a5cb190ba419629709220b4a09d5,22,3,0,0,0,1,0,0,3,0,4,clearExtensionPreview | closeModal | costText | extensionPlacement | extensionValid | nearestOwnedHouseForExtension | openModal | playerDisplayName | renderExtensionPreview | resourcesEnough | saveState | spawnHouseExtension | toast
openHouseExtensionMenu,20-world-build-cloud-houses.js,"Construção do mundo, recursos, baús, casas em nuvem e interiores",3154,3154,22817009ec8e5f7267f0fb81dc84b8fb4ae58ae97bebec9a678d0643dd9827c3,4,0,0,0,0,0,0,0,0,0,0,closeModal | costText | openHouseExtensionPlanner | openModal
createLakeExpansion,20-world-build-cloud-houses.js,"Construção do mundo, recursos, baús, casas em nuvem e interiores",3155,3159,03f85c7dea30fb41a764f7fd74bfc1799e6eeaa6ec13b072c706ab5304575083,10,0,0,0,0,3,0,0,0,0,0,createBoatModel | createShoreFishingLife | createSignpost | premiumBox | premiumCylinder | registerInteractable | registerPlatform | startFishing
restoreLifeExpansion,20-world-build-cloud-houses.js,"Construção do mundo, recursos, baús, casas em nuvem e interiores",3160,3160,9c9b416fb7e119a14adbf3fe2f2fe3f1e2411f81c6c5a3576e78f652de13f07a,3,2,0,0,0,2,0,0,0,0,0,finishCampfireCooking | spawnCampfire | spawnHouseExtension
updateLifeActivities,20-world-build-cloud-houses.js,"Construção do mundo, recursos, baús, casas em nuvem e interiores",3161,3161,03ac44677bb7c165424466c1ff15b1818eeeb77dcc510b10a0581e7656cbe215,2,5,0,0,0,1,0,0,1,0,0,finishCampfireCooking | updateShoreFishers
createLifeExpansionWorld,20-world-build-cloud-houses.js,"Construção do mundo, recursos, baús, casas em nuvem e interiores",3162,3163,50e4690567e5e9806402008fe7248640fddbde9bd1d747401100919caf943a87,5,2,0,0,0,1,0,0,0,0,0,applyCloudWorldObjects | createCampfireZone | createHuntingArea | createLakeExpansion | restoreLifeExpansion
buildWorld,20-world-build-cloud-houses.js,"Construção do mundo, recursos, baús, casas em nuvem e interiores",3164,3226,a21537fe806ad9c2064fe1db8126e71227d0767f7c35ecab7604417e7c4f157c,111,4,0,0,0,9,0,0,0,0,4,addHouseInterior | box | createAthleticsGym | createChest | createCrystal | createDistrictVisuals | createEnemy | createFenceLine | createFireServiceWorld | createFlower | createGoldFoundry | createGoldMine | createHouse | createLamp | createLava | createLearningPlaza | createLifeExpansionWorld | createNPC | createNpcMobility | createPlatform | createPoliceSystem | createRoad | createRock | createRoyalCastle | createSignpost | createSizeChallenges | createSkyDome | createToyCar | createTransitWorld | createTree | createVillageWell | createWater | createWaypointMarker | decorateCityServices | playerDisplayName | reconcileWorldBuilds | registerInteractable | registerPlatform | restoreActiveAdventure | saveState | stableBox | updateBridgeVisual
collectResource,20-world-build-cloud-houses.js,"Construção do mundo, recursos, baús, casas em nuvem e interiores",3227,3236,46f1a483799bc6bb64d3b76434fb3adddb9808fe19b1781e2ce8fcffbe4054de,12,3,0,0,0,0,0,0,3,0,11,addXP | advanceAdventure | beep | checkActiveJob | evaluateMissions | playToolAnimation | saveState | toast | trackDaily | vibrate
openChest,20-world-build-cloud-houses.js,"Construção do mundo, recursos, baús, casas em nuvem e interiores",3237,3243,27f1e89b5b73567418971113e26b37d5b8aeba0d5c79f36015b9635039e12106,7,2,0,0,0,0,0,0,1,0,4,addCoins | addXP | evaluateMissions | saveState | setFlag | toast
cloudHouseRecord,21-interactions-shop-social-races.js,"Atividades, mercado, oficina, amizades, NPCs e corridas",3244,3244,ad796473a80c0150af807a6dc1005fc46a2dc2bf02647d8b9b461326753e4711,0,0,0,0,0,0,0,0,1,0,0,
isMyCloudHouse,21-interactions-shop-social-races.js,"Atividades, mercado, oficina, amizades, NPCs e corridas",3245,3245,8608e89b0572635b5e0d336870a93b88832384bffd94d524608a357ab90cc3ea,0,0,0,0,0,0,0,0,1,0,1,
reconcileCloudHouses,21-interactions-shop-social-races.js,"Atividades, mercado, oficina, amizades, NPCs e corridas",3246,3275,b7cbbc0b6fed118732524f76a69e8e23abc95b10467b4c554ac3579d11e3edbe,28,15,1,0,0,1,0,0,11,0,14,addCoins | awardMedal | closeModal | cloudHouseRecord | confirmModal | enterHouse | isMyCloudHouse | openModal | saveState | setFlag | startRace | toast
enterHouse,21-interactions-shop-social-races.js,"Atividades, mercado, oficina, amizades, NPCs e corridas",3276,3287,5c837e4165571283377bb0749176cc1306e1e14be44f2b204816e8202a233df4,11,5,1,0,0,6,0,0,2,0,3,auditPlayerMode | canEnterMobility | clearMovementInputs | rememberSafePlayerPosition | safePointNear | savePlayerPosition | setFlag | toast | updateCamera | updateContext
exitHouse,21-interactions-shop-social-races.js,"Atividades, mercado, oficina, amizades, NPCs e corridas",3288,3299,f13ca32c43546191289bf0bd9c6268f581af0b758dcd36ea1a03c9757f0a188a,6,4,1,0,0,6,0,0,2,0,6,auditPlayerMode | clearMovementInputs | rememberSafePlayerPosition | safePointNear | savePlayerPosition | toast
openHomeChest,21-interactions-shop-social-races.js,"Atividades, mercado, oficina, amizades, NPCs e corridas",3300,3308,df10cf0b384725c9d0778f533e30ea11c9a40dfe962236d011dac095af4d82de,6,2,0,0,0,0,0,0,2,0,0,openModal | playerDisplayName | saveState | toast
useActivity,21-interactions-shop-social-races.js,"Atividades, mercado, oficina, amizades, NPCs e corridas",3309,3336,e31b83cb129ff80042e3f42fe217678d8f1291799e2d85a5415c8faf89f10056,39,19,15,0,0,0,0,0,2,0,2,addXP | closeModal | openAvatarStudio | openEducationHub | openFireStationDesk | openHomeChest | openModal | openSafetyLesson | openShop | openTeacherJobLesson | openWorkshop | playerDisplayName | saveState | setFlag | toast | trackDaily | updateHUD
openShop,21-interactions-shop-social-races.js,"Atividades, mercado, oficina, amizades, NPCs e corridas",3337,3342,b825d1329c5e41c55903d953ba97304f06078dc5325a6951b918d18ba41f25b1,7,1,0,0,0,0,0,0,1,0,0,addCoins | addXP | closeModal | openModal | saveState | toast
openWorkshop,21-interactions-shop-social-races.js,"Atividades, mercado, oficina, amizades, NPCs e corridas",3343,3351,a070a2ec30a74afd003d43553c419c5ad19cd8f4244e27c46234e54ff7d8bc9b,16,3,0,0,0,0,0,0,3,0,0,addCoins | addXP | closeModal | openModal | saveState | toast
friendshipTier,21-interactions-shop-social-races.js,"Atividades, mercado, oficina, amizades, NPCs e corridas",3352,3352,d7e496dfef5b5b15ed489c4d09807c0ecc3279d266c2405d1e0623acf769746e,0,0,0,0,0,0,0,0,1,0,3,
changeFriendship,21-interactions-shop-social-races.js,"Atividades, mercado, oficina, amizades, NPCs e corridas",3353,3357,217ae8aafd438b68cd588af1b63191b410eb771dc68416bcd87715099cde88aa,6,2,0,0,0,0,0,0,0,0,0,addReputation | addXP | evaluateMissions | saveState | setFlag | toast
talkToNPC,21-interactions-shop-social-races.js,"Atividades, mercado, oficina, amizades, NPCs e corridas",3358,3405,5e77718b54fd6b4dee1b7599f5649ca4229bf5632a71c277819bb4604eb0e0f2,49,25,18,0,0,0,0,0,1,0,8,addCoins | addReputation | changeFriendship | closeModal | completeActiveJob | friendshipTier | openHouseChallenge | openJobCenter | openModal | saveState | setFlag | startRace | toast | trackDaily | triggerEmote | updateHUD
openHouseChallenge,21-interactions-shop-social-races.js,"Atividades, mercado, oficina, amizades, NPCs e corridas",3406,3412,c3becc7c2316240ceb9806b8b929ede772d46993e24be33f295b0d38eeaf46ff,4,1,0,0,0,0,0,0,1,0,1,closeModal | openModal | startRace | toast
openRaceCenter,21-interactions-shop-social-races.js,"Atividades, mercado, oficina, amizades, NPCs e corridas",3413,3418,f4d7e4fb8c6c4ee7b27e1de5a710e1aad9c3dce4756fc385c7d731017a7e2f47,3,0,0,0,0,0,0,0,0,0,1,closeModal | openModal | startRace
createRaceOpponent,22-careers-jobs-uniforms.js,"Carreiras, estados de missão, uniformes, professor, bombeiro e entrega",3419,3421,94042431fc753f3bb835f2d60c8863342032bf004f00a8dbeea1fd407aa66c38,4,0,0,0,0,0,0,0,1,0,1,box
clearRaceObjects,22-careers-jobs-uniforms.js,"Carreiras, estados de missão, uniformes, professor, bombeiro e entrega",3422,3426,3522ba0b6a43fc2a7519e2097b08a67baf3dd600399e44488f30087e3328e853,0,1,0,0,0,1,0,0,0,0,1,
spawnRaceCoins,22-careers-jobs-uniforms.js,"Carreiras, estados de missão, uniformes, professor, bombeiro e entrega",3427,3432,81db13d2d0e6ddae096f815c85c99bb59b250bec34eaa0ec546a10810ff87ecc,1,0,0,0,0,1,0,0,0,0,1,cylinder
startRace,22-careers-jobs-uniforms.js,"Carreiras, estados de missão, uniformes, professor, bombeiro e entrega",3433,3443,ad4dcfc362f1641c57483529e32652454480ebdf2ec141369f2d22e9053e41df,8,4,0,0,0,0,0,0,2,0,5,createRaceOpponent | exitHouse | saveState | spawnRaceCoins | toast | updateWaypointMarker
finishRace,22-careers-jobs-uniforms.js,"Carreiras, estados de missão, uniformes, professor, bombeiro e entrega",3444,3453,ba27e8d69613624fe83efc0c1dc622aab35413fd288245cdc6a3b814a0aab4ab,14,4,1,0,0,0,0,0,1,0,3,addCoins | addReputation | addXP | awardMedal | clearRaceObjects | evaluateMissions | saveState | setFlag | toast | trackDaily | updateWaypointMarker
updateRace,22-careers-jobs-uniforms.js,"Carreiras, estados de missão, uniformes, professor, bombeiro e entrega",3454,3483,4de85ec436c4d15b535cb4de1c03813f48b662202d5109ca1948253a2d5e5da9,7,12,4,0,0,1,0,0,2,0,0,beep | finishRace
setMissionState,22-careers-jobs-uniforms.js,"Carreiras, estados de missão, uniformes, professor, bombeiro e entrega",3484,3484,f5fb75120bcbb31f827cf50fedeebc45e01477a7dc1f369da52c8485c3311982,0,2,0,0,0,0,0,0,3,0,0,
equipJobUniform,22-careers-jobs-uniforms.js,"Carreiras, estados de missão, uniformes, professor, bombeiro e entrega",3485,3489,2b2f56e1b9415532b58ede9d0917e706cfffc79aeeca48300eced3cd910e5c8b,2,1,0,0,0,0,0,0,1,0,1,applyAvatarCustomization | saveState
focusActiveJob,22-careers-jobs-uniforms.js,"Carreiras, estados de missão, uniformes, professor, bombeiro e entrega",3490,3509,de076889c9c069a8da4dfd07927475d45e5cfc5e7b13735cf3ad488127f1b6ef,23,13,6,0,0,0,0,0,5,0,1,applyAvatarCustomization | buildRoutePoints | closeModal | confirmModal | ensureActiveFire | exitHouse | saveState | setMissionState | setWaypoint | toast | updateMissionHUD | updateNavigation | updateWaypointMarker
activeJobProgress,22-careers-jobs-uniforms.js,"Carreiras, estados de missão, uniformes, professor, bombeiro e entrega",3510,3521,0fb8603d9fcee0b10d2f89a24a0e5f465910367e6c39809adeaabb24c9ce2c60,0,8,0,0,0,0,0,0,9,0,17,
openJobCenter,22-careers-jobs-uniforms.js,"Carreiras, estados de missão, uniformes, professor, bombeiro e entrega",3522,3530,c85ed95ed6983e7ab7fadb55f47361af5086902efe24ff538cd4e963699a5a5a,5,0,0,0,0,0,0,0,0,0,6,activeJobProgress | equipJobUniform | openModal | startJob | toast
startJob,23-vehicle-effects-driving.js,"Poeira, som, efeitos, controles, direção, passageiros e ponte",3531,3541,d73caa4df02eba174cc5d81570ca13580046cafb4ce7d28196be331e6c63ff8a,9,6,2,0,0,0,0,0,2,0,1,ensureActiveFire | equipJobUniform | exitHouse | focusActiveJob | saveState | setMissionState | toast | updateMissionHUD
completeActiveJob,23-vehicle-effects-driving.js,"Poeira, som, efeitos, controles, direção, passageiros e ponte",3542,3555,90dea754a9bea197695c1d3da20a9f8ae3237a08f60c41fe9b375c3a98079761,10,8,0,0,0,0,0,0,3,0,2,applyAvatarCustomization | evaluateMissions | saveState | setFlag | setMissionState | toast | updateHUD | updateMissionHUD | updateWaypointMarker
checkActiveJob,23-vehicle-effects-driving.js,"Poeira, som, efeitos, controles, direção, passageiros e ponte",3556,3563,92ad433cf15a2825fbb1acf1078f4fdc64354ac97596681879de774b0ab4012d,3,4,2,0,0,0,0,0,1,0,0,completeActiveJob
restoreActiveJobRuntime,23-vehicle-effects-driving.js,"Poeira, som, efeitos, controles, direção, passageiros e ponte",3564,3566,e2e235343f9fe11be2605f4f2dde8652ce9eebe6862996b5bf8c84f47c1a69e3,3,3,0,0,0,0,0,0,1,0,1,applyAvatarCustomization | ensureActiveFire | updateMissionHUD
updateCareerMissions,23-vehicle-effects-driving.js,"Poeira, som, efeitos, controles, direção, passageiros e ponte",3567,3577,250816d971dded26bb17e46cc3b84a4b68ef4e986497f7095da9995639cee931,14,11,5,0,0,0,0,0,2,0,16,activeJobProgress | beep | checkActiveJob | completeActiveJob | saveState | setMissionState | setWaypoint | toast | updateMissionHUD | updateWaypointMarker
openTeacherJobLesson,23-vehicle-effects-driving.js,"Poeira, som, efeitos, controles, direção, passageiros e ponte",3578,3581,c4e43259d38f874a40c74d3470b22b961ecb1016eaae26596eb7ebf0fb34c8bc,6,1,0,0,0,0,0,0,1,0,3,addXP | closeModal | completeActiveJob | openModal | toast
openFireStationDesk,23-vehicle-effects-driving.js,"Poeira, som, efeitos, controles, direção, passageiros e ponte",3582,3593,ec85308c24f3b6b7fa51d720cdc5ea0ffbbdbf1d71612d60917bdc60d0a92a31,15,6,0,0,0,0,0,0,2,0,6,buildRoutePoints | closeModal | ensureActiveFire | equipJobUniform | exitHouse | focusActiveJob | openModal | startJob | toast | updateWaypointMarker
startDeliveryJob,23-vehicle-effects-driving.js,"Poeira, som, efeitos, controles, direção, passageiros e ponte",3594,3598,44b57178688386fdfaf311ca3e579dde719c1e4789717b776e44c29dfdd0cdd6,3,1,0,0,0,0,0,0,1,0,0,saveState | toast
spawnDust,23-vehicle-effects-driving.js,"Poeira, som, efeitos, controles, direção, passageiros e ponte",3599,3604,f8da402962ec252bb8bc68a87e76b2d3711b90728b7c205df05057577395398d,0,1,0,0,0,0,0,0,0,0,0,
updateFX,23-vehicle-effects-driving.js,"Poeira, som, efeitos, controles, direção, passageiros e ponte",3605,3614,8e4e2ade863b8685105a4372cecb9cedc3470f5c62c16a7a0c5d0357880dc407,0,1,0,0,0,1,0,0,0,0,0,
startEngineSound,23-vehicle-effects-driving.js,"Poeira, som, efeitos, controles, direção, passageiros e ponte",3615,3625,c543651a02254b2eb90b0865d91963517b593fdc10fd8fbeac1b60d05231d849,0,2,0,0,0,0,0,1,2,0,0,
stopEngineSound,23-vehicle-effects-driving.js,"Poeira, som, efeitos, controles, direção, passageiros e ponte",3626,3630,27ec89392c4487188c2dbf1b3a559be2029a47d8bce8a4876f4c341401833f20,0,1,0,0,0,0,0,1,1,0,0,
updateVehicleFX,23-vehicle-effects-driving.js,"Poeira, som, efeitos, controles, direção, passageiros e ponte",3631,3655,2bc387f3ac5e95bd15d8a9157a0e404f1c84a0174f0f7073b7a7ef8a91cc3d7d,7,12,2,0,0,0,0,1,2,0,3,beep | spawnDust | sprintRequested | startEngineSound | stopEngineSound
mobilityDriverActive,24-construction-system.js,"Custos, propriedade, preview, validação, colocação, remoção e reconciliação",3656,3656,89f8795fcc24f79cf587f5984d9552b793a93e861b14580457adfd4e32340913,0,0,0,0,0,0,0,0,1,0,0,
updateMobilityControlLabels,24-construction-system.js,"Custos, propriedade, preview, validação, colocação, remoção e reconciliação",3657,3664,be28be24a6b419e9815cd80a98ad86f3060e410d98255ea1396a49b389681cba,2,13,1,0,0,0,0,0,0,0,13,mobilityDriverActive | sprintRequested
updateVehicleControlsUI,24-construction-system.js,"Custos, propriedade, preview, validação, colocação, remoção e reconciliação",3665,3672,f823ccd13f035e85f303642a138398cee738ec5d1fe8cec792e5cabe3dee0e38,3,3,0,0,0,0,0,0,0,0,7,mobilityDriverActive | playerDisplayName | updateMobilityControlLabels
vehicleHorn,24-construction-system.js,"Custos, propriedade, preview, validação, colocação, remoção e reconciliação",3673,3675,2bb5c3a2ae5592140b26af4087fddef172b8beb2f5d6c0218a816238c0e763b7,5,4,0,0,0,0,0,0,2,0,8,beep | mobilityDriverActive | vibrate
enterVehicle,24-construction-system.js,"Custos, propriedade, preview, validação, colocação, remoção e reconciliação",3676,3683,384df62bc07555c8854f1188ea57b016467947888ef6b70a832e914d5c1fffe7,17,5,0,0,0,0,0,0,2,0,1,applyVehicleAppearance | boardNpcPassenger | buildRoutePoints | canEnterMobility | clearMovementInputs | groundHeightAt | nearestRideCompanion | saveState | setFlag | setMissionState | startEngineSound | syncPlayerRootScale | toast | updateAbilityUI | updateRunUI | updateVehicleControlsUI | updateWaypointMarker
enterVehicleAsPassenger,24-construction-system.js,"Custos, propriedade, preview, validação, colocação, remoção e reconciliação",3684,3692,af205fa53cf3f9eed6d6c6e8431f9abbeda43481a4b3581f886c184484b90c7f,11,6,0,0,0,0,0,0,4,0,3,auditPlayerMode | canEnterMobility | clearMovementInputs | exitBoat | saveState | toast | updateAbilityUI | updateRunUI | updateVehicleControlsUI
exitVehicle,24-construction-system.js,"Custos, propriedade, preview, validação, colocação, remoção e reconciliação",3693,3701,8d2112c4923e4e64ccd205a6ceae4c2f3fc77451a423a5d1fd59cc0a88938bf8,15,7,1,0,0,0,0,0,2,0,5,auditPlayerMode | clearMovementInputs | currentVehicleRef | groundHeightAt | persistParkedVehicle | releaseNpcPassenger | rememberSafePlayerPosition | safeVehicleExitPoint | saveState | stopEngineSound | syncPlayerRootScale | toast | updateAbilityUI | updateRunUI | updateVehicleControlsUI
repairBridge,24-construction-system.js,"Custos, propriedade, preview, validação, colocação, remoção e reconciliação",3702,3713,a652d70a7b46f1abe0f1b88b28888271d0331e4ded2df19ff41255fe251724e2,7,2,0,0,0,0,0,0,2,0,0,addReputation | addXP | saveState | setFlag | toast
buildCostText,24-construction-system.js,"Custos, propriedade, preview, validação, colocação, remoção e reconciliação",3714,3715,343db7ddb11848789e4d6ac31e00a068ccd743719b21d5a28e2cf3c810eb86bf,0,0,0,0,0,0,0,0,1,0,1,
currentBuildOwnerIds,24-construction-system.js,"Custos, propriedade, preview, validação, colocação, remoção e reconciliação",3716,3717,04dc8bc6403510def6e9daffc3bd8f9a14ee9ff58ed2db9f73e30cda14f36ebb,0,0,0,0,0,0,0,0,1,0,3,
buildOwnedByPlayer,24-construction-system.js,"Custos, propriedade, preview, validação, colocação, remoção e reconciliação",3718,3719,b7be4c6c7e43eea0a558f6029ac9402cb294c110eebfd8d1f9e10464adc74b2b,1,0,0,0,0,0,0,0,1,0,1,currentBuildOwnerIds
buildFootprint,24-construction-system.js,"Custos, propriedade, preview, validação, colocação, remoção e reconciliação",3720,3723,4aebbd0a624b6c6ae3d9f9d20bda729d9d4b808579344161d9d2c42e9f3ba5c5,0,0,0,0,0,0,0,0,1,0,1,
buildPlacementCandidate,24-construction-system.js,"Custos, propriedade, preview, validação, colocação, remoção e reconciliação",3724,3729,ee6feb36c8f07b6c77c12488a6edd8ac9e626c2aead6caeb1caa338b222c442d,2,1,0,0,0,0,0,0,2,0,1,canBuildAt | groundHeightAt
canBuildAt,24-construction-system.js,"Custos, propriedade, preview, validação, colocação, remoção e reconciliação",3730,3740,e00b8fe99d904770ea23e1f156ce4dec2c4a7a2cf3c7725d5cbe46034bfc9c7b,7,7,0,0,0,0,0,0,9,0,1,buildFootprint | groundHeightAt | rectOverlap | waterAt
createBuildPreviewMesh,24-construction-system.js,"Custos, propriedade, preview, validação, colocação, remoção e reconciliação",3741,3752,76d6e82475de3cf0a6ad12497e8f4663b19bf2db49d597bde7b049117951e607,1,7,6,0,0,3,0,0,3,0,0,sharedBoxGeometry
disposeBuildPreview,24-construction-system.js,"Custos, propriedade, preview, validação, colocação, remoção e reconciliação",3753,3755,12ec6fef62b4c8a1fbec2a0795d74aae2a99c93e345a5ee00b64b8255d7de158,0,1,0,0,0,0,0,0,1,0,4,
ensureBuildPanel,25-render-init-resize-position-collision.js,"Three.js, qualidade, viewport, resize, posição segura e colisões",3756,3760,1cf6c010303beb7f63553fe35c46df9b7745c32e7f11b8ac5064282cce215098,1,1,0,0,0,0,0,0,2,0,0,endBuildMode
updateBuildPanel,25-render-init-resize-position-collision.js,"Three.js, qualidade, viewport, resize, posição segura e colisões",3761,3765,734d16e8821a6b272354843954a7d857ae46a950ed332e45cdb29ce3fc7c3af7,3,1,0,0,0,0,0,0,1,0,4,buildCostText | ensureBuildPanel | resourcesEnough
updateBuildPreview,25-render-init-resize-position-collision.js,"Three.js, qualidade, viewport, resize, posição segura e colisões",3766,3771,c30d5ea4bfa06e45c73eaf014d19bddf5c9f0094692ac2ef55df1cc54de734c3,4,5,0,0,0,0,0,0,2,0,3,buildPlacementCandidate | createBuildPreviewMesh | disposeBuildPreview | updateBuildPanel
beginBuildMode,25-render-init-resize-position-collision.js,"Three.js, qualidade, viewport, resize, posição segura e colisões",3772,3775,cdcd8ec9c99363818b102575b381c5c18f9849091450306d928cbabd86a69896,7,2,0,0,0,0,0,0,3,0,0,disposeBuildPreview | ensureBuildPanel | toast | updateBuildPreview | updateContext | updateVehicleControlsUI
endBuildMode,25-render-init-resize-position-collision.js,"Three.js, qualidade, viewport, resize, posição segura e colisões",3776,3778,d3b98db8decddcee47cdf7b26acd640ccaa19a8554f32dff626d8a456b96d47a,4,3,0,0,0,0,0,0,2,0,0,disposeBuildPreview | toast | updateContext | updateVehicleControlsUI
rotateBuildPreview,25-render-init-resize-position-collision.js,"Three.js, qualidade, viewport, resize, posição segura e colisões",3779,3779,5dc57b822829aa64c4ffbdd9c37f9b68a182fa53b206a93fde3bb05b37bb1c47,2,1,0,0,0,0,0,0,2,0,0,updateBuildPreview | vibrate
openBuildMenu,25-render-init-resize-position-collision.js,"Three.js, qualidade, viewport, resize, posição segura e colisões",3780,3786,adb6a80c07fdf042a80e0b0f61032f0603e1b26997b141c34e052085324958fe,7,3,0,0,0,0,0,0,3,0,0,beginBuildMode | buildCostText | closeModal | openHouseExtensionMenu | openModal | toast
placeBuild,25-render-init-resize-position-collision.js,"Three.js, qualidade, viewport, resize, posição segura e colisões",3787,3797,d7b33176f9e3ac244ab7b22f00a4f1bcfe6d2214ed1f31c07f38fd5373f68109,20,5,0,0,0,2,0,1,6,1,6,addXP | buildCostText | checkActiveJob | evaluateMissions | mergeBuildCollections | normalizeBuildRecord | normalizeBuildTombstones | resourcesEnough | saveState | spawnBuild | syncCloudProgress | toast | updateBuildPanel | updateBuildPreview
spawnBuild,25-render-init-resize-position-collision.js,"Three.js, qualidade, viewport, resize, posição segura e colisões",3798,3810,caa68cbc03e369a2efd7b979e5dad29551936b39b679687de7f858eb3737d31e,25,9,7,0,0,2,0,0,4,0,1,addGlow | box | buildRecordSignature | groundHeightAt | normalizeBuildRecord | premiumBox | registerCollider | registerPlatform
buildRecordSignature,25-render-init-resize-position-collision.js,"Three.js, qualidade, viewport, resize, posição segura e colisões",3811,3811,4ff2089643df083f991d162e9f4e6e1f4bb67feeb36a00c11a979b1c973b13a2,0,0,0,0,0,0,0,0,1,0,0,
removeWorldBuildRecord,25-render-init-resize-position-collision.js,"Three.js, qualidade, viewport, resize, posição segura e colisões",3812,3814,0133496619342122c4353820b2c86ae9bb5871816276aa5638aaa693150762f4,0,1,0,0,0,1,0,0,1,0,2,
reconcileWorldBuilds,25-render-init-resize-position-collision.js,"Three.js, qualidade, viewport, resize, posição segura e colisões",3815,3826,baacfaa267ce134e0915b84b018f8988c42b2bf5f0469c11ec11a9560c59b638,14,5,0,0,0,2,0,0,5,0,3,applyBuildTombstones | buildOwnedByPlayer | buildRecordSignature | confirmModal | mergeBuildTombstones | normalizeBuildTombstones | removeWorldBuildRecord | saveState | spawnBuild | syncCloudProgress | toast
initThree,25-render-init-resize-position-collision.js,"Three.js, qualidade, viewport, resize, posição segura e colisões",3827,3835,920c000f2a0eb2d7959c70c10c7dd6ce7c1dd77cec5f1d02bdf9af66365c9bab,24,1,0,0,0,1,0,0,2,0,2,applyAdaptiveRenderSettings | applyAvatarCustomization | applyQuality | buildWorld | createPlayerModel | freezeWorldFrustumCulling | initLocalMultiplayer | initMaterials | lockStableSceneVisibility | openModal | qualityTier | reconcileCloudHouses | remotePlayerEvent | resize | restoreActiveJobRuntime | restorePosition | targetDpr | toast | viewportMetrics
applyQuality,25-render-init-resize-position-collision.js,"Three.js, qualidade, viewport, resize, posição segura e colisões",3836,3836,3f9e69bfe73e9375262c54dd3c6e254461979ec936efe166e23a9b9e770d1cf1,1,1,0,0,0,0,0,0,1,0,0,applyAdaptiveRenderSettings
viewportMetrics,25-render-init-resize-position-collision.js,"Three.js, qualidade, viewport, resize, posição segura e colisões",3837,3849,8b77a612ef4dd92fd395848055c88b92d95143c746a62cac7b275a4a8126353d,0,0,0,0,0,0,0,0,1,0,10,
resize,25-render-init-resize-position-collision.js,"Three.js, qualidade, viewport, resize, posição segura e colisões",3850,3863,c6eb238e95ff2a8a80ebeb9a2fc4981e008fd9b61f718298342a53c700432c28,4,2,0,0,0,0,0,0,0,0,15,clearMovementInputs | syncMobilePanels | targetDpr | viewportMetrics
scheduleStableResize,25-render-init-resize-position-collision.js,"Three.js, qualidade, viewport, resize, posição segura e colisões",3864,3864,af97b3c2c1dc35f8f6e2fb1fd9cfe5c4258647764777aca4b97fa2899ae12158,1,0,0,0,0,0,0,0,0,0,0,resize
refreshOrientationLayout,25-render-init-resize-position-collision.js,"Three.js, qualidade, viewport, resize, posição segura e colisões",3865,3869,ae325d8b0d8d3731a3fce4fa40e8afd9020e17b1febe52e6741d253825057d04,8,3,0,0,0,0,0,0,0,0,2,resize | scheduleStableResize
restorePosition,25-render-init-resize-position-collision.js,"Three.js, qualidade, viewport, resize, posição segura e colisões",3870,3875,2ecfacd6309431babf1c8a15ec339a4c321909b13f28b1a363954c655f884308,3,1,0,0,0,0,0,0,0,0,3,isInsideLakeNavigable | rememberSafePlayerPosition | safePointNear
returnHome,25-render-init-resize-position-collision.js,"Three.js, qualidade, viewport, resize, posição segura e colisões",3876,3882,6a0600b3637f87420593b117310130d527ff273f11b080446dc00834285d83c2,10,10,1,0,0,0,0,0,1,0,0,auditPlayerMode | busAtStop | exitBoat | exitBusAtStop | exitHouse | exitVehicle | rememberSafePlayerPosition | safePointNear | savePlayerPosition | toast
savePlayerPosition,25-render-init-resize-position-collision.js,"Three.js, qualidade, viewport, resize, posição segura e colisões",3883,3894,ac2e5a79601192b39f20e54c692bbe9fb009089a558862349b7cbe22859ba33d,5,7,3,0,0,0,0,0,0,0,6,commitState | isInsideLakeNavigable | saveState
groundHeightAt,26-input-player-physics.js,"Entrada, corrida, pulo, física do jogador/veículo e animação",3895,3897,a95db8071d18b57d385294fe2cfb75ef35249c020c34f315dc99607e940ea7d8,0,2,0,0,0,1,0,0,1,0,0,
positionBlockedForPlayer,26-input-player-physics.js,"Entrada, corrida, pulo, física do jogador/veículo e animação",3898,3914,08871d7364b9015ec90c28b1461d4a0caf1fef89b6a63df582df6d10ef2e1b12,3,11,0,0,0,3,0,0,6,0,1,groundHeightAt | trafficActorList | waterAt
safePointNear,26-input-player-physics.js,"Entrada, corrida, pulo, física do jogador/veículo e animação",3915,3919,089da51a4f9a9bed138c9f1be683101b4a74274ed68d33c39086d5f232e12927,3,1,0,0,0,2,0,0,2,0,0,groundHeightAt | positionBlockedForPlayer
rememberSafePlayerPosition,26-input-player-physics.js,"Entrada, corrida, pulo, física do jogador/veículo e animação",3920,3924,2917fad2a492f807d594e3795441c869fe295dfc0f784914701dee6a5e66d5c2,1,2,0,0,0,0,0,0,3,0,0,positionBlockedForPlayer
recoverPlayerIfInvalid,26-input-player-physics.js,"Entrada, corrida, pulo, física do jogador/veículo e animação",3925,3931,c79dccb3ec4e35995eadb2d268c1602195462f89c4eafceccc82e9041d78a840,3,2,0,0,0,0,0,0,3,0,0,positionBlockedForPlayer | rememberSafePlayerPosition | safePointNear
safeVehicleExitPoint,26-input-player-physics.js,"Entrada, corrida, pulo, física do jogador/veículo e animação",3932,3935,7e74d4301cc9f7323b185aa945674cee3d385a3975afb1a4e1520f3334b14b9f,1,0,0,0,0,0,0,0,1,0,0,safePointNear
vehicleHitsCollider,26-input-player-physics.js,"Entrada, corrida, pulo, física do jogador/veículo e animação",3936,3944,ce6d767180d7d16097c4d3a6fe2703a1de5776a6fcb701eef780dfaa7afdc520,2,5,0,0,0,2,0,0,4,0,1,currentVehicleRef | trafficActorList
registerVehicleImpact,26-input-player-physics.js,"Entrada, corrida, pulo, física do jogador/veículo e animação",3945,3948,b832458476c92dcd02dab21ba84e304f7153695ee899529a94b6177af64150a0,3,1,0,0,0,0,0,0,0,0,0,beep | toast | vibrate
resolveCollisions,26-input-player-physics.js,"Entrada, corrida, pulo, física do jogador/veículo e animação",3949,3958,09eeac36211b37ddce6cfb0df4e1fd793729fba521f12102ed3e32d53ce6eea4,3,4,0,0,0,1,0,0,1,0,1,playerScaleValue | registerVehicleImpact | vehicleHitsCollider
resolveMovementInput,26-input-player-physics.js,"Entrada, corrida, pulo, física do jogador/veículo e animação",3959,3979,f183ad845741f2aa7325720e78ded03e57d71d653a03b29197d229d80148278a,2,9,7,0,0,0,0,0,1,0,5,derivePlayerMode | normalizeControlIntent
sprintRequested,26-input-player-physics.js,"Entrada, corrida, pulo, física do jogador/veículo e animação",3980,3980,58db47e7eaff126edee7a544ae272e7ad16009fc07f2280d62b814c09743f154,0,0,0,0,0,0,0,0,1,0,0,
updateRunUI,26-input-player-physics.js,"Entrada, corrida, pulo, física do jogador/veículo e animação",3981,3983,55e726a4841ed503d93453317a4f1273d4a862163765449b3812febcd03648a2,3,4,0,0,0,0,0,0,2,0,0,mobilityDriverActive | sprintRequested | updateMobilityControlLabels
clearMovementInputs,26-input-player-physics.js,"Entrada, corrida, pulo, física do jogador/veículo e animação",3984,3991,69f83b27e8af38f3f651f93842c0f1eaf6b19260b759be3c247ca9af1db136ce,1,1,0,0,0,0,0,0,0,0,0,updateRunUI
canJump,26-input-player-physics.js,"Entrada, corrida, pulo, física do jogador/veículo e animação",3992,3992,5afbb6aee064798aab787b955cb7b815d024e5d302bf8331f7802d48a37ecf58,0,0,0,0,0,0,0,0,1,0,0,
requestJump,26-input-player-physics.js,"Entrada, corrida, pulo, física do jogador/veículo e animação",3993,3993,69f747bbb514595f8eb03e348c3c0cb2e10e488fd01e9d0a7f681c9e7053a6af,2,2,0,0,0,0,0,0,1,0,0,canJump | doJump
doJump,26-input-player-physics.js,"Entrada, corrida, pulo, física do jogador/veículo e animação",3994,3994,009ff421c0c9dd088120e303a124cc44cbd8105d44b50c8e100cdba67e1a85ba,4,1,0,0,0,0,0,0,1,0,0,beep | canJump | trackDaily | vibrate
updatePlayer,26-input-player-physics.js,"Entrada, corrida, pulo, física do jogador/veículo e animação",3995,4029,55f85d4b667026c80c00f0080cadc2d12ec9cfcd64ad3a5438c944b92e557863,26,20,6,0,0,0,0,0,1,0,13,animatePlayer | beep | cameraRelativeVector | canJump | checkHazards | collectNearbyCrystals | constrainBoat | doJump | groundHeightAt | recoverPlayerIfInvalid | rememberSafePlayerPosition | resolveCollisions | resolveMovementInput | resolveWaterWalking | sprintRequested | syncPlayerRootScale | trackDaily | updateBoatPanel | updateBoatPhysics | updateContext | updateVehiclePhysics | vibrate
mobilityThrottleIntent,27-npc-enemies-combat-camera-action.js,"Sociedade NPC, inimigos, combate, câmera, contexto, ação e necessidades",4030,4042,b2e4e76dac77ed92da5116bc7cb687b2df89c177ae57afeeec5c058501338fbd,0,7,0,0,0,0,0,0,7,0,1,
updateVehiclePhysics,27-npc-enemies-combat-camera-action.js,"Sociedade NPC, inimigos, combate, câmera, contexto, ação e necessidades",4043,4057,1b87b9a8f98440036352ce252ff5ea4823727b52e9f1d4da8b84e55c9798fddd,6,7,1,0,0,0,0,0,3,0,15,exitVehicle | mobilityThrottleIntent | sprintRequested | toast | updateMobilityControlLabels
animatePlayer,27-npc-enemies-combat-camera-action.js,"Sociedade NPC, inimigos, combate, câmera, contexto, ação e necessidades",4058,4078,4fd5a3c6eaa47b7bbdecbe47a8750960d19fdc3eccc52ca821e40af0a6b042b3,0,12,8,0,0,0,0,0,1,0,21,
nearestRideCompanion,27-npc-enemies-combat-camera-action.js,"Sociedade NPC, inimigos, combate, câmera, contexto, ação e necessidades",4079,4084,92e0c21f5ccb1a65c03e59781ac4f1ef7b49a3335204fbcc038601c76b7ea104,0,1,0,0,0,0,0,0,1,0,1,
nearestBoardableNpc,27-npc-enemies-combat-camera-action.js,"Sociedade NPC, inimigos, combate, câmera, contexto, ação e necessidades",4085,4087,a4d55466449f259f045dd2a90bbe86319b04c0f031465327a5895c9733f65c51,0,0,0,0,0,0,0,0,1,0,0,
checkHazards,27-npc-enemies-combat-camera-action.js,"Sociedade NPC, inimigos, combate, câmera, contexto, ação e necessidades",4088,4090,c2179460b119908417794e13a30317d7eef82faad9e9a996e714e4379cc9e43d,2,4,1,0,0,1,0,0,0,0,0,returnHome | toast
boardNpcPassenger,27-npc-enemies-combat-camera-action.js,"Sociedade NPC, inimigos, combate, câmera, contexto, ação e necessidades",4091,4093,c04dbd299896c1ddfa4a0e6e482ddc477fb2e8a37c193bfa814a8bb6408077a9,2,3,0,0,0,0,0,0,3,0,3,saveState | toast
collectNearbyCrystals,27-npc-enemies-combat-camera-action.js,"Sociedade NPC, inimigos, combate, câmera, contexto, ação e necessidades",4094,4096,26cf3b24aeb80d5844f73cc9c8f7d53fa96228907c6b2373b885f433c8075060,1,2,0,0,0,1,0,0,0,0,0,collectCrystal
releaseNpcPassenger,27-npc-enemies-combat-camera-action.js,"Sociedade NPC, inimigos, combate, câmera, contexto, ação e necessidades",4097,4101,21f2d7a74943c3a81fc43c09df404ae0b626651f5d821976baae9e5c10deaec8,1,3,0,0,0,0,0,0,1,0,4,groundHeightAt
npcSpeech,27-npc-enemies-combat-camera-action.js,"Sociedade NPC, inimigos, combate, câmera, contexto, ação e necessidades",4102,4102,f9ad41f978eef0ab0e5abd54f254712cdfd276ef696df064263c4b97db6233fa,1,1,0,0,0,0,0,0,0,0,1,toast
updateNpcSociety,27-npc-enemies-combat-camera-action.js,"Sociedade NPC, inimigos, combate, câmera, contexto, ação e necessidades",4103,4112,bc3f18d5b778011aa0d0ab961158510a776c0330535450138b51fc957d263062,10,9,5,0,0,0,0,0,2,0,3,cloudHouseRecord | npcSpeech | saveState | updateHUD
updateNPCs,27-npc-enemies-combat-camera-action.js,"Sociedade NPC, inimigos, combate, câmera, contexto, ação e necessidades",4113,4147,0ed4eb03db815b4ba3e14c0fca3d979d1721ed383caeea0d5e4c03fcc925db0b,2,10,7,0,0,2,0,0,0,0,15,snapTrafficToRoad | trafficSpeedFactor
updateEnemies,27-npc-enemies-combat-camera-action.js,"Sociedade NPC, inimigos, combate, câmera, contexto, ação e necessidades",4148,4156,f8b22f10e6502c2f43d429df9dcad755aff6bea7967e59226f66f7f62679cd8e,5,5,0,0,0,1,0,0,0,0,4,beep | saveState | toast | vibrate
meleeAttack,27-npc-enemies-combat-camera-action.js,"Sociedade NPC, inimigos, combate, câmera, contexto, ação e necessidades",4157,4161,96848647441085acecfbe2d49c382c7ea49e124c80dac979d95decc4bcbff4c8,3,1,0,0,0,0,0,0,1,0,0,beep | damageEnemy | toast
damageEnemy,28-multiplayer-social-online.js,"Desafios online, social, chat, presença, fantasmas e sincronização",4162,4165,828f890fb2850f16754e0367a9758c7a786cab89e505eac0fb83c4b8aa85bbe8,5,2,0,0,0,0,0,0,1,0,2,addCoins | addXP | evaluateMissions | saveState | toast
firePower,28-multiplayer-social-online.js,"Desafios online, social, chat, presença, fantasmas e sincronização",4166,4171,83d213109ba62057f102bcaa13d999a1b10afd0bcc8ba627ee2da46d515b6d87,5,3,0,0,0,0,0,0,3,0,0,beep | mat | toast | vehicleHorn | vibrate
updateFireballs,28-multiplayer-social-online.js,"Desafios online, social, chat, presença, fantasmas e sincronização",4172,4175,346c20d9c353cfabce39ac97214f35e100a3df15192601d4cbdacd4601a3de20,1,2,0,0,0,2,0,0,0,0,0,damageEnemy
updateCamera,28-multiplayer-social-online.js,"Desafios online, social, chat, presença, fantasmas e sincronização",4176,4207,5e4983b5373b2f14df6a0ec30877738f260b6aadd8dd3c4f98a70b5860d65782,1,6,1,0,0,0,0,0,0,0,27,playerScaleValue
nearestInteractable,28-multiplayer-social-online.js,"Desafios online, social, chat, presença, fantasmas e sincronização",4208,4225,40f72153f227c5201ae57c03718eafc9b84d8de1dec619b89dc096ecdb2c426a,14,14,0,0,0,1,0,0,12,0,6,boardNpcPassenger | isInteractionAvailable | nearestBoardableNpc | nearestRemotePlayer | openRemotePlayerActions | toast | updateTransitPanel | worldPos
updateContext,28-multiplayer-social-online.js,"Desafios online, social, chat, presença, fantasmas e sincronização",4226,4229,0dc32590dd63fb948275144cded957e4c88be91e088bd126702e9fe89ac54d03,1,4,0,0,0,0,0,0,2,0,6,nearestInteractable
doAction,28-multiplayer-social-online.js,"Desafios online, social, chat, presença, fantasmas e sincronização",4230,4241,c6c1e77ebe1b65a44f562d15874489265a92e7c16a8e4883f9ea071ccfbe7438,6,6,0,0,0,0,0,0,2,0,1,isInteractionAvailable | meleeAttack | nearestInteractable | syncMobilePanels | updateContext | worldPos
updateNeeds,28-multiplayer-social-online.js,"Desafios online, social, chat, presença, fantasmas e sincronização",4242,4248,f44cc63a6a33841af2dd9d8311d811e30ea32e3fffe59843ecdabfc8a938648b,5,3,0,0,0,0,0,0,1,0,3,playerDisplayName | saveState | sprintRequested | toast | updateHUD
multiplayerGameLabel,28-multiplayer-social-online.js,"Desafios online, social, chat, presença, fantasmas e sincronização",4249,4250,e99beef78f5c36fe44f5ba0c0b95636d5880f9a13ee4b13ffd4824886b333465,0,0,0,0,0,0,0,0,1,0,2,
pendingChallenges,28-multiplayer-social-online.js,"Desafios online, social, chat, presença, fantasmas e sincronização",4251,4251,3d960b87312e253a3246eca6390a0b62a14187494d87b53f78669fa60808634a,0,0,0,0,0,0,0,0,1,0,0,
readyGameSessions,28-multiplayer-social-online.js,"Desafios online, social, chat, presença, fantasmas e sincronização",4252,4252,ee4bb7e640c90c65d3fcdd123ec83f02bf20beee237a0727149d153a2d897176,0,0,0,0,0,0,0,0,1,0,1,
closeChallengePrompt,28-multiplayer-social-online.js,"Desafios online, social, chat, presença, fantasmas e sincronização",4253,4253,3321e2a6eb58abc4fe1b8e4463882130d19318e5e2738f9d7093b1fa0ab8b129,0,1,0,0,0,0,0,0,1,0,0,
showIncomingChallengePrompt,28-multiplayer-social-online.js,"Desafios online, social, chat, presença, fantasmas e sincronização",4254,4254,c24c1f91dac62cbeb21a5c85cdc18d62558cc02d5479d9c1f19d77ce794aceca,1,1,0,0,0,0,0,0,1,0,0,multiplayerGameLabel
showReadySessionPrompt,28-multiplayer-social-online.js,"Desafios online, social, chat, presença, fantasmas e sincronização",4255,4256,7de271bd1b5150703537a33c8ec5483a1932cbc636726fbbcb05d6562454082b,2,2,0,0,0,0,0,0,2,0,3,multiplayerGameLabel | sessionOpponentName
socialActionLabel,28-multiplayer-social-online.js,"Desafios online, social, chat, presença, fantasmas e sincronização",4257,4257,cf7ffce0a5e6f16016674f226cd5829153d954bcf199f7045fabbc203ba9e875,0,0,0,0,0,0,0,0,1,0,0,
socialRequestPending,28-multiplayer-social-online.js,"Desafios online, social, chat, presença, fantasmas e sincronização",4258,4258,15ccf2e2d771b65f0becb274c4feb17fe2756a76ba8db4bca6a26326ce4b5a81,0,0,0,0,0,0,0,0,1,0,0,
showIncomingSocialRequest,28-multiplayer-social-online.js,"Desafios online, social, chat, presença, fantasmas e sincronização",4259,4269,e361879ac3eb6183d53aaa249336b0f4891409f06fe56d0170d67f1c6ce0f8b6,8,6,0,0,0,0,0,0,7,0,4,saveState | socialActionLabel | toast
applyAcceptedSocialAction,28-multiplayer-social-online.js,"Desafios online, social, chat, presença, fantasmas e sincronização",4270,4287,dd070496d8dce79bbead58d2265c34a8311f2e2e41f88f61b9dae5eb8685ac47,23,15,9,0,0,0,0,0,3,0,14,closeChallengePrompt | closeModal | enterBoatAsPassenger | enterVehicleAsPassenger | escapeHtml | multiplayerGameLabel | openModal | openNearestCampfire | saveState | sessionOpponentName | startFishing | startHunting | startMultiplayerEducationGame | toast | triggerEmote
updateOnlineAttention,28-multiplayer-social-online.js,"Desafios online, social, chat, presença, fantasmas e sincronização",4288,4288,f785b3d044f1fbc9d502f87cd802848b735d3a05f9991129eeeb3206faf20d22,3,2,0,0,0,0,0,0,0,0,5,pendingChallenges | readyGameSessions | socialRequestPending
challengeInboxHtml,28-multiplayer-social-online.js,"Desafios online, social, chat, presença, fantasmas e sincronização",4289,4289,5207e83d370d6c09ad4f7aea1f3989303f7c0f0d3d434cd51d3a449456f2e800,3,0,0,0,0,0,0,0,1,0,1,escapeHtml | multiplayerGameLabel | pendingChallenges
socialRequestInboxHtml,28-multiplayer-social-online.js,"Desafios online, social, chat, presença, fantasmas e sincronização",4290,4290,62aa32fd858416efc73d36a53b791f0099a21eefddaaea218fecc25be8b6ed85,4,0,0,0,0,0,0,0,1,0,1,escapeHtml | socialActionLabel | socialRequestPending
completedGameSessions,28-multiplayer-social-online.js,"Desafios online, social, chat, presença, fantasmas e sincronização",4291,4291,e240b029291d6a0a9c6a864df83852bd97177ce6d971619e3de7f1bce2126517,0,0,0,0,0,0,0,0,1,0,3,
rememberMatchResult,28-multiplayer-social-online.js,"Desafios online, social, chat, presença, fantasmas e sincronização",4292,4292,bd80bf69bd6b52479286aacf2ba0b05fda30801938782523d2434b7476af155d,1,2,0,0,0,0,0,0,3,0,4,sessionOpponentName
duelHistoryHtml,28-multiplayer-social-online.js,"Desafios online, social, chat, presença, fantasmas e sincronização",4293,4293,fe89afa9945f2328d2336003387cb5ff8c62ed9d73067159b0399fd121477503,5,0,0,0,0,0,0,0,2,0,9,completedGameSessions | escapeHtml | multiplayerGameLabel | sessionOpponentName
activeSessionsHtml,28-multiplayer-social-online.js,"Desafios online, social, chat, presença, fantasmas e sincronização",4294,4294,0eca6747fe4b27c75d0092afa9ab83306940180d70e783e6042579a990b197ac,3,0,0,0,0,0,0,0,2,0,9,escapeHtml | multiplayerGameLabel | readyGameSessions
bindChallengeCards,28-multiplayer-social-online.js,"Desafios online, social, chat, presença, fantasmas e sincronização",4295,4297,ba5607e4da6501bf7e70ec39e4a2656ccbae08c436cdf45e0b534acbd2715c28,11,5,1,0,0,0,0,0,3,0,11,closeChallengePrompt | multiplayerGameLabel | refreshOpenSocialHub | toast | updateOnlineAttention
highestUnlockedLevel,28-multiplayer-social-online.js,"Desafios online, social, chat, presença, fantasmas e sincronização",4298,4298,80ac675cb41c188efd8959e161e6aafa4a1d23b1a072d0f34920636cb9e02bd8,1,1,0,0,0,1,0,0,1,0,0,subjectUnlocked
openChallengePicker,28-multiplayer-social-online.js,"Desafios online, social, chat, presença, fantasmas e sincronização",4299,4299,7f2e46f76f93ed86dc4c485ce9fd127870cdca640652a2dd10cd52503e9daadb,5,1,1,0,0,0,0,0,0,0,4,closeModal | highestUnlockedLevel | openModal | toast
sessionOpponentName,28-multiplayer-social-online.js,"Desafios online, social, chat, presença, fantasmas e sincronização",4300,4300,0c97fcc78600226255ea63db4ff9a6983a715f8372436600e98afb91aa8aa037,0,0,0,0,0,0,0,0,1,0,3,
startMultiplayerEducationGame,28-multiplayer-social-online.js,"Desafios online, social, chat, presença, fantasmas e sincronização",4301,4301,c647a9a34fda4a2bf2333f01dcc68ff61b98308783479c85f61d3b5771dbb6e6,9,2,0,0,0,0,0,0,2,0,5,closeChallengePrompt | escapeHtml | openModal | runEducationGame | saveState | sessionOpponentName | toast
maybeShowMultiplayerResult,28-multiplayer-social-online.js,"Desafios online, social, chat, presença, fantasmas e sincronização",4302,4302,a02677f154b6dce484cdc454c659c85237edb0a96280466830bf27c4d1080824,6,4,0,0,0,0,0,0,3,0,13,addCoins | addXP | escapeHtml | openModal | rememberMatchResult | saveState
multiplayerStatusText,28-multiplayer-social-online.js,"Desafios online, social, chat, presença, fantasmas e sincronização",4303,4303,61afa320d9b25d87717edd7c11533237ff2421e740eea5cf24182dd091759639,0,2,0,0,0,0,0,0,3,0,2,
updateMultiplayerBadge,28-multiplayer-social-online.js,"Desafios online, social, chat, presença, fantasmas e sincronização",4304,4304,4d0357833639cd52454227bc2369637dd51ccfa4ff7629169e6d58485d64d453,0,2,0,0,0,0,0,0,1,0,1,
onlinePlayers,29-game-loop-controls-gamepad.js,"Loop principal, controles, gamepad e início do jogo",4305,4305,9f6ffc2373f749db2b09ca733c682ec881763a51ccf3ec3d53e4cc50a054a7d3,0,0,0,0,0,0,0,0,2,0,3,
onlinePlayerListHtml,29-game-loop-controls-gamepad.js,"Loop principal, controles, gamepad e início do jogo",4306,4306,908f3b334aad968745fd0826c4bd1489a6a1fea141673142d9e6714a98a24bf4,2,0,0,0,0,0,0,0,1,0,1,escapeHtml | onlinePlayers
bindOnlinePlayerCards,29-game-loop-controls-gamepad.js,"Loop principal, controles, gamepad e início do jogo",4307,4307,ba43ec950dbe3c24583704cb0a7455b62362ae1d1039d1411cc988d059cda26e,1,1,0,0,0,0,0,0,0,0,0,openRemotePlayerActions
refreshOpenSocialHub,29-game-loop-controls-gamepad.js,"Loop principal, controles, gamepad e início do jogo",4308,4308,b52173ce89858b9d8b3fe6056516f59eb386e9275b1a126844aeb0578b0554b3,13,9,0,0,0,0,0,0,1,0,0,activeSessionsHtml | bindChallengeCards | bindOnlinePlayerCards | challengeInboxHtml | chatMessageHtml | duelHistoryHtml | multiplayerStatusText | onlinePlayerListHtml | onlinePlayers | socialRequestInboxHtml | updateOnlineAttention
openSocialHub,29-game-loop-controls-gamepad.js,"Loop principal, controles, gamepad e início do jogo",4309,4316,6c136c3c3631827e804d0eb46dfc1feb61ff5028b7cd155a64551596618d39fc,16,2,0,0,0,0,0,0,1,0,4,activeSessionsHtml | bindChallengeCards | bindOnlinePlayerCards | challengeInboxHtml | chatMessageHtml | duelHistoryHtml | multiplayerStatusText | onlinePlayerListHtml | onlinePlayers | openModal | pendingChallenges | refreshOpenSocialHub | saveState | socialRequestInboxHtml | socialRequestPending | toast
escapeHtml,29-game-loop-controls-gamepad.js,"Loop principal, controles, gamepad e início do jogo",4317,4317,ad952d86e2bc2766a910b0617c56e0777f3e84e225574c3f99d1ada8b49a9a24,0,0,0,0,0,0,0,0,1,0,0,
chatMessageHtml,29-game-loop-controls-gamepad.js,"Loop principal, controles, gamepad e início do jogo",4318,4318,b4c56d8f0c1aa9ae36d5d86214f63d5cd2c670bb1eae245e9e731da930bdf237,2,0,0,0,0,0,0,0,1,0,0,escapeHtml
openRemotePlayerActions,29-game-loop-controls-gamepad.js,"Loop principal, controles, gamepad e início do jogo",4319,4331,2f205770805e0911ce0beb96901754a44715984a501a777dabc8993fb8afc5e1,15,11,4,0,0,0,0,0,4,0,13,addCoins | closeModal | isNearFishingArea | nearestActiveCampfire | openChallengePicker | openModal | openSocialHub | saveState | toast | triggerEmote
nearestRemotePlayer,29-game-loop-controls-gamepad.js,"Loop principal, controles, gamepad e início do jogo",4332,4332,f8f0fe3591b48a2cd4e068f837e571d62ee7364f2f7712057d53602612a2cbad,0,1,0,0,0,1,0,0,1,0,0,
openMultiplayerConfig,29-game-loop-controls-gamepad.js,"Loop principal, controles, gamepad e início do jogo",4333,4333,20dca2933128993b5af35538a14a30838cc6600ec2530111c6c16d98fe286795,1,0,0,0,0,0,0,0,0,0,0,openSocialHub
applyCloudWorldObjects,29-game-loop-controls-gamepad.js,"Loop principal, controles, gamepad e início do jogo",4334,4340,3655c3d3088437ff3fda8c7304e457a7ebffad0fd6502d66b99e76f15a42d578,2,8,0,0,0,6,0,0,1,0,1,spawnCampfire | spawnHouseExtension
remotePlayerEvent,29-game-loop-controls-gamepad.js,"Loop principal, controles, gamepad e início do jogo",4341,4371,9968efb9ef9843168cdd461ec6499a994c985bbd5af851ee90f75c6e3af5d264,54,41,12,0,0,1,1,0,7,0,26,applyAcceptedSocialAction | applyCloudWorldObjects | closeChallengePrompt | createGhost | exitBoat | exitVehicle | hasValidPlayerName | maybeShowMultiplayerResult | mergeCloudProgress | multiplayerGameLabel | reconcileCloudHouses | refreshOpenSocialHub | saveState | showIncomingChallengePrompt | showIncomingSocialRequest | showReadySessionPrompt | socialActionLabel | toast | triggerEmote | updateGhostName | updateMultiplayerBadge | updateOnlineAttention
initLocalMultiplayer,29-game-loop-controls-gamepad.js,"Loop principal, controles, gamepad e início do jogo",4372,4375,adf484c40186798d8ffdbf5cd0b0731d30a82430f35b808ac6def98943a77ae3,3,5,0,0,0,0,0,0,2,0,11,hasValidPlayerName | remotePlayerEvent | updateMultiplayerBadge
multiplayerNameTexture,29-game-loop-controls-gamepad.js,"Loop principal, controles, gamepad e início do jogo",4376,4376,9079368c4673e9657ef836c280c7a2e1a0f503818ee6388cab26e5781efe691e,1,1,1,0,0,0,0,0,1,0,0,sanitizePlayerName
updateLocalPlayerNameLabel,29-game-loop-controls-gamepad.js,"Loop principal, controles, gamepad e início do jogo",4377,4377,627789108f36332817a30c4f6212acb89a977bd136a3f573dd73efaa8d33d7a6,2,2,0,0,0,0,0,0,2,0,4,multiplayerNameTexture | playerDisplayName
updateGhostName,30-pause-tests-public-api-bootstrap.js,"Pausa, testes de veículo, API pública de auditoria e bootstrap final",4378,4378,2fa5c1e885ed0a45f1fe10097a91c06b80c1503168ebec12e08788779793ff40,2,2,0,0,0,0,0,0,1,0,2,multiplayerNameTexture | sanitizePlayerName
createGhost,30-pause-tests-public-api-bootstrap.js,"Pausa, testes de veículo, API pública de auditoria e bootstrap final",4379,4384,9710dbb823359b379281b946fe355f9cd9baa9f9fe9338b55e3e059a2d375ef5,19,0,0,0,0,1,0,0,1,0,0,box | cylinder | multiplayerNameTexture | sanitizePlayerName
updateMultiplayer,30-pause-tests-public-api-bootstrap.js,"Pausa, testes de veículo, API pública de auditoria e bootstrap final",4385,4396,838137fe2f0814e964d3f4911bed711d2d38780e2d8aa713568f75b76ffd0e12,0,4,0,0,0,1,0,0,0,0,27,
gameLoop,30-pause-tests-public-api-bootstrap.js,"Pausa, testes de veículo, API pública de auditoria e bootstrap final",4397,4427,2ac38ca2d6655779f90eac0795e551d361ba2664128a6b37c683c53cbe916542,30,15,0,0,0,0,0,0,1,0,14,auditPlayerMode | captureTrafficPositions | pollGamepad | qualityTier | refreshTechnicalPanel | resolveTrafficOverlaps | samplePerformance | updateAdventure | updateBuildPreview | updateCamera | updateCareerMissions | updateClouds | updateEnemies | updateFX | updateFireService | updateFireballs | updateFishingVisual | updateLifeActivities | updateMultiplayer | updateNPCs | updateNavigation | updateNeeds | updateNpcSociety | updatePlayer | updatePoliceSystem | updateRace | updateTrafficIncidents | updateTransitWorld | updateVehicleFX | updateVisualLOD
setupControls,30-pause-tests-public-api-bootstrap.js,"Pausa, testes de veículo, API pública de auditoria e bootstrap final",4428,4453,1000bda6909cff405eef69c15e0fddd1f7706c1b71b565722a5a4ad8de8c8bec,33,30,4,0,0,0,0,0,5,0,12,closeModal | doAction | endBuildMode | firePower | mobilityDriverActive | openPauseMenu | requestJump | rotateBuildPreview | saveState | setScaleMode | spinPlayer | toast | toggleCrouch | updateMobilityControlLabels | updateRunUI
pollGamepad,30-pause-tests-public-api-bootstrap.js,"Pausa, testes de veículo, API pública de auditoria e bootstrap final",4454,4470,74214f15689d3d1e84c626376fcb524864261559b6dfaa12931654d66dc60ed8,23,13,1,0,0,0,0,0,4,0,13,accountLinked | accountPromptWasHandled | applyAvatarCustomization | closeModal | doAction | firePower | hasValidPlayerName | initThree | mobilityDriverActive | openAccountCenter | openPlayerNameModal | requestJump | saveState | setScaleMode | setupControls | showScreen | syncMobilePanels | toggleCrouch | updateMobilityControlLabels | updateRunUI
stopGame,30-pause-tests-public-api-bootstrap.js,"Pausa, testes de veículo, API pública de auditoria e bootstrap final",4471,4479,0aa69b30eb4e88adb42ef273813e32b40c763669465cdccd01732a11b7bdf081,20,12,1,0,0,0,0,0,0,0,10,endBuildMode | equippedTool | evaluateMissions | exitBoat | exitBusAtStop | exitVehicle | gameLoop | resize | restorePosition | savePlayerPosition | showScreen | stopEngineSound | toast | updateAbilityUI | updateContext | updateHUD | updateLobbyStats | updateNavigation | updateSafetyPanel
openPauseMenu,30-pause-tests-public-api-bootstrap.js,"Pausa, testes de veículo, API pública de auditoria e bootstrap final",4480,4491,fd63a5fd2b3c934829b9c5d36a29e36b01bbfd1131687c420595b6574ade57e3,11,4,0,0,0,0,0,0,1,0,0,closeModal | endBuildMode | openLifePanel | openModal | returnHome | startEngineSound | stopEngineSound | stopGame
updateBridgeVisual,30-pause-tests-public-api-bootstrap.js,"Pausa, testes de veículo, API pública de auditoria e bootstrap final",4492,4494,a459af86d7ad6e630837d8759c1fff417039b60eed74dbe5bae7845ea0bb275c,0,0,0,0,0,0,0,0,0,0,0,
prepareVehicleTestArea,30-pause-tests-public-api-bootstrap.js,"Pausa, testes de veículo, API pública de auditoria e bootstrap final",4495,4507,bc3b68c68cd72fdf2af9d524c9444c64d8f04906400d42b286979115cf46e023,4,2,0,0,0,0,0,0,1,0,0,clearMovementInputs | enterVehicle | exitVehicle | groundHeightAt
stepVehicleSimulation,30-pause-tests-public-api-bootstrap.js,"Pausa, testes de veículo, API pública de auditoria e bootstrap final",4508,4655,e0e4d74a105cf2e2adb3f1d8cfe789c9361dc98a3672f1473e01b2862123de28,89,11,0,0,0,5,0,0,36,0,133,activateFireIncident | applyAdaptiveRenderSettings | auditPlayerMode | beginBuildMode | buildRoutePoints | busAtStop | cameraRelativeVector | closeModal | completeActiveJob | constrainBoat | currentVehicleRef | detectStableAutoTier | distanceToBoatDock | doAction | educationSummary | endBuildMode | enterBoatAsPassenger | enterBus | enterHouse | enterVehicle | enterVehicleAsPassenger | evaluateMissions | exitBoat | exitBusAtStop | exitVehicle | firePower | generateEducationRounds | groundHeightAt | initTechnicalPanel | lockStableSceneVisibility | mobilityDriverActive | openPauseMenu | pendingChallenges | placeBuild | prepareVehicleTestArea | qualityTier | reconcileWorldBuilds | remotePlayerEvent | requestJump | requestedQuality | resolveCollisions | resolveMovementInput | rideMetroTo | rotateBuildPreview | routeProgressInfo | savePlayerPosition | saveState | setWaypoint | socialRequestPending | sprintRequested | startFishing | startHunting | startJob | startPoliceAlert | startRace | toggleCrouch | updateAdventure | updateBoatPanel | updateBoatPhysics | updateContext | updateFireService | updateInstallUI | updateLobbyStats | updateMobilityControlLabels | updateMultiplayer | updateNavigation | updatePlayer | updateRunUI | updateTransitWorld | updateVehicleControlsUI | updateVehiclePhysics | updateWaypointMarker | validBoatExit
