type,module,sourceLine,snippet
if,00-runtime-foundation.js,14,"const lerpAngle = (a, b, t) => { let d=((b-a+Math.PI)%(Math.PI*2))-Math.PI; if(d<-Math.PI)d+=Math.PI*2; return a+d*t; };"
if,00-runtime-foundation.js,17,"const safePointerCapture=(element,pointerId)=>{try{if(element?.setPointerCapture&&Number.isInteger(pointerId))element.setPointerCapture(pointerId);return true;}catch{return false;}};"
catch,00-runtime-foundation.js,17,"const safePointerCapture=(element,pointerId)=>{try{if(element?.setPointerCapture&&Number.isInteger(pointerId))element.setPointerCapture(pointerId);return true;}catch{return false;}};"
if,00-runtime-foundation.js,18,"const safePointerRelease=(element,pointerId)=>{try{if(element?.hasPointerCapture?.(pointerId))element.releasePointerCapture(pointerId);return true;}catch{return false;}};"
catch,00-runtime-foundation.js,18,"const safePointerRelease=(element,pointerId)=>{try{if(element?.hasPointerCapture?.(pointerId))element.releasePointerCapture(pointerId);return true;}catch{return false;}};"
catch,00-runtime-foundation.js,22,const safeLocalGet = key => { try { return window.localStorage?.getItem(key) ?? null; } catch { return null; } };
catch,00-runtime-foundation.js,23,"const safeLocalSet = (key, value) => { try { window.localStorage?.setItem(key, value); return true; } catch { return false; } };"
catch,00-runtime-foundation.js,24,const safeLocalRemove = key => { try { window.localStorage?.removeItem(key); return true; } catch { return false; } };
for,01-build-persistence.js,30,"for(let i=0;i<source.length;i++){hash^=source.charCodeAt(i);hash=Math.imul(hash,16777619);}"
if,01-build-persistence.js,34,if(!item||typeof item!=='object')return null;
if,01-build-persistence.js,36,if(!type||!Number.isFinite(x)||!Number.isFinite(z))return null;
if,01-build-persistence.js,43,"const record=normalizeBuildRecord(item,index);if(!record)return;"
if,01-build-persistence.js,45,"if(!previous||Number(record.updatedAt||record.createdAt||0)>=Number(previous.updatedAt||previous.createdAt||0))byId.set(record.id,record);"
if,01-build-persistence.js,52,if(!item)return;const id=String(typeof item==='string'?item:item.id||'').trim();if(!id)return;
if,01-build-persistence.js,54,"const previous=byId.get(id);if(!previous||removedAt>=previous.removedAt)byId.set(id,{id,removedAt});"
if,01-build-persistence.js,69,"if(!item||typeof item!=='object')return;const id=String(item.id||`entity-${index}-${Number(item.createdAt||0)}`),stamp=Number(item.updatedAt||item.createdAt||0),previous=byId.get(id);"
if,01-build-persistence.js,70,"if(!previous||stamp>=Number(previous.updatedAt||previous.createdAt||0))byId.set(id,{...item,id});"
if,02-state-save-cloud-account.js,147,if (oldFriendship.otto !== undefined && oldFriendship.nino === undefined) friendship.nino = oldFriendship.otto;
if,02-state-save-cloud-account.js,150,if (flags.talkedOtto && !flags.talkedNeighbor) flags.talkedNeighbor = true;
if,02-state-save-cloud-account.js,201,if (!raw) {
for,02-state-save-cloud-account.js,202,for (const key of LEGACY_STORAGE_KEYS) {
if,02-state-save-cloud-account.js,204,if (raw) break;
if,02-state-save-cloud-account.js,207,if (!raw) return fresh;
catch,02-state-save-cloud-account.js,210,} catch (error) {
if,02-state-save-cloud-account.js,217,if(state.career?.activeJob){const legacyJob=state.career.activeJob;legacyJob.instanceId=legacyJob.instanceId||`legacy-${legacyJob.id||'job'}-${Number(legacyJob.startedAt||Date.now())}`;legacyJob.missionState=legacyJob.missionState||'TRAVELLING';legacyJob.rewardClaimed=!!legacyJob.rewardClaimed;legacyJob.previousUniform=legacyJob.previousUniform||'none';legacyJob.previousPackage=Number(legacyJob.previousPackage||0);}
if,02-state-save-cloud-account.js,219,if(accountSession){
if,02-state-save-cloud-account.js,222,if(!state.profile.nameConfirmed){
if,02-state-save-cloud-account.js,224,if(legacyName&&legacyName.toLowerCase()!=='otthos'){state.profile.name=legacyName;state.profile.nameConfirmed=true;}
else,02-state-save-cloud-account.js,225,else{state.profile.name='';state.profile.nameConfirmed=false;}
if,02-state-save-cloud-account.js,229,if (window.OTTHOS_DB) {
if,02-state-save-cloud-account.js,231,if (saved && saved.profile) {
if,02-state-save-cloud-account.js,233,"if(accountSession)state.account={...(state.account||{}),linked:true,accountId:accountSession.accountId,username:accountSession.username||state.account?.username||''};"
else,02-state-save-cloud-account.js,235,} else {
catch,02-state-save-cloud-account.js,236,window.OTTHOS_DB.save(state).catch(console.warn);
catch,02-state-save-cloud-account.js,241,"}).catch(error => { console.warn('IndexedDB indisponível; usando armazenamento local.', error); return state; });"
catch,02-state-save-cloud-account.js,242,window.OTTHOS_DB.requestPersistentStorage().catch(() => false);
catch,02-state-save-cloud-account.js,254,? lastSavePromise.catch(()=>true).then(()=>window.OTTHOS_DB.save(snapshot)).catch(error => {
if,02-state-save-cloud-account.js,266,if (immediate) return commitState();
if,02-state-save-cloud-account.js,281,if(!hasValidPlayerName())return false;
if,02-state-save-cloud-account.js,285,if(!remote||typeof remote!=='object')return false;
if,02-state-save-cloud-account.js,287,if(remoteSaved<=localSaved+2500){syncCloudProgress(true);return false;}
if,02-state-save-cloud-account.js,301,"safeLocalSet(STORAGE_KEY,JSON.stringify(state));window.OTTHOS_DB?.save?.(state).catch(()=>{});if(worldGroup&&world?.builds)reconcileWorldBuilds();updatePlayerNameUI();updateHUD();updateLobbyStats();toast('Progresso recuperado do Firebase sem apagar construções locais.','good',2300);return true;"
catch,02-state-save-cloud-account.js,301,"safeLocalSet(STORAGE_KEY,JSON.stringify(state));window.OTTHOS_DB?.save?.(state).catch(()=>{});if(worldGroup&&world?.builds)reconcileWorldBuilds();updatePlayerNameUI();updateHUD();updateLobbyStats();toast('Progresso recuperado do Firebase sem apagar construções locais.','good',2300);return true;"
if,02-state-save-cloud-account.js,309,if(window.OTTHOS_RTDB)return window.OTTHOS_RTDB;
if,02-state-save-cloud-account.js,312,"const finish=value=>{if(done)return;done=true;clearTimeout(timer);window.removeEventListener('otthos:rtdb-ready',ready);resolve(value);};"
if,02-state-save-cloud-account.js,319,"if(!backend?.configured)return{ok:false,error:'A nuvem do jogo ainda não está configurada.'};"
if,02-state-save-cloud-account.js,320,"if(backend.connected?.())return{ok:true,backend};"
if,02-state-save-cloud-account.js,326,if(!accountLinked()||accountSyncing)return false;
if,02-state-save-cloud-account.js,328,if(!accountLinked()||accountSyncing)return false;
if,02-state-save-cloud-account.js,329,const connection=await ensureAccountConnection();if(!connection.ok)return false;
if,02-state-save-cloud-account.js,331,if(!cloudAccount||cloudAccount.anonymous||cloudAccount.username!==accountSession.username)return false;
if,02-state-save-cloud-account.js,338,if(result?.ok)state.account.lastCloudSync=Date.now();
catch,02-state-save-cloud-account.js,340,"}catch(error){console.warn('Conta do jogo:',error);return false}"
if,02-state-save-cloud-account.js,343,if(force)return run();
if,02-state-save-cloud-account.js,347,if(!window.OTTHOS_ACCOUNT)throw new Error('Proteção de conta indisponível neste navegador.');
if,02-state-save-cloud-account.js,348,const cleanName=sanitizePlayerName(displayName);if(cleanName.length<3)throw new Error('Escolha um nome de jogador com pelo menos 3 caracteres.');
if,02-state-save-cloud-account.js,350,if(!connection.ok)throw new Error(connection.error);
if,02-state-save-cloud-account.js,352,if(!authResult?.ok)throw new Error(authResult?.error||'Não foi possível criar a conta protegida.');
if,02-state-save-cloud-account.js,355,"await commitState();const saved=await syncGameAccount(true);if(!saved)throw new Error('A conta foi criada, mas a primeira cópia online não terminou. Tente sincronizar novamente.');"
if,02-state-save-cloud-account.js,359,if(!window.OTTHOS_ACCOUNT)throw new Error('Proteção de conta indisponível neste navegador.');
if,02-state-save-cloud-account.js,361,if(!connection.ok)throw new Error(connection.error);
if,02-state-save-cloud-account.js,363,if(!authResult?.ok)throw new Error(authResult?.error||'Nome ou senha incorretos.');
if,02-state-save-cloud-account.js,365,if(!result?.ok)throw new Error(result?.error||'Não foi possível consultar a conta.');
if,02-state-save-cloud-account.js,366,"if(!result.exists)throw new Error('A conta existe, mas ainda não possui uma cópia de progresso. Entre no aparelho onde ela foi criada e toque em “Sincronizar agora”.');"
catch,02-state-save-cloud-account.js,375,await window.OTTHOS_RTDB?.signOutPlayerAccount?.().catch?.(()=>{});
if,02-state-save-cloud-account.js,383,"submit.onclick=async()=>{error.hidden=true;const pass=password.value;if(creating&&pass!==$('[data-account-confirm]',root).value){showError('As duas senhas precisam ser iguais.');return;}submit.disabled=true;submit.textContent=creating?'Criando conta...':'Recuperando...';try{if(creating)await createGameAccount($('[data-account-display]',root).value,user.value,pass);else await loginGameAccount(user.value,pass);closeModal();toast(creating?'Conta criada e progresso protegido.':'Progresso recuperado "
else,02-state-save-cloud-account.js,383,"submit.onclick=async()=>{error.hidden=true;const pass=password.value;if(creating&&pass!==$('[data-account-confirm]',root).value){showError('As duas senhas precisam ser iguais.');return;}submit.disabled=true;submit.textContent=creating?'Criando conta...':'Recuperando...';try{if(creating)await createGameAccount($('[data-account-display]',root).value,user.value,pass);else await loginGameAccount(user.value,pass);closeModal();toast(creating?'Conta criada e progresso protegido.':'Progresso recuperado "
catch,02-state-save-cloud-account.js,383,"submit.onclick=async()=>{error.hidden=true;const pass=password.value;if(creating&&pass!==$('[data-account-confirm]',root).value){showError('As duas senhas precisam ser iguais.');return;}submit.disabled=true;submit.textContent=creating?'Criando conta...':'Recuperando...';try{if(creating)await createGameAccount($('[data-account-display]',root).value,user.value,pass);else await loginGameAccount(user.value,pass);closeModal();toast(creating?'Conta criada e progresso protegido.':'Progresso recuperado "
if,02-state-save-cloud-account.js,392,"$('[data-account-logout]',root)?.addEventListener('click',async()=>{if(await confirmModal('Sair da conta','O progresso continuará neste aparelho e na cópia protegida.','Sair','Cancelar')){await unlinkGameAccount();toast('Conta desconectada deste aparelho.','good');}});"
if,02-state-save-cloud-account.js,393,"$('[data-account-offline]',root)?.addEventListener('click',()=>openPlayerNameModal(true,()=>{state.flags.accountPromptedV635=true;saveState(true);if(typeof onReady==='function')onReady();}));"
if,03-ui-modal-install-pwa.js,400,if (nextLevel > state.profile.level) {
if,03-ui-modal-install-pwa.js,417,if (state.medals.includes(name)) return;
if,03-ui-modal-install-pwa.js,423,if (state.flags[flag] === value) return;
if,03-ui-modal-install-pwa.js,441,if (state.settings.vibration && navigator.vibrate) navigator.vibrate(pattern);
if,03-ui-modal-install-pwa.js,444,if (!state.settings.sound) return;
if,03-ui-modal-install-pwa.js,447,if (!Ctx) return;
catch,03-ui-modal-install-pwa.js,455,} catch {}
if,03-ui-modal-install-pwa.js,460,if (els.quickBar) els.quickBar.hidden = true;
if,03-ui-modal-install-pwa.js,464,if (typeof player !== 'undefined' && player.vehicle) player.car.speed *= .7;
if,03-ui-modal-install-pwa.js,470,if (onReady) onReady(els.modalBody);
if,03-ui-modal-install-pwa.js,475,if (typeof fishingSession !== 'undefined' && fishingSession) cancelFishingSession();
if,03-ui-modal-install-pwa.js,476,else if (typeof fishingVisual !== 'undefined' && fishingVisual?.active) stopFishingVisual();
else,03-ui-modal-install-pwa.js,476,else if (typeof fishingVisual !== 'undefined' && fishingVisual?.active) stopFishingVisual();
if,03-ui-modal-install-pwa.js,485,if (resumePausedGame) {
if,03-ui-modal-install-pwa.js,488,if (running && player.vehicle) startEngineSound();
if,03-ui-modal-install-pwa.js,500,"els.modal.addEventListener('pointerdown', e => { if (e.target === els.modal) closeModal(); });"
if,03-ui-modal-install-pwa.js,510,if (els.installBtn) {
if,03-ui-modal-install-pwa.js,515,if (els.installHint) {
if,03-ui-modal-install-pwa.js,534,if (isStandalone()) { updateInstallUI(); return; }
if,03-ui-modal-install-pwa.js,535,if (deferredInstallPrompt) {
if,03-ui-modal-install-pwa.js,547,if (els.installBtn) els.installBtn.onclick = installApp;
catch,03-ui-modal-install-pwa.js,558,} catch {
catch,03-ui-modal-install-pwa.js,564,try { await saveState(true); } catch {}
catch,03-ui-modal-install-pwa.js,565,try { await lastSavePromise; } catch {}
if,03-ui-modal-install-pwa.js,569,if (otthiUpdateReloading) return false;
if,03-ui-modal-install-pwa.js,579,if (!isOfficialOtthiGameAddress() || !navigator.onLine || otthiUpdateReloading) return false;
if,03-ui-modal-install-pwa.js,581,if (!force && now - otthiLastUpdateCheck < OTTHI_UPDATE_INTERVAL_MS) return false;
if,03-ui-modal-install-pwa.js,587,if (!response.ok) throw new Error(`HTTP ${response.status}`);
if,03-ui-modal-install-pwa.js,591,if (remoteBuild && remoteBuild !== OTTHI_GAME_WEB_BUILD) {
catch,03-ui-modal-install-pwa.js,595,} catch (error) {
if,03-ui-modal-install-pwa.js,602,if (!('serviceWorker' in navigator) || !isOfficialOtthiGameAddress()) return;
if,03-ui-modal-install-pwa.js,606,if (controllerHandled) return;
if,03-ui-modal-install-pwa.js,608,if (hadController) reloadForOtthiUpdate(`sw-${OTTHI_GAME_WEB_BUILD}`);
if,03-ui-modal-install-pwa.js,615,if (registration.waiting) registration.waiting.postMessage({ type:'SKIP_WAITING' });
if,03-ui-modal-install-pwa.js,618,if (!worker) return;
if,03-ui-modal-install-pwa.js,620,if (worker.state === 'installed' && navigator.serviceWorker.controller) {
catch,03-ui-modal-install-pwa.js,625,await registration.update().catch(() => {});
catch,03-ui-modal-install-pwa.js,628,registration.update().catch(() => {});
catch,03-ui-modal-install-pwa.js,631,} catch (error) {
if,03-ui-modal-install-pwa.js,636,if ('serviceWorker' in navigator) {
if,03-ui-modal-install-pwa.js,642,if (!document.hidden) probeOtthiGameUpdate(false);
if,04-education-daily-quiz.js,660,"function daysBetween(a,b){if(!a||!b)return 99;return Math.round((new Date(`${b}T12:00:00`)-new Date(`${a}T12:00:00`))/86400000)}"
if,04-education-daily-quiz.js,661,"function ensureDailyChallenges(){const key=localDateKey();if(state.daily.date===key&&state.daily.quests?.length)return;const gap=daysBetween(state.daily.lastDate,key);state.daily.streak=gap===1?(state.daily.streak||0)+1:gap===0?(state.daily.streak||1):1;let seed=Number(key.replaceAll('-',''));const pool=[...DAILY_QUEST_POOL],picked=[];while(picked.length<3&&pool.length){seed=(seed*9301+49297)%233280;const q=pool.splice(Math.floor(seed/233280*pool.length),1)[0];picked.push({id:q.id,progress:0,tar"
while,04-education-daily-quiz.js,661,"function ensureDailyChallenges(){const key=localDateKey();if(state.daily.date===key&&state.daily.quests?.length)return;const gap=daysBetween(state.daily.lastDate,key);state.daily.streak=gap===1?(state.daily.streak||0)+1:gap===0?(state.daily.streak||1):1;let seed=Number(key.replaceAll('-',''));const pool=[...DAILY_QUEST_POOL],picked=[];while(picked.length<3&&pool.length){seed=(seed*9301+49297)%233280;const q=pool.splice(Math.floor(seed/233280*pool.length),1)[0];picked.push({id:q.id,progress:0,tar"
if,04-education-daily-quiz.js,665,"for(const q of state.daily.quests){if(q.id!==type||q.claimed)continue;const before=q.progress;q.progress=clamp((q.progress||0)+amount,0,q.target);if(q.progress!==before){changed=true;if(before<q.target&&q.progress>=q.target)completedNow=true;}}"
for,04-education-daily-quiz.js,665,"for(const q of state.daily.quests){if(q.id!==type||q.claimed)continue;const before=q.progress;q.progress=clamp((q.progress||0)+amount,0,q.target);if(q.progress!==before){changed=true;if(before<q.target&&q.progress>=q.target)completedNow=true;}}"
if,04-education-daily-quiz.js,666,if(!changed)return;updateDailyBadge();const now=performance.now();
if,04-education-daily-quiz.js,667,if(completedNow||!trackDaily.lastSave||now-trackDaily.lastSave>6000){trackDaily.lastSave=now;saveState();}
if,04-education-daily-quiz.js,669,"function updateDailyBadge(){if(!els.dailyBtn)return;ensureDailyChallenges();const ready=state.daily.quests.filter(q=>!q.claimed&&q.progress>=q.target).length;els.dailyBtn.classList.toggle('reward-ready',ready>0);const span=$('span',els.dailyBtn);if(span)span.textContent=ready?`Prêmio ${ready}`:'Desafios';}"
if,04-education-daily-quiz.js,670,"function claimDailyQuest(index){const q=state.daily.quests[index],def=dailyDefinition(q?.id);if(!q||!def||q.claimed||q.progress<q.target)return;q.claimed=true;addCoins(q.reward);addXP(q.xp);addReputation(3);beep(980,90);vibrate(30);toast(`Desafio concluído! +${q.reward} moedas`,'good',2200);saveState(true);openDailyChallenges();}"
if,04-education-daily-quiz.js,689,"if(level===1){const n=1+Math.floor(rand()*9);return{kind:'choice',visual:emoji.repeat(n),prompt:'Quantos objetos aparecem?',answer:String(n),options:choiceSet(String(n),[n-2,n-1,n+1,n+2].filter(x=>x>0).map(String),rand)};}"
if,04-education-daily-quiz.js,690,"if(level===2){const a=1+Math.floor(rand()*8),b=1+Math.floor(rand()*7),ans=a+b;return{kind:'choice',visual:`${emoji.repeat(a)} + ${emoji.repeat(b)}`,prompt:`Quanto é ${a} + ${b}?`,answer:String(ans),options:choiceSet(String(ans),[ans-2,ans-1,ans+1,ans+2].map(String),rand)};}"
if,04-education-daily-quiz.js,691,"if(level===3){const a=5+Math.floor(rand()*10),b=1+Math.floor(rand()*Math.min(8,a)),ans=a-b;return{kind:'choice',visual:`${a} − ${b}`,prompt:'Quanto sobrou?',answer:String(ans),options:choiceSet(String(ans),[ans-2,ans-1,ans+1,ans+2].filter(x=>x>=0).map(String),rand)};}"
if,04-education-daily-quiz.js,692,"if(level===4){const start=1+Math.floor(rand()*5),step=1+Math.floor(rand()*3),seq=[start,start+step,'?',start+step*3],ans=start+step*2;return{kind:'choice',visual:seq.join('  •  '),prompt:'Qual número completa a sequência?',answer:String(ans),options:choiceSet(String(ans),[ans-step,ans+step,ans+2,ans-1].map(String),rand)};}"
if,04-education-daily-quiz.js,693,"if(level===5){const a=1+Math.floor(rand()*20),b=1+Math.floor(rand()*20),ans=a===b?'=':a>b?'>':'<';return{kind:'choice',visual:`${a}  ?  ${b}`,prompt:'Escolha o sinal correto.',answer:ans,options:['>','<','=']};}"
if,04-education-daily-quiz.js,698,"if(level===1){const ans=word.pt[0];return{kind:'choice',visual:word.emoji,prompt:`Com qual letra começa ${word.pt}?`,answer:ans,options:choiceSet(ans,['A','B','C','G','L','M','P','S','T'],rand)};}"
if,04-education-daily-quiz.js,699,"if(level===2){return{kind:'choice',visual:word.emoji,prompt:'Qual é o nome desta imagem?',answer:word.pt,options:choiceSet(word.pt,WORD_BANK.map(w=>w.pt),rand)};}"
if,04-education-daily-quiz.js,700,"if(level===3){const positions=[...word.pt].map((c,i)=>/[AEIOUÁÉÍÓÚÃÕ]/.test(c)?i:-1).filter(i=>i>=0),pos=positions[Math.floor(rand()*positions.length)]??1,ans=word.pt[pos],masked=[...word.pt];masked[pos]='_';return{kind:'choice',visual:word.emoji,prompt:`Complete: ${masked.join('')}`,answer:ans,options:choiceSet(ans,['A','E','I','O','U'],rand)};}"
if,04-education-daily-quiz.js,701,"if(level===4){return{kind:'sequence',visual:word.emoji,prompt:'Toque nas sílabas para montar a palavra.',answer:word.syllables.join(''),tokens:shuffled(word.syllables,rand),displayAnswer:word.pt};}"
if,04-education-daily-quiz.js,702,"if(level===5){const correct=`O ${word.pt.toLowerCase()} aparece na imagem.`;return{kind:'choice',visual:word.emoji,prompt:'Qual frase está escrita corretamente?',answer:correct,options:shuffled([correct,`A ${word.pt.toLowerCase()} aparecem na imagem.`,`Os ${word.pt.toLowerCase()} aparece na imagem.`],rand)};}"
if,04-education-daily-quiz.js,707,"if(level===1){return{kind:'choice',visual:word.emoji,prompt:'Choose the English word.',answer:word.en,options:choiceSet(word.en,WORD_BANK.map(w=>w.en),rand),speak:word.en};}"
if,04-education-daily-quiz.js,708,"if(level===2){return{kind:'choice',visual:word.pt,prompt:`Como se diz “${word.pt.toLowerCase()}” em inglês?`,answer:word.en,options:choiceSet(word.en,WORD_BANK.map(w=>w.en),rand),speak:word.en};}"
if,04-education-daily-quiz.js,709,"if(level===3){return{kind:'choice',visual:'🔊',prompt:'Ouça e escolha a palavra.',answer:word.en,options:choiceSet(word.en,WORD_BANK.map(w=>w.en),rand),speak:word.en,autoSpeak:true};}"
if,04-education-daily-quiz.js,710,"if(level===4){const pos=Math.floor(rand()*word.en.length),ans=word.en[pos],masked=[...word.en];masked[pos]='_';return{kind:'choice',visual:word.emoji,prompt:`Complete: ${masked.join('')}`,answer:ans,options:choiceSet(ans,'ABCDEFGHIJKLMNOPQRSTUVWXYZ'.split(''),rand),speak:word.en};}"
if,04-education-daily-quiz.js,711,"if(level===5){const phrases=[['HELLO','Olá'],['THANK YOU','Obrigado'],['GOOD MORNING','Bom dia'],['PLEASE','Por favor'],['GOODBYE','Tchau']],pair=phrases[Math.floor(rand()*phrases.length)];return{kind:'choice',visual:'💬',prompt:`Qual é o significado de “${pair[0]}”?`,answer:pair[1],options:choiceSet(pair[1],phrases.map(p=>p[1]),rand),speak:pair[0]};}"
if,04-education-daily-quiz.js,717,"function educationSummary(){let done=0,total=0;for(const id of Object.keys(EDUCATION_SUBJECTS))for(let l=1;l<=6;l++){total++;if(subjectLevelRecord(id,l).completed)done++;}return{done,total,pct:Math.round(done/total*100)};}"
for,04-education-daily-quiz.js,717,"function educationSummary(){let done=0,total=0;for(const id of Object.keys(EDUCATION_SUBJECTS))for(let l=1;l<=6;l++){total++;if(subjectLevelRecord(id,l).completed)done++;}return{done,total,pct:Math.round(done/total*100)};}"
catch,04-education-daily-quiz.js,718,function speakKidWord(text){try{speechSynthesis.cancel();const u=new SpeechSynthesisUtterance(String(text));u.lang='en-US';u.rate=.78;u.pitch=1.08;speechSynthesis.speak(u);}catch{}}
if,04-education-daily-quiz.js,728,"root.onclick=e=>{const tabBtn=e.target.closest('[data-edu-tab]'),playBtn=e.target.closest('[data-edu-play]'),startBtn=e.target.closest('[data-academy-start]'),claimBtn=e.target.closest('[data-daily-claim]'),onlineBtn=e.target.closest('[data-open-online]');if(tabBtn){openEducationHub(tabBtn.dataset.eduTab);return;}if(startBtn){startSoloEducationGame(startBtn.dataset.academyStart,1);return;}if(playBtn){startSoloEducationGame(playBtn.dataset.eduPlay,Number(playBtn.dataset.eduLevel));return;}if(clai"
if,04-education-daily-quiz.js,735,"const complete=()=>{const elapsed=Math.round(performance.now()-started),result={score,total:items.length,elapsed,subject,level};if(onFinish)return onFinish(result);finishSoloEducationGame(result);};"
if,04-education-daily-quiz.js,736,"const render=()=>{if(step>=items.length||hearts<=0)return complete();const q=items[step],progress=Math.round(step/items.length*100),speak=q.speak?`<button class=""edu-speak"" data-edu-speak>🔊 Ouvir</button>`:'';"
if,04-education-daily-quiz.js,739,"if(q.autoSpeak)setTimeout(()=>speakKidWord(q.speak),180);$('[data-edu-speak]',root)?.addEventListener('click',()=>speakKidWord(q.speak));"
if,04-education-daily-quiz.js,740,"const resolveAnswer=(answer,button=null)=>{if(locked)return;locked=true;const correct=String(answer).toUpperCase()===String(q.answer).toUpperCase(),feedback=$('#eduFeedback',root);if(correct){score++;state.learning.totalCorrect++;button?.classList.add('correct');feedback.hidden=false;feedback.className='lesson-feedback good';feedback.innerHTML='<b>Correto!</b><span>Continue assim.</span>';beep(780,80);addXP(5);}else{hearts--;button?.classList.add('wrong');feedback.hidden=false;feedback.className"
else,04-education-daily-quiz.js,740,"const resolveAnswer=(answer,button=null)=>{if(locked)return;locked=true;const correct=String(answer).toUpperCase()===String(q.answer).toUpperCase(),feedback=$('#eduFeedback',root);if(correct){score++;state.learning.totalCorrect++;button?.classList.add('correct');feedback.hidden=false;feedback.className='lesson-feedback good';feedback.innerHTML='<b>Correto!</b><span>Continue assim.</span>';beep(780,80);addXP(5);}else{hearts--;button?.classList.add('wrong');feedback.hidden=false;feedback.className"
if,04-education-daily-quiz.js,742,"$$('[data-sequence-token]',root).forEach(btn=>btn.onclick=()=>{if(locked||btn.disabled)return;sequence.push(q.tokens[Number(btn.dataset.sequenceToken)]);btn.disabled=true;$('#sequenceBuilt',root).textContent=sequence.join('');});"
catch,04-education-daily-quiz.js,747,"function startSoloEducationGame(subject,level){try{closeChallengePrompt();runEducationGame({subject,level:Number(level)||1,seed:Date.now()});}catch(error){console.error('Academia Kids:',error);toast('Não foi possível abrir o jogo. Atualize a página.','bad',3000);}}"
if,04-education-daily-quiz.js,748,"function finishSoloEducationGame(result){const passed=result.score>=3,stars=passed?(result.score===result.total?3:result.score>=4?2:1):0,key=`${result.subject}-${result.level}`,old=subjectLevelRecord(result.subject,result.level);state.learning.lessons[key]={completed:old.completed||passed,stars:Math.max(old.stars||0,stars),best:Math.max(old.best||0,result.score),attempts:(old.attempts||0)+1};state.learning.lastLesson=key;state.learning.subjectXP[result.subject]=(state.learning.subjectXP[result.s"
else,04-education-daily-quiz.js,748,"function finishSoloEducationGame(result){const passed=result.score>=3,stars=passed?(result.score===result.total?3:result.score>=4?2:1):0,key=`${result.subject}-${result.level}`,old=subjectLevelRecord(result.subject,result.level);state.learning.lessons[key]={completed:old.completed||passed,stars:Math.max(old.stars||0,stars),best:Math.max(old.best||0,result.score),attempts:(old.attempts||0)+1};state.learning.lastLesson=key;state.learning.subjectXP[result.subject]=(state.learning.subjectXP[result.s"
if,04-education-daily-quiz.js,752,"if(!['dance','play','selfie','highfive','hug'].includes(type))return;clearTimeout(cinematicEmoteTimer);document.body.classList.add('cinematic-emote');cinematicEmoteTimer=setTimeout(()=>document.body.classList.remove('cinematic-emote'),Math.max(900,duration));"
if,04-education-daily-quiz.js,756,if(npc){npc.emoteType=type;npc.emoteUntil=performance.now()+duration;}
if,04-education-daily-quiz.js,757,"if(['dance','play','selfie','highfive','hug'].includes(type)){"
if,04-education-daily-quiz.js,759,"setTimeout(()=>{if(triggerEmote.cinemaToken===token)document.body.classList.remove('social-moment');},duration+180);"
if,04-education-daily-quiz.js,761,"if(type==='play')state.needs.fun=clamp(state.needs.fun+8,0,100);"
if,05-avatar-life-customization.js,789,if(job&&!terminal.includes(String(job.missionState||''))){
if,05-avatar-life-customization.js,819,"const cancel=$('[data-life-cancel-companions]',root);if(cancel)cancel.onclick=()=>{for(const npc of world.npcs||[]){npc.following=false;npc.pendingRide=false;npc.passengerMode=null;if(npc.group)npc.group.visible=true;}closeModal();toast('Passeio encerrado com segurança.','good');};"
for,05-avatar-life-customization.js,819,"const cancel=$('[data-life-cancel-companions]',root);if(cancel)cancel.onclick=()=>{for(const npc of world.npcs||[]){npc.following=false;npc.pendingRide=false;npc.passengerMode=null;if(npc.group)npc.group.visible=true;}closeModal();toast('Passeio encerrado com segurança.','good');};"
for,06-missions-profile-hud-inventory-tools.js,942,for (const chapter of missionChapters) {
if,06-missions-profile-hud-inventory-tools.js,944,if (complete && !state.completedChapters.includes(chapter.id)) {
if,06-missions-profile-hud-inventory-tools.js,952,if(state.objectives?.pinnedChapterId&&!pinned)state.objectives.pinnedChapterId='';
if,06-missions-profile-hud-inventory-tools.js,960,if (job) {
if,06-missions-profile-hud-inventory-tools.js,968,if (!activeMission) return;
if,06-missions-profile-hud-inventory-tools.js,992,"function updatePlayerNameUI(){const name=hasValidPlayerName()?state.profile.name:'Escolher nome';if(els.lobbyPlayerName)els.lobbyPlayerName.textContent=name;if(els.hudPlayerName)els.hudPlayerName.textContent=hasValidPlayerName()?state.profile.name:'Jogador';if(els.accountStatusLabel)els.accountStatusLabel.textContent=accountStatusText();const menu=$('#avatarMenuName'),quick=$('#avatarQuickName');if(menu)menu.textContent=`Meu ${playerDisplayName()}`;if(quick)quick.textContent=playerDisplayName();"
if,06-missions-profile-hud-inventory-tools.js,993,"function applyPlayerName(name){const clean=sanitizePlayerName(name);if(clean.length<3){toast('Digite um nome com pelo menos 3 caracteres.','warn',2200);return false;}state.profile.name=clean;state.profile.nameConfirmed=true;state.multiplayer.displayName=clean;updatePlayerNameUI();saveState(true);window.OTTHOS_RTDB?.setDisplayName?.(clean);if(running)window.OTTHOS_RTDB?.publish?.({name:clean,x:player.x,y:player.y,z:player.z,r:player.facing,vehicle:!!player.vehicle,vehicleId:player.car.id||'',vehi"
if,06-missions-profile-hud-inventory-tools.js,996,"openModal(required?'Escolha seu nome de jogador':'Nome do jogador',`<div class=""player-name-modal""><div class=""player-name-icon"">👤</div><p>${required?'Antes de entrar, escolha o nome que aparecerá para os outros jogadores.':'Este nome aparece sobre seu personagem no multiplayer.'}</p><label class=""field""><span>Nome público</span><input id=""playerNameInput"" maxlength=""18"" autocomplete=""nickname"" inputmode=""text"" value=""${current.replace(/""/g,'&quot;')}"" placeholder=""Ex.: Thiago""></label><small>De"
if,06-missions-profile-hud-inventory-tools.js,1017,"if (els.needsToggleBtn) { els.needsToggleBtn.textContent = lowest < 20 ? '⚠️' : lowest < 50 ? '💛' : '❤️'; els.needsToggleBtn.classList.toggle('warning', lowest < 35); }"
if,06-missions-profile-hud-inventory-tools.js,1026,"</div><div class=""modal-actions""><button class=""btn primary"" data-open-tools>Ferramentas</button>${inv.cookedFish>0?'<button class=""btn"" data-eat-cooked>Comer peixe assado</button>':''}</div>`,root=>{$('[data-open-tools]',root)?.addEventListener('click',openToolbelt);$('[data-eat-cooked]',root)?.addEventListener('click',()=>{if((state.inventory.cookedFish||0)<1)return;state.inventory.cookedFish--;state.needs.hunger=clamp(state.needs.hunger+32,0,100);state.needs.energy=clamp(state.needs.energy+6,"
if,06-missions-profile-hud-inventory-tools.js,1036,"if(!TOOL_DEFS[id]||!state.tools.owned.includes(id))return false;state.tools.equipped=id;saveState(true);refreshEquippedToolVisual();if(els.toolsBtn){els.toolsBtn.firstChild.textContent=TOOL_DEFS[id].icon;$('span',els.toolsBtn).textContent=TOOL_DEFS[id].name;}toast(`${TOOL_DEFS[id].name} equipado.`,'good',1200);return true;"
if,06-missions-profile-hud-inventory-tools.js,1042,if(!playerModel?.userData?.parts?.rightArm)return;
if,06-missions-profile-hud-inventory-tools.js,1043,const arm=playerModel.userData.parts.rightArm;if(toolVisual){arm.remove(toolVisual);toolVisual=null;}
if,06-missions-profile-hud-inventory-tools.js,1046,if(type==='bucket'){
else,06-missions-profile-hud-inventory-tools.js,1048,}else{
if,06-missions-profile-hud-inventory-tools.js,1050,"if(type==='axe'){box(.48,.3,.14,metal,.17,.25,0,toolVisual);box(.18,.18,.17,metal,-.13,.25,0,toolVisual);}"
else,06-missions-profile-hud-inventory-tools.js,1051,"else{box(.72,.16,.16,metal,0,.25,0,toolVisual);box(.16,.28,.16,metal,-.3,.14,0,toolVisual);box(.16,.28,.16,metal,.3,.14,0,toolVisual);}"
for,07-navigation-traffic-routes.js,1064,"function routeLength(points){let total=0;for(let i=1;i<points.length;i++)total+=Math.hypot(points[i].x-points[i-1].x,points[i].z-points[i-1].z);return total;}"
if,07-navigation-traffic-routes.js,1065,"function compactRoute(points){const out=[];for(const p of points){if(!p)continue;const last=out[out.length-1];if(!last||Math.hypot(last.x-p.x,last.z-p.z)>.25)out.push({x:+p.x,z:+p.z});}return out;}"
for,07-navigation-traffic-routes.js,1065,"function compactRoute(points){const out=[];for(const p of points){if(!p)continue;const last=out[out.length-1];if(!last||Math.hypot(last.x-p.x,last.z-p.z)>.25)out.push({x:+p.x,z:+p.z});}return out;}"
if,07-navigation-traffic-routes.js,1067,"function navBlocked(x,z){for(const h of world.hazards||[]){if(Math.abs(x-h.x)<=h.w/2+.55&&Math.abs(z-h.z)<=h.d/2+.55)return true;}for(const c of world.colliders||[]){if(c.houseId&&currentHouse&&c.houseId===currentHouse.id)continue;if(Math.abs(x-c.x)<=c.w/2+.45&&Math.abs(z-c.z)<=c.d/2+.45)return true;}return false;}"
for,07-navigation-traffic-routes.js,1067,"function navBlocked(x,z){for(const h of world.hazards||[]){if(Math.abs(x-h.x)<=h.w/2+.55&&Math.abs(z-h.z)<=h.d/2+.55)return true;}for(const c of world.colliders||[]){if(c.houseId&&currentHouse&&c.houseId===currentHouse.id)continue;if(Math.abs(x-c.x)<=c.w/2+.45&&Math.abs(z-c.z)<=c.d/2+.45)return true;}return false;}"
if,07-navigation-traffic-routes.js,1068,"function segmentClear(a,b){const len=Math.hypot(b.x-a.x,b.z-a.z),steps=Math.max(1,Math.ceil(len/1.8));for(let i=1;i<steps;i++){const t=i/steps;if(navBlocked(a.x+(b.x-a.x)*t,a.z+(b.z-a.z)*t))return false;}return true;}"
for,07-navigation-traffic-routes.js,1068,"function segmentClear(a,b){const len=Math.hypot(b.x-a.x,b.z-a.z),steps=Math.max(1,Math.ceil(len/1.8));for(let i=1;i<steps;i++){const t=i/steps;if(navBlocked(a.x+(b.x-a.x)*t,a.z+(b.z-a.z)*t))return false;}return true;}"
if,07-navigation-traffic-routes.js,1069,"function nearestRoadProjection(pos){let best=null;for(const [aId,bId] of NAV_BASE_EDGES){const a=NAV_BASE_NODES[aId],b=NAV_BASE_NODES[bId],p=projectPointToSegment(pos,a,b),distance=Math.hypot(pos.x-p.x,pos.z-p.z),clear=segmentClear(pos,p);const score=distance+(clear?0:120);if(!best||score<best.score)best={aId,bId,point:p,distance,clear,score};}return best;}"
for,07-navigation-traffic-routes.js,1069,"function nearestRoadProjection(pos){let best=null;for(const [aId,bId] of NAV_BASE_EDGES){const a=NAV_BASE_NODES[aId],b=NAV_BASE_NODES[bId],p=projectPointToSegment(pos,a,b),distance=Math.hypot(pos.x-p.x,pos.z-p.z),clear=segmentClear(pos,p);const score=distance+(clear?0:120);if(!best||score<best.score)best={aId,bId,point:p,distance,clear,score};}return best;}"
if,07-navigation-traffic-routes.js,1072,if(!points?.length)return null;let best=null;
if,07-navigation-traffic-routes.js,1073,"for(let i=0;i<points.length;i++){const a=points[i],b=points[(i+1)%points.length];if(!a||!b)continue;const point=projectPointToSegment(pos,a,b),distance=Math.hypot(pos.x-point.x,pos.z-point.z);if(!best||distance<best.distance)best={point,distance,index:i,nextIndex:(i+1)%points.length};}"
for,07-navigation-traffic-routes.js,1073,"for(let i=0;i<points.length;i++){const a=points[i],b=points[(i+1)%points.length];if(!a||!b)continue;const point=projectPointToSegment(pos,a,b),distance=Math.hypot(pos.x-point.x,pos.z-point.z);if(!best||distance<best.distance)best={point,distance,index:i,nextIndex:(i+1)%points.length};}"
if,07-navigation-traffic-routes.js,1077,"if(!group||pointOnRoad(group.position.x,group.position.z,.15))return true;"
if,07-navigation-traffic-routes.js,1079,"if(projection?.point&&pointOnRoad(projection.point.x,projection.point.z,.05)){group.position.x=projection.point.x;group.position.z=projection.point.z;return true;}"
if,07-navigation-traffic-routes.js,1080,if(previous){group.position.x=previous.x;group.position.z=previous.z;}return false;
if,07-navigation-traffic-routes.js,1084,if(world.trafficSnapshot&&now-(world.trafficSnapshotAt||0)<12)return world.trafficSnapshot;
if,07-navigation-traffic-routes.js,1086,"for(const bus of world.buses||[])if(bus.group?.visible)actors.push({id:`bus-${bus.id}`,type:'bus',group:bus.group,radius:2.65,speed:Math.abs(bus.currentSpeed||0),ref:bus});"
for,07-navigation-traffic-routes.js,1086,"for(const bus of world.buses||[])if(bus.group?.visible)actors.push({id:`bus-${bus.id}`,type:'bus',group:bus.group,radius:2.65,speed:Math.abs(bus.currentSpeed||0),ref:bus});"
if,07-navigation-traffic-routes.js,1087,"for(const car of world.policeCars||[])if(car.group?.visible)actors.push({id:`police-${car.id}`,type:'police',group:car.group,radius:1.65,speed:Math.abs(car.currentSpeed||car.speed||0),ref:car});"
for,07-navigation-traffic-routes.js,1087,"for(const car of world.policeCars||[])if(car.group?.visible)actors.push({id:`police-${car.id}`,type:'police',group:car.group,radius:1.65,speed:Math.abs(car.currentSpeed||car.speed||0),ref:car});"
if,07-navigation-traffic-routes.js,1088,"for(const truck of world.fireTrucks||[])if(truck.group?.visible)actors.push({id:`fire-${truck.id}`,type:'fire',group:truck.group,radius:2.25,speed:Math.abs(truck.currentSpeed||truck.speed||0),ref:truck});"
for,07-navigation-traffic-routes.js,1088,"for(const truck of world.fireTrucks||[])if(truck.group?.visible)actors.push({id:`fire-${truck.id}`,type:'fire',group:truck.group,radius:2.25,speed:Math.abs(truck.currentSpeed||truck.speed||0),ref:truck});"
if,07-navigation-traffic-routes.js,1089,"for(const ambulance of world.ambulances||[])if(ambulance.group?.visible)actors.push({id:`ambulance-${ambulance.id}`,type:'ambulance',group:ambulance.group,radius:1.9,speed:Math.abs(ambulance.currentSpeed||ambulance.speed||0),ref:ambulance});"
for,07-navigation-traffic-routes.js,1089,"for(const ambulance of world.ambulances||[])if(ambulance.group?.visible)actors.push({id:`ambulance-${ambulance.id}`,type:'ambulance',group:ambulance.group,radius:1.9,speed:Math.abs(ambulance.currentSpeed||ambulance.speed||0),ref:ambulance});"
if,07-navigation-traffic-routes.js,1090,"for(const npc of world.npcs||[])if(npc.mobility?.group?.visible&&npc.mobility.type!=='walk')actors.push({id:`npc-${npc.id}`,type:npc.mobility.type,group:npc.mobility.group,radius:npc.mobility.radius||1.25,speed:Math.abs(npc.mobility.currentSpeed||npc.mobility.speed||0),ref:npc.mobility});"
for,07-navigation-traffic-routes.js,1090,"for(const npc of world.npcs||[])if(npc.mobility?.group?.visible&&npc.mobility.type!=='walk')actors.push({id:`npc-${npc.id}`,type:npc.mobility.type,group:npc.mobility.group,radius:npc.mobility.radius||1.25,speed:Math.abs(npc.mobility.currentSpeed||npc.mobility.speed||0),ref:npc.mobility});"
if,07-navigation-traffic-routes.js,1094,"function trafficPriority(actor){if(actor?.incidentTargetId||actor?.targetFireId)return 50;let type=actor?.route?.schoolBus?'school':actor?.route?'bus':actor?.type||actor?.kind||actor?.trafficType||'';if(!type&&world.ambulances?.includes(actor))type='ambulance';else if(!type&&world.fireTrucks?.includes(actor))type='fire';else if(!type&&world.policeCars?.includes(actor))type='police';return({ambulance:45,fire:44,police:43,school:28,bus:22,car:16,moto:14,bike:10,skate:8})[type]||18;}"
else,07-navigation-traffic-routes.js,1094,"function trafficPriority(actor){if(actor?.incidentTargetId||actor?.targetFireId)return 50;let type=actor?.route?.schoolBus?'school':actor?.route?'bus':actor?.type||actor?.kind||actor?.trafficType||'';if(!type&&world.ambulances?.includes(actor))type='ambulance';else if(!type&&world.fireTrucks?.includes(actor))type='fire';else if(!type&&world.policeCars?.includes(actor))type='police';return({ambulance:45,fire:44,police:43,school:28,bus:22,car:16,moto:14,bike:10,skate:8})[type]||18;}"
if,07-navigation-traffic-routes.js,1096,if(!actor?.group)return 1;const now=performance.now();if(now<Number(actor.incidentUntil||0))return 0;
if,07-navigation-traffic-routes.js,1098,"for(const other of trafficActorList()){if(other.ref===actor||other.id===actor.id)continue;const dx=other.group.position.x-ax,dz=other.group.position.z-az,forward=dx*fx+dz*fz,side=Math.abs(dx*rx+dz*rz),gap=(actor.radius||1.5)+(other.radius||1.5)+.38;"
for,07-navigation-traffic-routes.js,1098,"for(const other of trafficActorList()){if(other.ref===actor||other.id===actor.id)continue;const dx=other.group.position.x-ax,dz=other.group.position.z-az,forward=dx*fx+dz*fz,side=Math.abs(dx*rx+dz*rz),gap=(actor.radius||1.5)+(other.radius||1.5)+.38;"
if,07-navigation-traffic-routes.js,1099,"if(forward>-.25&&forward<lookAhead+gap&&side<gap*.86)factor=Math.min(factor,clamp((forward-gap*.92)/Math.max(1,lookAhead),0,1));"
if,07-navigation-traffic-routes.js,1101,"if(futureGap<gap*1.18&&Math.hypot(dx,dz)<lookAhead+gap+4){const myPriority=trafficPriority(actor),otherPriority=trafficPriority(other);if(myPriority<=otherPriority)factor=Math.min(factor,clamp((futureGap-gap*.65)/(gap*.8),0,.58));}"
for,07-navigation-traffic-routes.js,1105,"function captureTrafficPositions(){const before=new Map();world.trafficSnapshot=null;for(const actor of trafficActorList())before.set(actor.id,{x:actor.group.position.x,z:actor.group.position.z});return before;}"
if,07-navigation-traffic-routes.js,1108,"for(const actor of actors)if(!pointOnRoad(actor.group.position.x,actor.group.position.z,.5))snapTrafficToRoad(actor.group,before?.get(actor.id));"
for,07-navigation-traffic-routes.js,1108,"for(const actor of actors)if(!pointOnRoad(actor.group.position.x,actor.group.position.z,.5))snapTrafficToRoad(actor.group,before?.get(actor.id));"
for,07-navigation-traffic-routes.js,1109,for(let i=0;i<actors.length;i++)for(let j=i+1;j<actors.length;j++){
if,07-navigation-traffic-routes.js,1110,"const a=actors[i],b=actors[j];if(a.ref?.incidentUntil||b.ref?.incidentUntil)continue;const dx=b.group.position.x-a.group.position.x,dz=b.group.position.z-a.group.position.z,d=Math.hypot(dx,dz),gap=(a.radius+b.radius)*.78;if(d>=gap)continue;"
if,07-navigation-traffic-routes.js,1112,let yieldActor;if(aEmergency!==bEmergency)yieldActor=aEmergency?b:a;else if(Math.abs(a.speed-b.speed)>.25)yieldActor=a.speed>b.speed?a:b;else yieldActor=a.id>b.id?a:b;
else,07-navigation-traffic-routes.js,1112,let yieldActor;if(aEmergency!==bEmergency)yieldActor=aEmergency?b:a;else if(Math.abs(a.speed-b.speed)>.25)yieldActor=a.speed>b.speed?a:b;else yieldActor=a.id>b.id?a:b;
if,07-navigation-traffic-routes.js,1113,"const old=before?.get(yieldActor.id);if(old){yieldActor.group.position.x=old.x;yieldActor.group.position.z=old.z;snapTrafficToRoad(yieldActor.group,old);}yieldActor.ref.currentSpeed=0;yieldActor.ref.trafficHoldUntil=performance.now()+450;"
if,07-navigation-traffic-routes.js,1114,"const remain=Math.hypot(b.group.position.x-a.group.position.x,b.group.position.z-a.group.position.z);if(remain<gap*.82){const other=yieldActor===a?b:a,otherOld=before?.get(other.id);if(otherOld){other.group.position.x=otherOld.x;other.group.position.z=otherOld.z;snapTrafficToRoad(other.group,otherOld);}other.ref.currentSpeed=0;other.ref.trafficHoldUntil=performance.now()+240;const nx=(b.group.position.x-a.group.position.x)/(remain||1),nz=(b.group.position.z-a.group.position.z)/(remain||1),push=("
if,07-navigation-traffic-routes.js,1119,"function graphAdd(adj,a,b,w){if(!adj.has(a))adj.set(a,[]);if(!adj.has(b))adj.set(b,[]);adj.get(a).push({id:b,w});adj.get(b).push({id:a,w});}"
if,07-navigation-traffic-routes.js,1120,"function graphShortest(nodes,adj,startId,endId){const dist=new Map([[startId,0]]),prev=new Map(),open=new Set(nodes.keys());while(open.size){let current=null,best=Infinity;for(const id of open){const d=dist.get(id)??Infinity;if(d<best){best=d;current=id;}}if(current===null||current===endId)break;open.delete(current);for(const e of adj.get(current)||[]){if(!open.has(e.id))continue;const nd=best+e.w;if(nd<(dist.get(e.id)??Infinity)){dist.set(e.id,nd);prev.set(e.id,current);}}}if(!dist.has(endId))r"
for,07-navigation-traffic-routes.js,1120,"function graphShortest(nodes,adj,startId,endId){const dist=new Map([[startId,0]]),prev=new Map(),open=new Set(nodes.keys());while(open.size){let current=null,best=Infinity;for(const id of open){const d=dist.get(id)??Infinity;if(d<best){best=d;current=id;}}if(current===null||current===endId)break;open.delete(current);for(const e of adj.get(current)||[]){if(!open.has(e.id))continue;const nd=best+e.w;if(nd<(dist.get(e.id)??Infinity)){dist.set(e.id,nd);prev.set(e.id,current);}}}if(!dist.has(endId))r"
while,07-navigation-traffic-routes.js,1120,"function graphShortest(nodes,adj,startId,endId){const dist=new Map([[startId,0]]),prev=new Map(),open=new Set(nodes.keys());while(open.size){let current=null,best=Infinity;for(const id of open){const d=dist.get(id)??Infinity;if(d<best){best=d;current=id;}}if(current===null||current===endId)break;open.delete(current);for(const e of adj.get(current)||[]){if(!open.has(e.id))continue;const nd=best+e.w;if(nd<(dist.get(e.id)??Infinity)){dist.set(e.id,nd);prev.set(e.id,current);}}}if(!dist.has(endId))r"
if,07-navigation-traffic-routes.js,1123,"if(!startProjection||!targetProjection)return compactRoute([from,target]);"
if,07-navigation-traffic-routes.js,1125,"const cached=world.navCache.get(cacheKey);if(cached)return compactRoute([{x:from.x,z:from.z},...cached.slice(1,-1),target]);"
for,07-navigation-traffic-routes.js,1127,"for(const[aId,bId]of NAV_BASE_EDGES){const a=nodes.get(aId),b=nodes.get(bId);graphAdd(adj,aId,bId,Math.hypot(a.x-b.x,a.z-b.z));}"
for,07-navigation-traffic-routes.js,1129,"for(const [id,projection] of [['START',startProjection],['TARGET',targetProjection]]){const a=nodes.get(projection.aId),b=nodes.get(projection.bId),p=nodes.get(id);graphAdd(adj,id,projection.aId,Math.hypot(p.x-a.x,p.z-a.z));graphAdd(adj,id,projection.bId,Math.hypot(p.x-b.x,p.z-b.z));}"
if,07-navigation-traffic-routes.js,1130,"if(startProjection.aId===targetProjection.aId&&startProjection.bId===targetProjection.bId)graphAdd(adj,'START','TARGET',Math.hypot(startProjection.point.x-targetProjection.point.x,startProjection.point.z-targetProjection.point.z));"
if,07-navigation-traffic-routes.js,1131,"const core=graphShortest(nodes,adj,'START','TARGET'),route=compactRoute([{x:from.x,z:from.z},...core,target]);world.navCache.set(cacheKey,route);if(world.navCache.size>60)world.navCache.delete(world.navCache.keys().next().value);return route;"
if,07-navigation-traffic-routes.js,1133,"function routeProgressInfo(route,pos){if(!route?.length)return{remaining:0,distance:Infinity,index:0,point:pos,next:pos,instruction:'sem rota'};let total=routeLength(route),before=0,best={distance:Infinity,index:0,t:0,point:route[0],along:0};for(let i=1;i<route.length;i++){const a=route[i-1],b=route[i],p=projectPointToSegment(pos,a,b),d=Math.hypot(pos.x-p.x,pos.z-p.z),seg=Math.hypot(b.x-a.x,b.z-a.z);if(d<best.distance)best={distance:d,index:i-1,t:p.t,point:p,along:before+seg*p.t};before+=seg;}co"
for,07-navigation-traffic-routes.js,1133,"function routeProgressInfo(route,pos){if(!route?.length)return{remaining:0,distance:Infinity,index:0,point:pos,next:pos,instruction:'sem rota'};let total=routeLength(route),before=0,best={distance:Infinity,index:0,t:0,point:route[0],along:0};for(let i=1;i<route.length;i++){const a=route[i-1],b=route[i],p=projectPointToSegment(pos,a,b),d=Math.hypot(pos.x-p.x,pos.z-p.z),seg=Math.hypot(b.x-a.x,b.z-a.z);if(d<best.distance)best={distance:d,index:i-1,t:p.t,point:p,along:before+seg*p.t};before+=seg;}co"
for,07-navigation-traffic-routes.js,1135,"function sampleRoute(points,spacing=3.1){const samples=[];for(let i=1;i<points.length;i++){const a=points[i-1],b=points[i],dx=b.x-a.x,dz=b.z-a.z,len=Math.hypot(dx,dz),steps=Math.max(1,Math.floor(len/spacing));for(let s=1;s<=steps;s++){const t=s/steps;samples.push({x:a.x+dx*t,z:a.z+dz*t,angle:Math.atan2(dx,dz)});}}return samples;}"
if,07-navigation-traffic-routes.js,1136,"function createRouteGuide(){if(world.routeGuide)return;world.routeGuide=new THREE.Group();world.routeGuide.name='OTTHOS_ROUTE_GUIDE';worldGroup.add(world.routeGuide);const material=mat(0x42eaff,{emissive:0x087fa0,emissiveIntensity:1.45,roughness:.2,transparent:true,opacity:.94});for(let i=0;i<46;i++){const arrow=new THREE.Mesh(new THREE.ConeGeometry(.34,.8,4),material);arrow.rotation.x=Math.PI/2;arrow.visible=false;arrow.frustumCulled=false;world.routeGuide.add(arrow);world.routeArrows.push(arro"
for,07-navigation-traffic-routes.js,1136,"function createRouteGuide(){if(world.routeGuide)return;world.routeGuide=new THREE.Group();world.routeGuide.name='OTTHOS_ROUTE_GUIDE';worldGroup.add(world.routeGuide);const material=mat(0x42eaff,{emissive:0x087fa0,emissiveIntensity:1.45,roughness:.2,transparent:true,opacity:.94});for(let i=0;i<46;i++){const arrow=new THREE.Mesh(new THREE.ConeGeometry(.34,.8,4),material);arrow.rotation.x=Math.PI/2;arrow.visible=false;arrow.frustumCulled=false;world.routeGuide.add(arrow);world.routeArrows.push(arro"
if,07-navigation-traffic-routes.js,1137,"function updateRouteGuide(force=false){createRouteGuide();if(!state.waypoint){world.routeArrows.forEach(a=>a.visible=false);world.routePath=[];return;}const routeInfo=routeProgressInfo(world.routePath,player),offRoute=routeInfo.distance>7;if(force||!world.routePath.length||(offRoute&&performance.now()-world.routeLastBuild>1400)){world.routeLastBuild=performance.now();world.routePath=buildRoutePoints(player,state.waypoint);}const visibleRoute=remainingRoute(world.routePath,player),samples=sampleR"
if,07-navigation-traffic-routes.js,1139,"function drawMiniMap(){const canvas=els.miniMapCanvas;if(!canvas)return;const ctx=canvas.getContext('2d'),w=canvas.width,h=canvas.height,scale=1.12;ctx.clearRect(0,0,w,h);ctx.fillStyle='#67c957';ctx.fillRect(0,0,w,h);ctx.save();ctx.lineCap='round';for(const road of WORLD_MAP_ROADS){const horizontal=road.w>=road.d,a=horizontal?miniPoint(road.x-road.w/2,road.z,scale,w,h):miniPoint(road.x,road.z-road.d/2,scale,w,h),b=horizontal?miniPoint(road.x+road.w/2,road.z,scale,w,h):miniPoint(road.x,road.z+roa"
for,07-navigation-traffic-routes.js,1139,"function drawMiniMap(){const canvas=els.miniMapCanvas;if(!canvas)return;const ctx=canvas.getContext('2d'),w=canvas.width,h=canvas.height,scale=1.12;ctx.clearRect(0,0,w,h);ctx.fillStyle='#67c957';ctx.fillRect(0,0,w,h);ctx.save();ctx.lineCap='round';for(const road of WORLD_MAP_ROADS){const horizontal=road.w>=road.d,a=horizontal?miniPoint(road.x-road.w/2,road.z,scale,w,h):miniPoint(road.x,road.z-road.d/2,scale,w,h),b=horizontal?miniPoint(road.x+road.w/2,road.z,scale,w,h):miniPoint(road.x,road.z+roa"
if,07-navigation-traffic-routes.js,1140,"function updateNavigation(dt=0,force=false){updateNavigation.acc=(updateNavigation.acc||0)+dt;if(!force&&updateNavigation.acc<.14)return;updateNavigation.acc=0;updateRouteGuide(force);drawMiniMap();if(!els.miniNav)return;if(state.waypoint){const info=routeProgressInfo(world.routePath,player),dx=info.next.x-player.x,dz=info.next.z-player.z,arrival=Math.hypot((state.waypoint.navX??state.waypoint.x)-player.x,(state.waypoint.navZ??state.waypoint.z)-player.z);els.miniNavName.textContent=`Rota: ${stat"
else,07-navigation-traffic-routes.js,1140,"function updateNavigation(dt=0,force=false){updateNavigation.acc=(updateNavigation.acc||0)+dt;if(!force&&updateNavigation.acc<.14)return;updateNavigation.acc=0;updateRouteGuide(force);drawMiniMap();if(!els.miniNav)return;if(state.waypoint){const info=routeProgressInfo(world.routePath,player),dx=info.next.x-player.x,dz=info.next.z-player.z,arrival=Math.hypot((state.waypoint.navX??state.waypoint.x)-player.x,(state.waypoint.navZ??state.waypoint.z)-player.z);els.miniNavName.textContent=`Rota: ${stat"
if,08-map-parent-settings.js,1219,if(d>=1)return false;
if,08-map-parent-settings.js,1220,if(d<.001){const angle=((a.index+1)*2.399963229728653+(b.index+1)*.731);nx=Math.cos(angle);ny=Math.sin(angle);d=1;}
else,08-map-parent-settings.js,1221,else{nx/=d;ny/=d;}
if,08-map-parent-settings.js,1223,if(pushBoth){a.left-=mx*.5;a.top-=my*.5;b.left+=mx*.5;b.top+=my*.5;}
else,08-map-parent-settings.js,1224,else{b.left+=mx;b.top+=my;}
for,08-map-parent-settings.js,1228,for(let pass=0;pass<72;pass++){
for,08-map-parent-settings.js,1230,"for(let i=0;i<points.length;i++)for(let j=i+1;j<points.length;j++)moved=separate(points[i],points[j],gapX,gapY,true)||moved;"
for,08-map-parent-settings.js,1231,for(const point of points){
if,08-map-parent-settings.js,1234,if(pass>38){point.left+=(point.originLeft-point.left)*.006;point.top+=(point.originTop-point.top)*.006;}
if,08-map-parent-settings.js,1237,if(!moved&&pass>10)break;
if,08-map-parent-settings.js,1243,"const marker=$(`[data-map-marker=""${loc.id}""]`,root);if(!marker)return;"
if,08-map-parent-settings.js,1250,"const loc=MAP_LOCATIONS.find(x=>x.id===id);if(!loc)return'<div class=""map-selection empty""><b>Toque em um ícone</b><span>O nome aparecerá aqui antes de iniciar a rota.</span></div>';"
if,08-map-parent-settings.js,1254,const point=MAP_LOCATIONS.find(p=>p.id===id);if(!point)return;
if,08-map-parent-settings.js,1261,if(!mapSelectedId||!MAP_LOCATIONS.some(x=>x.id===mapSelectedId))mapSelectedId=activeId||'home';
if,08-map-parent-settings.js,1267,"const refitMarkers=()=>{const map=$('.clean-map',root);if(!map)return;const rect=map.getBoundingClientRect();applyMapMarkerPlacements(root,mapMarkerPlacements(MAP_LOCATIONS,pp,rect.width,rect.height));};"
if,08-map-parent-settings.js,1278,"function refreshOpenMapAfterResize(){if(els.modal.hidden||!els.modal.classList.contains('map-modal'))return;clearTimeout(mapResizeTimer);mapResizeTimer=setTimeout(()=>{if(!els.modal.hidden&&els.modal.classList.contains('map-modal'))openMap();},180);}"
if,08-map-parent-settings.js,1286,"const input=$('[data-reset-word]',root),confirm=async()=>{if(String(input.value||'').trim().toUpperCase()!=='APAGAR'){$('[data-reset-error]',root).hidden=false;input.select();return;}if(!(await confirmModal('Última confirmação','Tem certeza de que deseja reiniciar os dados locais deste aparelho?','Sim, recomeçar','Cancelar')))return;await performLocalReset();state=defaultState();await commitState();location.reload();};"
if,08-map-parent-settings.js,1287,"$('[data-reset-confirm]',root).onclick=confirm;$('[data-reset-cancel]',root).onclick=()=>openParentTools(inGame);input.onkeydown=e=>{if(e.key==='Enter'){e.preventDefault();confirm();}};setTimeout(()=>input.focus(),80);"
if,08-map-parent-settings.js,1294,"fileInput.onchange=async()=>{const file=fileInput.files?.[0];if(!file)return;try{const imported=normalizeState(await window.OTTHOS_DB.importFile(file));if(!(await confirmModal('Importar backup','O progresso atual deste aparelho será substituído pelo arquivo escolhido. Continuar?','Importar','Cancelar')))return;state=imported;await window.OTTHOS_DB.save(state);safeLocalSet(STORAGE_KEY,JSON.stringify(state));location.reload();}catch(error){toast(error.message||'Backup inválido.','bad');}};"
catch,08-map-parent-settings.js,1294,"fileInput.onchange=async()=>{const file=fileInput.files?.[0];if(!file)return;try{const imported=normalizeState(await window.OTTHOS_DB.importFile(file));if(!(await confirmModal('Importar backup','O progresso atual deste aparelho será substituído pelo arquivo escolhido. Continuar?','Importar','Cancelar')))return;state=imported;await window.OTTHOS_DB.save(state);safeLocalSet(STORAGE_KEY,JSON.stringify(state));location.reload();}catch(error){toast(error.message||'Backup inválido.','bad');}};"
if,08-map-parent-settings.js,1299,if(accountLinked()){
if,08-map-parent-settings.js,1301,"const input=$('[data-parent-password]',root),error=$('[data-parent-gate-error]',root),unlock=async()=>{const btn=$('[data-parent-unlock]',root);btn.disabled=true;btn.textContent='Confirmando...';const result=await window.OTTHOS_RTDB?.reauthenticateAccount?.(input.value);if(!result?.ok){error.textContent=result?.error||'Senha incorreta.';error.hidden=false;btn.disabled=false;btn.textContent='Continuar';input.select();return;}openParentTools(inGame);};"
if,08-map-parent-settings.js,1302,"$('[data-parent-unlock]',root).onclick=unlock;$('[data-parent-cancel]',root).onclick=()=>openSettings(inGame);input.onkeydown=e=>{if(e.key==='Enter'){e.preventDefault();unlock();}};setTimeout(()=>input.focus(),80);"
if,08-map-parent-settings.js,1306,"openModal('Acesso de responsável',`<div class=""parent-gate""><span>🛡️</span><h3>Peça ajuda a um adulto</h3><p>Para abrir backup e reinício, responda:</p><label class=""field""><span>Quanto é ${a} × ${b}?</span><input data-parent-answer inputmode=""numeric"" pattern=""[0-9]*"" maxlength=""3"" autocomplete=""off""></label><p data-parent-gate-error class=""account-error"" hidden>Resposta incorreta.</p><button class=""btn primary xl"" data-parent-unlock>Continuar</button><button class=""btn"" data-parent-cancel>Canc"
if,08-map-parent-settings.js,1331,if (key === 'quality') state.settings.quality = requestedQuality() === 'auto' ? 'high' : requestedQuality() === 'high' ? 'low' : 'auto';
else,08-map-parent-settings.js,1332,else state.settings[key] = !state.settings[key];
if,08-map-parent-settings.js,1335,"$('[data-save-now]',root).onclick=async()=>{ if(running) savePlayerPosition(true); else await commitState(); toast('Progresso salvo no celular.','good'); closeModal(); };"
else,08-map-parent-settings.js,1335,"$('[data-save-now]',root).onclick=async()=>{ if(running) savePlayerPosition(true); else await commitState(); toast('Progresso salvo no celular.','good'); closeModal(); };"
if,08-map-parent-settings.js,1336,"const install=$('[data-install]',root);if(install)install.onclick=installApp;"
if,08-map-parent-settings.js,1337,"const home = $('[data-home]', root); if (home) home.onclick = () => { closeModal(); returnHome(); };"
if,08-map-parent-settings.js,1338,"const exit = $('[data-exit]', root); if (exit) exit.onclick = () => { closeModal(); stopGame(); };"
if,08-map-parent-settings.js,1345,els.challengePromptAccept.onclick=()=>{if(promptSocialRequestId)acceptIncomingSocialRequest(promptSocialRequestId);else if(promptChallengeId)acceptIncomingChallenge(promptChallengeId);else if(promptSessionId){const s=gameSessions.get(promptSessionId);if(s)launchSessionWithCountdown(s);}};
else,08-map-parent-settings.js,1345,els.challengePromptAccept.onclick=()=>{if(promptSocialRequestId)acceptIncomingSocialRequest(promptSocialRequestId);else if(promptChallengeId)acceptIncomingChallenge(promptChallengeId);else if(promptSessionId){const s=gameSessions.get(promptSessionId);if(s)launchSessionWithCountdown(s);}};
if,08-map-parent-settings.js,1346,els.challengePromptDecline.onclick=()=>{if(promptSocialRequestId)declineIncomingSocialRequest(promptSocialRequestId);else if(promptChallengeId)declineIncomingChallenge(promptChallengeId);else closeChallengePrompt();};
else,08-map-parent-settings.js,1346,els.challengePromptDecline.onclick=()=>{if(promptSocialRequestId)declineIncomingSocialRequest(promptSocialRequestId);else if(promptChallengeId)declineIncomingChallenge(promptChallengeId);else closeChallengePrompt();};
if,09-responsive-ar-quality-diagnostics.js,1362,if(compact&&state.ui.quickOpen&&state.ui.skillsOpen)state.ui.skillsOpen=false;
if,09-responsive-ar-quality-diagnostics.js,1363,if(document.body.classList.contains('mode-fishing')){state.ui.quickOpen=false;state.ui.skillsOpen=false;state.ui.needsOpen=false;state.ui.missionOpen=false;els.game?.classList.remove('needs-expanded');els.missionCard?.classList.remove('expanded');}
if,09-responsive-ar-quality-diagnostics.js,1365,"els.skillsToggleBtn?.classList.toggle('active',!!state.ui.skillsOpen);els.quickToggleBtn?.classList.toggle('active',!!state.ui.quickOpen);if(els.quickBar)els.quickBar.hidden=!state.ui.quickOpen;"
if,09-responsive-ar-quality-diagnostics.js,1367,els.quickToggleBtn.onclick = () => { state.ui.quickOpen = !state.ui.quickOpen;if(state.ui.quickOpen)state.ui.skillsOpen=false;syncMobilePanels();saveState(); };
if,09-responsive-ar-quality-diagnostics.js,1368,els.skillsToggleBtn.onclick=()=>{state.ui.skillsOpen=!state.ui.skillsOpen;if(state.ui.skillsOpen)state.ui.quickOpen=false;syncMobilePanels();saveState();};
if,09-responsive-ar-quality-diagnostics.js,1372,els.missionCard.onkeydown = e => { if (e.key === 'Enter' || e.key === ' ') { e.preventDefault(); toggleMission(); } };
if,09-responsive-ar-quality-diagnostics.js,1375,if (!els.nativeViewer || !window.loadModelViewerLib) throw new Error('Visualizador indisponível');
if,09-responsive-ar-quality-diagnostics.js,1376,if (els.viewerStatus) els.viewerStatus.textContent = 'Carregando visualizador 3D…';
if,09-responsive-ar-quality-diagnostics.js,1377,if (els.viewerLoadBtn) els.viewerLoadBtn.disabled = true;
if,09-responsive-ar-quality-diagnostics.js,1385,if (!els.nativeViewer.loaded) {
if,09-responsive-ar-quality-diagnostics.js,1397,if (els.viewerPlaceholder) els.viewerPlaceholder.hidden = true;
if,09-responsive-ar-quality-diagnostics.js,1398,if (els.viewerShell) els.viewerShell.classList.add('viewer-ready');
if,09-responsive-ar-quality-diagnostics.js,1399,if (activateAR) await els.nativeViewer.activateAR();
catch,09-responsive-ar-quality-diagnostics.js,1401,} catch (error) {
if,09-responsive-ar-quality-diagnostics.js,1402,if (els.viewerPlaceholder) els.viewerPlaceholder.hidden = false;
if,09-responsive-ar-quality-diagnostics.js,1403,if (els.viewerStatus) els.viewerStatus.textContent = 'Não foi possível carregar. Toque para tentar novamente.';
if,09-responsive-ar-quality-diagnostics.js,1406,if (els.viewerLoadBtn) els.viewerLoadBtn.disabled = false;
if,09-responsive-ar-quality-diagnostics.js,1428,if (!isAndroidDevice()) return false;
if,09-responsive-ar-quality-diagnostics.js,1433,"if (els.viewerLoadBtn) els.viewerLoadBtn.onclick = () => ensureModelViewerReady().catch(() => toast('Visualizador 3D indisponível agora.','warn',2400));"
catch,09-responsive-ar-quality-diagnostics.js,1433,"if (els.viewerLoadBtn) els.viewerLoadBtn.onclick = () => ensureModelViewerReady().catch(() => toast('Visualizador 3D indisponível agora.','warn',2400));"
if,09-responsive-ar-quality-diagnostics.js,1434,"if (els.insideArBtn) els.insideArBtn.addEventListener('click', event => {"
if,09-responsive-ar-quality-diagnostics.js,1435,if (!isAndroidDevice()) return;
if,09-responsive-ar-quality-diagnostics.js,1441,if (openAndroidSceneViewer()) return;
catch,09-responsive-ar-quality-diagnostics.js,1443,"catch { openModal('Realidade aumentada', '<p>Não foi possível iniciar o AR agora. Verifique a internet e o suporte do aparelho e tente novamente.</p>'); }"
if,09-responsive-ar-quality-diagnostics.js,1471,if(memory<=4||cores<=4)return 'low';
if,09-responsive-ar-quality-diagnostics.js,1472,if(!mobile&&memory>=8&&cores>=8)return 'high';
if,09-responsive-ar-quality-diagnostics.js,1491,if(kind==='motorcycle')return player.car.passengerOf?PLAYER_MODES.MOTORCYCLE_PASSENGER:PLAYER_MODES.MOTORCYCLE_DRIVER;
if,09-responsive-ar-quality-diagnostics.js,1492,if(kind==='bicycle')return PLAYER_MODES.BICYCLE;
if,09-responsive-ar-quality-diagnostics.js,1493,if(kind==='skate')return PLAYER_MODES.SKATE;
if,09-responsive-ar-quality-diagnostics.js,1497,if(player.transit.mode==='metro')return PLAYER_MODES.METRO_PASSENGER;
if,09-responsive-ar-quality-diagnostics.js,1498,if(player.transit.mode==='bus')return PLAYER_MODES.BUS_PASSENGER;
if,09-responsive-ar-quality-diagnostics.js,1499,if(player.boating)return player.boat.passengerOf?PLAYER_MODES.BOAT_PASSENGER:PLAYER_MODES.BOAT_DRIVER;
if,09-responsive-ar-quality-diagnostics.js,1500,if(player.vehicle)return vehiclePlayerMode();
if,09-responsive-ar-quality-diagnostics.js,1501,if(currentHouse)return PLAYER_MODES.INTERIOR;
if,09-responsive-ar-quality-diagnostics.js,1502,if(buildMode)return PLAYER_MODES.BUILDING;
if,09-responsive-ar-quality-diagnostics.js,1503,if(fishingSession||fishingVisual?.active)return PLAYER_MODES.FISHING;
if,09-responsive-ar-quality-diagnostics.js,1504,if(performance.now()<Number(player.emoteUntil||0))return PLAYER_MODES.SOCIAL_ACTION;
if,09-responsive-ar-quality-diagnostics.js,1509,if(player.vehicle)exclusive.push('vehicle');
if,09-responsive-ar-quality-diagnostics.js,1510,if(player.boating)exclusive.push('boat');
if,09-responsive-ar-quality-diagnostics.js,1511,if(player.transit.mode)exclusive.push(`transit:${player.transit.mode}`);
if,09-responsive-ar-quality-diagnostics.js,1512,if(currentHouse)exclusive.push('interior');
if,09-responsive-ar-quality-diagnostics.js,1513,if(buildMode)exclusive.push('building');
if,09-responsive-ar-quality-diagnostics.js,1514,if(fishingSession||fishingVisual?.active)exclusive.push('fishing');
if,09-responsive-ar-quality-diagnostics.js,1517,if(next!==playerModeMachine.state){
if,09-responsive-ar-quality-diagnostics.js,1526,"if(!audit.valid){console.warn('[OTTHOS] Estado de mobilidade conflitante bloqueado',audit);return false;}"
if,09-responsive-ar-quality-diagnostics.js,1537,"if(disabled)return{x:0,z:0,moveX:0,moveZ:0,steer:0,throttle:0,disabled:true,mode};"
if,09-responsive-ar-quality-diagnostics.js,1538,"if([PLAYER_MODES.CAR_DRIVER,PLAYER_MODES.MOTORCYCLE_DRIVER,PLAYER_MODES.BICYCLE,PLAYER_MODES.SKATE,PLAYER_MODES.BOAT_DRIVER].includes(mode))return{x,z,moveX:0,moveZ:0,steer:x,throttle:z,disabled:false,mode};"
if,09-responsive-ar-quality-diagnostics.js,1547,if(tier==='high') return mobile?1.0:1.35;
if,09-responsive-ar-quality-diagnostics.js,1548,if(tier==='low') return mobile?.68:.95;
if,09-responsive-ar-quality-diagnostics.js,1552,if(!renderer)return;
if,09-responsive-ar-quality-diagnostics.js,1554,if(force||!running||Math.abs(perf.appliedDpr-dpr)>.08){renderer.setPixelRatio(dpr);perf.appliedDpr=dpr;}
if,09-responsive-ar-quality-diagnostics.js,1557,"if(sunLight){if(!perf.appliedTier){const size=tier==='high'?(perf.mobile?1024:1536):tier==='balanced'?768:512;sunLight.shadow.mapSize.set(size,size);}sunLight.castShadow=tier==='high'&&!perf.mobile;}"
if,09-responsive-ar-quality-diagnostics.js,1562,if(perf.sampleMs<3)return;
if,09-responsive-ar-quality-diagnostics.js,1564,if(requestedQuality()!=='auto')return;
if,09-responsive-ar-quality-diagnostics.js,1566,if(recommendation===perf.recommendation)perf.recommendationSamples++;else{perf.recommendation=recommendation;perf.recommendationSamples=1;}
else,09-responsive-ar-quality-diagnostics.js,1566,if(recommendation===perf.recommendation)perf.recommendationSamples++;else{perf.recommendation=recommendation;perf.recommendationSamples=1;}
if,09-responsive-ar-quality-diagnostics.js,1570,if(perf.lowSamples>=2&&perf.sessionTier!=='low'){
if,09-responsive-ar-quality-diagnostics.js,1573,}else if(!perf.mobile&&perf.highSamples>=7&&perf.sessionTier!=='high'){
else,09-responsive-ar-quality-diagnostics.js,1573,}else if(!perf.mobile&&perf.highSamples>=7&&perf.sessionTier!=='high'){
if,09-responsive-ar-quality-diagnostics.js,1576,if(perf.recommendationSamples>=5&&recommendation!==state.settings.autoTier&&performance.now()-perf.lastRecommendationSaved>30000){
if,09-responsive-ar-quality-diagnostics.js,1581,for(const mesh of world.criticalSurfaces){if(!mesh)continue;mesh.visible=true;mesh.frustumCulled=false;}
for,09-responsive-ar-quality-diagnostics.js,1581,for(const mesh of world.criticalSurfaces){if(!mesh)continue;mesh.visible=true;mesh.frustumCulled=false;}
if,09-responsive-ar-quality-diagnostics.js,1582,for(const line of world.outlines){if(line?.parent)line.visible=true;}
for,09-responsive-ar-quality-diagnostics.js,1582,for(const line of world.outlines){if(line?.parent)line.visible=true;}
if,09-responsive-ar-quality-diagnostics.js,1583,const glowVisible=qualityTier()!=='low';for(const light of world.glows){if(light?.parent)light.visible=glowVisible;}
for,09-responsive-ar-quality-diagnostics.js,1583,const glowVisible=qualityTier()!=='low';for(const light of world.glows){if(light?.parent)light.visible=glowVisible;}
if,09-responsive-ar-quality-diagnostics.js,1584,"if(world.clouds){const max=qualityTier()==='high'?8:qualityTier()==='balanced'?6:4;world.clouds.forEach((cloud,i)=>cloud.group.visible=i<max);}"
if,09-responsive-ar-quality-diagnostics.js,1588,if(!worldGroup)return;
if,09-responsive-ar-quality-diagnostics.js,1591,if(!(obj.isMesh||obj.isLine||obj.isLineSegments||obj.isPoints||obj.isSprite))return;
if,09-responsive-ar-quality-diagnostics.js,1593,if(obj.geometry&&!obj.geometry.boundingSphere){try{obj.geometry.computeBoundingSphere();}catch(_){}}
catch,09-responsive-ar-quality-diagnostics.js,1593,if(obj.geometry&&!obj.geometry.boundingSphere){try{obj.geometry.computeBoundingSphere();}catch(_){}}
if,09-responsive-ar-quality-diagnostics.js,1598,if(obj.frustumCulled)enabled++;else bypassed++;
else,09-responsive-ar-quality-diagnostics.js,1598,if(obj.frustumCulled)enabled++;else bypassed++;
if,09-responsive-ar-quality-diagnostics.js,1603,perf.lodAcc+=dt;if(perf.lodAcc<2)return;perf.lodAcc=0;
if,09-responsive-ar-quality-diagnostics.js,1606,for(const mesh of world.criticalSurfaces){if(mesh&&!mesh.visible)mesh.visible=true;}
for,09-responsive-ar-quality-diagnostics.js,1606,for(const mesh of world.criticalSurfaces){if(mesh&&!mesh.visible)mesh.visible=true;}
if,09-responsive-ar-quality-diagnostics.js,1617,"if(technicalPanel)return technicalPanel;const style=document.createElement('style');style.id='otthosTechnicalPanelStyle';style.textContent='.otthos-tech-panel{position:fixed;z-index:100000;right:max(8px,env(safe-area-inset-right));top:max(8px,env(safe-area-inset-top));width:min(330px,calc(100vw - 16px));max-height:calc(100vh - 16px);overflow:auto;padding:12px;border:1px solid rgba(116,220,255,.65);border-radius:14px;background:rgba(4,13,25,.94);color:#eaf8ff;font:700 12px/1.45 ui-monospace,SFMon"
if,09-responsive-ar-quality-diagnostics.js,1619,"function refreshTechnicalPanel(){if(!technicalPanelVisible)return;const panel=ensureTechnicalPanel(),d=runtimeDiagnostics();panel.querySelector('[data-tech-data]').textContent=[`FPS: ${d.fps} • frame: ${d.frameMs} ms`,`Draw calls: ${d.drawCalls} • triângulos: ${d.triangles}`,`Geometrias: ${d.geometries} • texturas: ${d.textures}`,`NPCs: ${d.npcs} • veículos ativos: ${d.vehicles}`,`IA: ${d.aiTicks} ticks • trânsito: ${d.trafficTicks} ticks`,`Culling: ${d.culling.enabled} ativo • ${d.culling.bypas"
if,09-responsive-ar-quality-diagnostics.js,1620,function toggleTechnicalPanel(force){technicalPanelVisible=typeof force==='boolean'?force:!technicalPanelVisible;const panel=ensureTechnicalPanel();panel.hidden=!technicalPanelVisible;if(technicalPanelVisible)refreshTechnicalPanel();}
if,09-responsive-ar-quality-diagnostics.js,1622,"window.addEventListener('keydown',event=>{if(event.code==='F3'){event.preventDefault();toggleTechnicalPanel();}});"
if,09-responsive-ar-quality-diagnostics.js,1623,"document.querySelector('.brand-card')?.addEventListener('pointerup',()=>{technicalPanelTapCount++;clearTimeout(technicalPanelTapTimer);technicalPanelTapTimer=setTimeout(()=>technicalPanelTapCount=0,1400);if(technicalPanelTapCount>=5){technicalPanelTapCount=0;toggleTechnicalPanel();}});"
if,10-player-skills.js,1628,"function skillReady(id){const left=Math.max(0,Number(skillCooldowns[id]||0)-performance.now());if(left>0){toast(`Skill recarregando: ${Math.ceil(left/1000)} s.`,'warn',1200);return false;}return true;}"
for,10-player-skills.js,1633,"for(let elapsed=1000;elapsed<=cooldownMs+50;elapsed+=1000)setTimeout(updateAbilityUI,elapsed);setTimeout(updateAbilityUI,cooldownMs+60);"
if,10-player-skills.js,1636,"if(!c||c.got)return false;c.got=true;c.mesh.visible=false;state.inventory.crystals++;state.stats.collected++;trackDaily('collect',1);addXP(15);addCoins(5);toast(message,'good');beep(880);vibrate(20);evaluateMissions();checkActiveJob();saveState();return true;"
if,10-player-skills.js,1639,if(!playerGroup)return;
if,10-player-skills.js,1640,if(player.vehicle){
if,10-player-skills.js,1649,if(!els.modal.hidden||paused||player.vehicle||player.boating||player.transit.mode)return;
if,10-player-skills.js,1650,"if (!['mini','normal','giant'].includes(mode)) return;"
if,10-player-skills.js,1651,if(mode===player.scaleMode){
if,10-player-skills.js,1652,if(mode==='mini'){
if,10-player-skills.js,1653,"if(!skillReady('miniDash'))return;player.skillDashUntil=performance.now()+1250;recordAdvancedSkill('miniDash',4200);toast('Dash Mini ativado!','good',1400);beep(760,70,'sine');"
if,10-player-skills.js,1654,}else if(mode==='normal'){
else,10-player-skills.js,1654,}else if(mode==='normal'){
if,10-player-skills.js,1655,"if(!player.grounded){toast('Pouse antes de usar o Super Pulo.','warn');return;}if(!skillReady('superJump'))return;state.stats.jumps++;trackDaily('jump',1);player.vy=15;player.grounded=false;recordAdvancedSkill('superJump',4600);toast('Super Pulo!','good',1300);beep(820,80,'sine');vibrate(24);"
else,10-player-skills.js,1656,}else{
if,10-player-skills.js,1657,"if(!skillReady('giantSlam'))return;player.damageUntil=performance.now()+900;for(const enemy of world.enemies)if(!enemy.dead&&distance2D(player,enemy.group.position)<5.4)damageEnemy(enemy,2);for(let i=0;i<9;i++){const a=i/9*Math.PI*2;spawnDust(player.x+Math.sin(a)*1.8,player.z+Math.cos(a)*1.8);}recordAdvancedSkill('giantSlam',6000);toast('Impacto Gigante!','good',1500);beep(125,130,'sawtooth');vibrate([45,25,60]);"
for,10-player-skills.js,1657,"if(!skillReady('giantSlam'))return;player.damageUntil=performance.now()+900;for(const enemy of world.enemies)if(!enemy.dead&&distance2D(player,enemy.group.position)<5.4)damageEnemy(enemy,2);for(let i=0;i<9;i++){const a=i/9*Math.PI*2;spawnDust(player.x+Math.sin(a)*1.8,player.z+Math.cos(a)*1.8);}recordAdvancedSkill('giantSlam',6000);toast('Impacto Gigante!','good',1500);beep(125,130,'sawtooth');vibrate([45,25,60]);"
if,10-player-skills.js,1669,if(!els.modal.hidden||paused||player.vehicle||player.boating||player.transit.mode)return;
if,10-player-skills.js,1670,if(typeof force!=='boolean'&&player.crouched){
if,10-player-skills.js,1671,"if(!skillReady('stealth')){player.crouched=false;state.abilities.crouched=false;updateAbilityUI();saveState();return;}player.crouched=false;state.abilities.crouched=false;player.shieldUntil=performance.now()+5000;recordAdvancedSkill('stealth',8000);toast('Escudo Furtivo: protegido por 5 s.','good',1800);beep(610,90,'sine');return;"
if,10-player-skills.js,1679,if(!els.modal.hidden||paused||player.vehicle||player.boating||player.transit.mode||!skillReady('magnetSpin'))return;
if,10-player-skills.js,1681,"for(const c of world.crystals)if(!c.got&&Math.hypot(player.x-c.x,player.z-c.z)<6){collectCrystal(c,'Cristal atraído pelo Giro Ímã!');pulled++;}"
for,10-player-skills.js,1681,"for(const c of world.crystals)if(!c.got&&Math.hypot(player.x-c.x,player.z-c.z)<6){collectCrystal(c,'Cristal atraído pelo Giro Ímã!');pulled++;}"
if,10-player-skills.js,1682,"for(const enemy of world.enemies)if(!enemy.dead&&distance2D(player,enemy.group.position)<4.6){damageEnemy(enemy,1);const a=Math.atan2(enemy.group.position.x-player.x,enemy.group.position.z-player.z);enemy.group.position.x+=Math.sin(a)*1.4;enemy.group.position.z+=Math.cos(a)*1.4;}"
for,10-player-skills.js,1682,"for(const enemy of world.enemies)if(!enemy.dead&&distance2D(player,enemy.group.position)<4.6){damageEnemy(enemy,1);const a=Math.atan2(enemy.group.position.x-player.x,enemy.group.position.z-player.z);enemy.group.position.x+=Math.sin(a)*1.4;enemy.group.position.z+=Math.cos(a)*1.4;}"
if,10-player-skills.js,1687,"const labels=[[els.crouchBtn,player.crouched?'Escudo':'Abaixar'],[els.miniBtn,player.scaleMode==='mini'?'Dash':'Mini'],[els.normalBtn,player.scaleMode==='normal'?'Super pulo':'Normal'],[els.giantBtn,player.scaleMode==='giant'?'Impacto':'Grande'],[els.spinBtn,'Giro ímã']];for(const [btn,label] of labels){const span=$('span',btn);if(span)span.textContent=label;}"
for,10-player-skills.js,1687,"const labels=[[els.crouchBtn,player.crouched?'Escudo':'Abaixar'],[els.miniBtn,player.scaleMode==='mini'?'Dash':'Mini'],[els.normalBtn,player.scaleMode==='normal'?'Super pulo':'Normal'],[els.giantBtn,player.scaleMode==='giant'?'Impacto':'Grande'],[els.spinBtn,'Giro ímã']];for(const [btn,label] of labels){const span=$('span',btn);if(span)span.textContent=label;}"
if,10-player-skills.js,1688,"for(const [id,getButton] of Object.entries(skillButtons)){const btn=getButton(),left=Math.max(0,skillCooldowns[id]-performance.now());btn?.classList.toggle('cooldown',left>0);if(btn){btn.dataset.cooldown=left>0?String(Math.ceil(left/1000)):'';btn.disabled=left>0&&id==='magnetSpin';}}"
for,10-player-skills.js,1688,"for(const [id,getButton] of Object.entries(skillButtons)){const btn=getButton(),left=Math.max(0,skillCooldowns[id]-performance.now());btn?.classList.toggle('cooldown',left>0);if(btn){btn.dataset.cooldown=left>0?String(Math.ceil(left/1000)):'';btn.disabled=left>0&&id==='magnetSpin';}}"
if,11-render-materials-player-model.js,1699,if (kind === 'grass') {
if,11-render-materials-player-model.js,1700,"for (let i = 0; i < 720; i++) { ctx.fillStyle=pick();const x=rand()*256,y=rand()*256;ctx.fillRect(x,y,2+rand()*7,2+rand()*7);if(i%9===0)ctx.fillRect(x+2,y-5,2,8); }"
for,11-render-materials-player-model.js,1700,"for (let i = 0; i < 720; i++) { ctx.fillStyle=pick();const x=rand()*256,y=rand()*256;ctx.fillRect(x,y,2+rand()*7,2+rand()*7);if(i%9===0)ctx.fillRect(x+2,y-5,2,8); }"
for,11-render-materials-player-model.js,1701,"ctx.fillStyle='rgba(15,65,22,.14)';for(let i=0;i<95;i++)ctx.fillRect(rand()*256,rand()*256,12+rand()*26,2);"
if,11-render-materials-player-model.js,1702,} else if (kind === 'road') {
else,11-render-materials-player-model.js,1702,} else if (kind === 'road') {
for,11-render-materials-player-model.js,1703,"for (let i=0;i<260;i++){ctx.fillStyle=pick();ctx.globalAlpha=.18+rand()*.2;ctx.fillRect(rand()*256,rand()*256,2+rand()*7,1+rand()*4);}ctx.globalAlpha=1;"
for,11-render-materials-player-model.js,1704,"ctx.strokeStyle='rgba(10,16,23,.22)';ctx.lineWidth=2;for(let i=0;i<8;i++){const x=rand()*256,y=rand()*256;ctx.beginPath();ctx.moveTo(x,y);ctx.lineTo(x+10+rand()*22,y-5+rand()*10);ctx.lineTo(x+18+rand()*28,y+rand()*20);ctx.stroke();}"
if,11-render-materials-player-model.js,1705,} else if (kind === 'wood') {
else,11-render-materials-player-model.js,1705,} else if (kind === 'wood') {
for,11-render-materials-player-model.js,1706,"for(let x=0;x<256;x+=48){ctx.fillStyle=x%96?colors[0]:pick();ctx.fillRect(x,0,47,256);ctx.fillStyle='rgba(255,238,190,.12)';ctx.fillRect(x+3,0,3,256);ctx.fillStyle='rgba(50,22,8,.25)';ctx.fillRect(x+45,0,3,256);}"
for,11-render-materials-player-model.js,1707,"ctx.strokeStyle='rgba(66,31,13,.28)';ctx.lineWidth=2;for(let i=0;i<28;i++){const x=rand()*256;ctx.beginPath();ctx.moveTo(x,0);ctx.bezierCurveTo(x+8,65,x-7,150,x+4,256);ctx.stroke();}"
for,11-render-materials-player-model.js,1708,"for(let i=0;i<9;i++){ctx.strokeStyle='rgba(58,28,13,.35)';ctx.strokeRect(rand()*245,rand()*245,5+rand()*9,3+rand()*6);}"
if,11-render-materials-player-model.js,1709,} else if (kind === 'brick') {
else,11-render-materials-player-model.js,1709,} else if (kind === 'brick') {
for,11-render-materials-player-model.js,1710,"ctx.fillStyle=colors[1];ctx.fillRect(0,0,256,256);for(let y=0;y<256;y+=42){const offset=(y/42)%2?32:0;for(let x=-64+offset;x<256;x+=64){ctx.fillStyle=rand()>.5?colors[0]:pick();ctx.fillRect(x+3,y+3,58,36);ctx.fillStyle='rgba(255,255,255,.10)';ctx.fillRect(x+5,y+5,54,3);}}"
if,11-render-materials-player-model.js,1711,} else if (kind === 'sidewalk') {
else,11-render-materials-player-model.js,1711,} else if (kind === 'sidewalk') {
for,11-render-materials-player-model.js,1712,"ctx.strokeStyle='rgba(54,66,80,.22)';ctx.lineWidth=4;for(let y=0;y<=256;y+=48){ctx.beginPath();ctx.moveTo(0,y);ctx.lineTo(256,y);ctx.stroke();}for(let x=0;x<=256;x+=48){ctx.beginPath();ctx.moveTo(x,0);ctx.lineTo(x,256);ctx.stroke();}"
for,11-render-materials-player-model.js,1713,"for(let i=0;i<150;i++){ctx.fillStyle=pick();ctx.globalAlpha=.16;ctx.fillRect(rand()*256,rand()*256,2+rand()*5,2+rand()*5);}ctx.globalAlpha=1;"
if,11-render-materials-player-model.js,1714,} else if (kind === 'water') {
else,11-render-materials-player-model.js,1714,} else if (kind === 'water') {
for,11-render-materials-player-model.js,1716,"for(let y=10;y<256;y+=24){ctx.beginPath();ctx.moveTo(0,y+Math.sin(y)*4);for(let x=0;x<=256;x+=12)ctx.lineTo(x,y+Math.sin((x+y)*.09)*5);ctx.stroke();}"
if,11-render-materials-player-model.js,1718,} else if(kind==='stone'){
else,11-render-materials-player-model.js,1718,} else if(kind==='stone'){
for,11-render-materials-player-model.js,1719,"ctx.fillStyle=colors[1];ctx.fillRect(0,0,256,256);for(let y=0;y<256;y+=50){for(let x=((y/50)%2?-28:0);x<256;x+=58){ctx.fillStyle=rand()>.45?colors[0]:pick();ctx.fillRect(x+3,y+3,52,44);ctx.fillStyle='rgba(255,255,255,.09)';ctx.fillRect(x+5,y+5,48,4);}}"
if,11-render-materials-player-model.js,1720,} else if(kind==='tile'){
else,11-render-materials-player-model.js,1720,} else if(kind==='tile'){
for,11-render-materials-player-model.js,1721,"ctx.strokeStyle=colors[1];ctx.lineWidth=7;for(let p=0;p<=256;p+=64){ctx.beginPath();ctx.moveTo(p,0);ctx.lineTo(p,256);ctx.stroke();ctx.beginPath();ctx.moveTo(0,p);ctx.lineTo(256,p);ctx.stroke();}ctx.fillStyle='rgba(255,255,255,.18)';for(let y=7;y<256;y+=64)for(let x=7;x<256;x+=64)ctx.fillRect(x,y,48,5);"
if,11-render-materials-player-model.js,1722,} else if(kind==='fabric'){
else,11-render-materials-player-model.js,1722,} else if(kind==='fabric'){
for,11-render-materials-player-model.js,1723,"for(let y=0;y<256;y+=12)for(let x=0;x<256;x+=12){ctx.fillStyle=(x/12+y/12)%2?colors[0]:colors[1];ctx.globalAlpha=.62;ctx.fillRect(x,y,12,12);}ctx.globalAlpha=1;"
if,11-render-materials-player-model.js,1724,} else if(kind==='metal'){
else,11-render-materials-player-model.js,1724,} else if(kind==='metal'){
for,11-render-materials-player-model.js,1725,"for(let y=0;y<256;y+=32){ctx.fillStyle=y%64?colors[0]:colors[1];ctx.fillRect(0,y,256,32);ctx.fillStyle='rgba(255,255,255,.14)';ctx.fillRect(0,y,256,3);}for(const x of [10,246])for(let y=14;y<256;y+=42){ctx.fillStyle='#6c7b88';ctx.fillRect(x-3,y-3,6,6);}"
if,11-render-materials-player-model.js,1731,"const configure=target=>{target.wrapS=target.wrapT=THREE.RepeatWrapping;target.repeat.set(repeatX,repeatY);target.magFilter=THREE.LinearFilter;target.minFilter=THREE.LinearMipmapLinearFilter;target.generateMipmaps=true;target.anisotropy=(renderer&&renderer.capabilities)?Math.min(12,renderer.capabilities.getMaxAnisotropy()):4;if('colorSpace' in target&&THREE.SRGBColorSpace)target.colorSpace=THREE.SRGBColorSpace;else target.encoding=THREE.sRGBEncoding;};configure(texture);"
else,11-render-materials-player-model.js,1731,"const configure=target=>{target.wrapS=target.wrapT=THREE.RepeatWrapping;target.repeat.set(repeatX,repeatY);target.magFilter=THREE.LinearFilter;target.minFilter=THREE.LinearMipmapLinearFilter;target.generateMipmaps=true;target.anisotropy=(renderer&&renderer.capabilities)?Math.min(12,renderer.capabilities.getMaxAnisotropy()):4;if('colorSpace' in target&&THREE.SRGBColorSpace)target.colorSpace=THREE.SRGBColorSpace;else target.encoding=THREE.sRGBEncoding;};configure(texture);"
if,11-render-materials-player-model.js,1790,"if(!sharedGeometryCache.box.has(key))sharedGeometryCache.box.set(key,new THREE.BoxGeometry(w,h,d));"
if,11-render-materials-player-model.js,1795,"if(!sharedGeometryCache.cylinder.has(key))sharedGeometryCache.cylinder.set(key,new THREE.CylinderGeometry(r,r,h,sides));"
if,11-render-materials-player-model.js,1800,"if(!immutableVisualMaterials.has(key))immutableVisualMaterials.set(key,mat(color,opts));"
if,11-render-materials-player-model.js,1808,"const key=Number(color);if(!roofMaterialCache.has(key))roofMaterialCache.set(key,new THREE.MeshStandardMaterial({map:textures.roof,color:new THREE.Color(color).lerp(new THREE.Color(0xffffff),.12),roughness:.76,metalness:0,flatShading:true}));return roofMaterialCache.get(key);"
if,11-render-materials-player-model.js,1820,"function stabilizeSurface(mesh,renderOrder=0){if(!mesh)return mesh;mesh.frustumCulled=false;mesh.castShadow=false;mesh.receiveShadow=false;mesh.renderOrder=renderOrder;mesh.userData.stableSurface=true;world.criticalSurfaces.push(mesh);return mesh;}"
if,11-render-materials-player-model.js,1832,if(!mesh?.geometry||mesh.userData?.voxelOutline)return mesh;
for,11-render-materials-player-model.js,1847,"premiumBox(1.35,.34,.48,0x8a522d,x,y,z,parent);for(const ox of [-.42,0,.42]){premiumBox(.08,.4,.08,0x2f9d46,x+ox,y+.32,z,parent);premiumBox(.28,.16,.28,color,x+ox,y+.55,z,parent);}return parent;"
for,11-render-materials-player-model.js,1872,"for(const arm of [parts.leftArm,parts.rightArm]){"
for,11-render-materials-player-model.js,1876,"for(const leg of [parts.leftLeg,parts.rightLeg]){"
if,11-render-materials-player-model.js,1903,vehicleVisual.userData.wheels.push(wheel);if(front)vehicleVisual.userData.frontWheels.push(holder);
if,11-render-materials-player-model.js,1905,"playerModel.traverse(o=>{if(o.isMesh)addVoxelOutline(o,0x0a1a2d,.4);});"
if,11-render-materials-player-model.js,1906,"vehicleVisual.traverse(o=>{if(o.isMesh)addVoxelOutline(o,0x14243a,.3);});"
if,11-render-materials-player-model.js,1919,if (avatarLayer && playerGroup) playerGroup.remove(avatarLayer);
if,11-render-materials-player-model.js,1925,if (!playerGroup || !window.THREE) return;
if,11-render-materials-player-model.js,1930,if (uniform !== 'none') {
if,11-render-materials-player-model.js,1933,"if(uniform==='firefighter'){const helm=new THREE.Mesh(new THREE.SphereGeometry(.64,12,8,0,Math.PI*2,0,Math.PI*.62),mat(0xffcf35,{metalness:.06}));helm.position.set(0,3.08,0);avatarLayer.add(helm);box(.72,.12,.2,0xd83b35,0,3.14,.51,avatarLayer);}"
if,11-render-materials-player-model.js,1934,"else if(uniform==='police'){box(1.0,.2,1.0,0x245da8,0,3.28,0,avatarLayer);box(.5,.09,.55,0x245da8,0,3.18,.58,avatarLayer);box(.2,.22,.06,0xffd84d,.28,1.62,.42,avatarLayer);}"
else,11-render-materials-player-model.js,1934,"else if(uniform==='police'){box(1.0,.2,1.0,0x245da8,0,3.28,0,avatarLayer);box(.5,.09,.55,0x245da8,0,3.18,.58,avatarLayer);box(.2,.22,.06,0xffd84d,.28,1.62,.42,avatarLayer);}"
if,11-render-materials-player-model.js,1935,"else if(uniform==='teacher'){box(.18,.7,.08,0x6e4a2f,.48,1.55,.48,avatarLayer);box(.42,.28,.08,0xf7f1d0,.48,1.87,.48,avatarLayer);}"
else,11-render-materials-player-model.js,1935,"else if(uniform==='teacher'){box(.18,.7,.08,0x6e4a2f,.48,1.55,.48,avatarLayer);box(.42,.28,.08,0xf7f1d0,.48,1.87,.48,avatarLayer);}"
if,11-render-materials-player-model.js,1936,"else if(uniform==='delivery'){box(.82,.95,.42,0x8b5a2b,0,1.62,-.58,avatarLayer);box(.68,.18,.08,0xffffff,0,1.72,.43,avatarLayer);}"
else,11-render-materials-player-model.js,1936,"else if(uniform==='delivery'){box(.82,.95,.42,0x8b5a2b,0,1.62,-.58,avatarLayer);box(.68,.18,.08,0xffffff,0,1.72,.43,avatarLayer);}"
if,11-render-materials-player-model.js,1937,"else if(uniform==='mechanic'){box(.78,.2,.08,0xdce8f2,0,1.83,.43,avatarLayer);box(.22,.32,.1,0xf3bd37,.34,1.52,.43,avatarLayer);box(.9,.16,.85,0x26384e,0,3.25,0,avatarLayer);}"
else,11-render-materials-player-model.js,1937,"else if(uniform==='mechanic'){box(.78,.2,.08,0xdce8f2,0,1.83,.43,avatarLayer);box(.22,.32,.1,0xf3bd37,.34,1.52,.43,avatarLayer);box(.9,.16,.85,0x26384e,0,3.25,0,avatarLayer);}"
if,11-render-materials-player-model.js,1938,"else if(uniform==='miner'){const helm=new THREE.Mesh(new THREE.SphereGeometry(.64,12,8,0,Math.PI*2,0,Math.PI*.62),mat(0xf0bb2d,{metalness:.08}));helm.position.set(0,3.08,0);avatarLayer.add(helm);box(.22,.22,.08,0xf8f4c6,0,3.17,.58,avatarLayer);box(.75,.18,.08,0x3b2c1b,0,1.75,.43,avatarLayer);}"
else,11-render-materials-player-model.js,1938,"else if(uniform==='miner'){const helm=new THREE.Mesh(new THREE.SphereGeometry(.64,12,8,0,Math.PI*2,0,Math.PI*.62),mat(0xf0bb2d,{metalness:.08}));helm.position.set(0,3.08,0);avatarLayer.add(helm);box(.22,.22,.08,0xf8f4c6,0,3.17,.58,avatarLayer);box(.75,.18,.08,0x3b2c1b,0,1.75,.43,avatarLayer);}"
if,11-render-materials-player-model.js,1939,"else if(uniform==='builder'){box(1.14,.2,.82,0xf8d54a,0,3.24,0,avatarLayer);box(.72,.15,.85,0xf8d54a,0,3.15,.5,avatarLayer);box(.12,1.02,.08,0xfff2a1,-.33,1.55,.43,avatarLayer);box(.12,1.02,.08,0xfff2a1,.33,1.55,.43,avatarLayer);}"
else,11-render-materials-player-model.js,1939,"else if(uniform==='builder'){box(1.14,.2,.82,0xf8d54a,0,3.24,0,avatarLayer);box(.72,.15,.85,0xf8d54a,0,3.15,.5,avatarLayer);box(.12,1.02,.08,0xfff2a1,-.33,1.55,.43,avatarLayer);box(.12,1.02,.08,0xfff2a1,.33,1.55,.43,avatarLayer);}"
if,11-render-materials-player-model.js,1940,} else if (outfit !== 'classic') {
else,11-render-materials-player-model.js,1940,} else if (outfit !== 'classic') {
if,11-render-materials-player-model.js,1944,if(uniform==='none'){
if,11-render-materials-player-model.js,1945,"if (hat === 'cap') { box(1.0,.22,1.0,0x2477d4,0,3.28,0,avatarLayer); box(.55,.10,.55,0x2477d4,0,3.18,.58,avatarLayer); }"
if,11-render-materials-player-model.js,1946,"else if (hat === 'crown') { box(.92,.25,.92,0xffd84d,0,3.32,0,avatarLayer); [[-.32,.22],[0,.34],[.32,.22]].forEach(([x,h])=>box(.18,h,.18,0xffd84d,x,3.48+h/2,0,avatarLayer)); }"
else,11-render-materials-player-model.js,1946,"else if (hat === 'crown') { box(.92,.25,.92,0xffd84d,0,3.32,0,avatarLayer); [[-.32,.22],[0,.34],[.32,.22]].forEach(([x,h])=>box(.18,h,.18,0xffd84d,x,3.48+h/2,0,avatarLayer)); }"
if,11-render-materials-player-model.js,1947,"else if (hat === 'helmet') { const helm = new THREE.Mesh(new THREE.SphereGeometry(.62,12,8,0,Math.PI*2,0,Math.PI*.62),mat(0xf97316,{metalness:.08})); helm.position.set(0,3.08,0); avatarLayer.add(helm); }"
else,11-render-materials-player-model.js,1947,"else if (hat === 'helmet') { const helm = new THREE.Mesh(new THREE.SphereGeometry(.62,12,8,0,Math.PI*2,0,Math.PI*.62),mat(0xf97316,{metalness:.08})); helm.position.set(0,3.08,0); avatarLayer.add(helm); }"
if,11-render-materials-player-model.js,1948,"if (accessory === 'backpack') { box(.78,1.05,.42,0x9a5b2b,0,1.65,-.58,avatarLayer); }"
if,11-render-materials-player-model.js,1949,"else if (accessory === 'glasses') { box(.38,.18,.08,0x111827,-.26,2.78,.59,avatarLayer); box(.38,.18,.08,0x111827,.26,2.78,.59,avatarLayer); box(.18,.06,.08,0x111827,0,2.78,.59,avatarLayer); }"
else,11-render-materials-player-model.js,1949,"else if (accessory === 'glasses') { box(.38,.18,.08,0x111827,-.26,2.78,.59,avatarLayer); box(.38,.18,.08,0x111827,.26,2.78,.59,avatarLayer); box(.18,.06,.08,0x111827,0,2.78,.59,avatarLayer); }"
if,11-render-materials-player-model.js,1950,"else if (accessory === 'cape') { const cape=box(.92,1.35,.08,0x8b5cf6,0,1.58,-.60,avatarLayer); cape.rotation.x=-.08; }"
else,11-render-materials-player-model.js,1950,"else if (accessory === 'cape') { const cape=box(.92,1.35,.08,0x8b5cf6,0,1.58,-.60,avatarLayer); cape.rotation.x=-.08; }"
if,11-render-materials-player-model.js,1952,avatarLayer.traverse(o=>{if(o.isMesh){o.castShadow=true;o.receiveShadow=true;}});
if,11-render-materials-player-model.js,1960,if (entry.getPos) return entry.getPos();
if,12-world-resources-nature.js,1964,if (entry.disabled) return false;
if,12-world-resources-nature.js,1965,if (currentHouse) return entry.houseId === currentHouse.id || entry.globalInside;
if,12-world-resources-nature.js,1973,if(!batch.stem){
if,12-world-resources-nature.js,1977,if(!batch.petals.has(color)){
if,12-world-resources-nature.js,1995,"if(!resource&&scale>.8){box(.34*scale,.18*scale,.34*scale,0xffe26a,.7*scale,3.95*scale,.65*scale,group);}"
if,12-world-resources-nature.js,1996,if(resource){
if,12-world-resources-nature.js,2005,"if(resource){const id=`rock-${x.toFixed(1)}-${z.toFixed(1)}`;world.resources.push({id,type:'stone',x,z,mesh,collected:false,hits:0,hitsNeeded:2});registerInteractable({id,type:'resource',icon:'⛏️',label:'Extrair pedra com picareta',x,z,radius:2.2,priority:135,action:()=>collectResource(id)});} return mesh;"
for,12-world-resources-nature.js,2018,"for(const [ox,oz,s] of [[-7,-4,2.4],[7,-4,2.4],[-7,4,2.6],[7,4,2.6],[-4,-5,2],[4,-5,2]]){const rock=new THREE.Mesh(new THREE.DodecahedronGeometry(s,0),materials.stone);rock.position.set(ox,s*.48,oz);rock.scale.y=1.35;g.add(rock);}"
for,12-world-resources-nature.js,2020,"for(const ox of [-2.5,2.5]){premiumBox(.35,4.7,.35,materials.wood,ox,2.4,-4.3,g);premiumBox(3.1,.35,.35,materials.wood,ox/2,4.65,-4.3,g);}"
for,12-world-resources-nature.js,2032,"for(const ox of [-1.65,1.65])premiumBox(.28,3.6,.28,materials.wood,ox,2.0,0,g);"
if,12-world-resources-nature.js,2039,"if(state.tools.equipped!=='bucket'){toast('Equipe o balde no menu Ferramentas.','warn',1800);return;}"
if,12-world-resources-nature.js,2040,"const now=performance.now();if(world.well&&now-world.well.lastDrawAt<2500){toast('O balde ainda está subindo.','warn',1100);return;}if(world.well)world.well.lastDrawAt=now;"
if,12-world-resources-nature.js,2045,if(batch.stemCount<256){
if,12-world-resources-nature.js,2049,if(petals.count<128){
for,12-world-resources-nature.js,2068,"for(let i=0;i<=segments;i++){const t=i/segments;box(.18,1.0,.18,materials.wood,lerp(x1,x2,t),.5,lerp(z1,z2,t));}"
if,12-world-resources-nature.js,2075,if(horizontal){
for,12-world-resources-nature.js,2079,"for(let lx=-w/2+3;lx<w/2-1.5;lx+=6)stableBox(2.35,.022,.34,lineMaterial,x+lx,.132,z,worldGroup,3);"
else,12-world-resources-nature.js,2081,}else{
for,12-world-resources-nature.js,2085,"for(let lz=-d/2+3;lz<d/2-1.5;lz+=6)stableBox(.34,.022,2.35,lineMaterial,x,.132,z+lz,worldGroup,3);"
for,12-world-resources-nature.js,2089,"function createWater(x,z,w,d){const water=stableBox(w,.12,d,materials.water,x,.04,z,worldGroup,1);water.material.depthWrite=false;for(let px=x-w/2+2;px<x+w/2;px+=4){stableBox(3.2,.18,.7,0x9fadb8,px,.09,z-d/2-.35,worldGroup,2);stableBox(3.2,.18,.7,0x9fadb8,px,.09,z+d/2+.35,worldGroup,2);}world.hazards.push({type:'water',x,z,w,d});}"
if,12-world-resources-nature.js,2095,if(type==='bed'){
if,12-world-resources-nature.js,2099,if(type==='sofa'){
if,12-world-resources-nature.js,2104,if(type==='tv'){
if,12-world-resources-nature.js,2109,if(type==='fridge'){
if,12-world-resources-nature.js,2113,if(type==='stove'){
for,12-world-resources-nature.js,2115,"for(const ox of [-.28,.28])for(const oz of [-.2,.2])cylinder(.13,.045,0x111827,ox,.95,oz,group,12);"
for,12-world-resources-nature.js,2116,"for(const ox of [-.3,0,.3])cylinder(.04,.07,0xe8edf2,ox,.8,.46,group,8);"
if,12-world-resources-nature.js,2118,if(type==='sink'){
if,12-world-resources-nature.js,2122,if(type==='shower'){
if,12-world-resources-nature.js,2126,"if(type==='chest'){box(1.25,.72,.82,wood,0,.36,0,group);box(1.3,.2,.87,0xffc629,0,.82,0,group);box(.18,.34,.08,metal,0,.55,.44,group);}"
if,12-world-resources-nature.js,2127,"if(type==='table'){box(1.6,.17,1.05,wood,0,.9,0,group);for(const ox of [-.58,.58])for(const oz of [-.35,.35])box(.13,.82,.13,wood,ox,.42,oz,group);box(.55,.08,.55,0x56c5ff,0,.99,0,group);}"
for,12-world-resources-nature.js,2127,"if(type==='table'){box(1.6,.17,1.05,wood,0,.9,0,group);for(const ox of [-.58,.58])for(const oz of [-.35,.35])box(.13,.82,.13,wood,ox,.42,oz,group);box(.55,.08,.55,0x56c5ff,0,.99,0,group);}"
if,12-world-resources-nature.js,2128,"if(type==='wardrobe'){box(1.55,2.14,.68,renderMat(0x89502b,{roughness:.8}),0,1.07,0,group);box(.06,1.9,.7,0x5e351c,0,1.07,0,group);box(.08,.12,.08,0xffd84d,-.13,1.08,.37,group);box(.08,.12,.08,0xffd84d,.13,1.08,.37,group);}"
if,12-world-resources-nature.js,2129,if(type==='desk'){
for,12-world-resources-nature.js,2130,"box(1.75,.16,.88,wood,0,.83,0,group);for(const ox of [-.65,.65])for(const oz of [-.28,.28])box(.12,.76,.12,wood,ox,.4,oz,group);"
for,12-world-resources-nature.js,2132,"box(1.05,.14,.34,materials.fabric,0,.5,.72,group);box(1.05,.72,.14,materials.fabric,0,.83,.86,group);for(const ox of [-.42,.42])box(.1,.47,.1,metal,ox,.24,.72,group);"
if,12-world-resources-nature.js,2134,if(type==='bookshelf'){
for,12-world-resources-nature.js,2135,"box(1.72,2.25,.4,wood,0,1.12,0,group);for(const y of [.2,.75,1.3,1.85,2.22])box(1.68,.1,.46,shadeColor(0x89502b,-16),0,y,0,group);"
for,12-world-resources-nature.js,2136,"const colors=[0xe34e52,0x3f8fd5,0xf0c441,0x55ad67,0x8d65c5];for(let row=0;row<4;row++)for(let i=0;i<7;i++)box(.16,.38,.3,colors[(i+row)%colors.length],-.62+i*.205,.43+row*.55,.04,group);"
if,12-world-resources-nature.js,2138,if(type==='board'){
for,12-world-resources-nature.js,2140,"for(const ox of [-1.2,-.45,.35,1.05])box(.42,.06,.025,0xf1f5d5,ox,1.6,.075,group);"
if,12-world-resources-nature.js,2142,"if(type==='bench'){box(2.25,.22,.62,materials.fabric,0,.62,0,group);box(2.25,.74,.18,materials.fabric,0,1.0,-.24,group);for(const ox of [-.82,.82])box(.14,.55,.14,metal,ox,.28,0,group);}"
for,12-world-resources-nature.js,2142,"if(type==='bench'){box(2.25,.22,.62,materials.fabric,0,.62,0,group);box(2.25,.74,.18,materials.fabric,0,1.0,-.24,group);for(const ox of [-.82,.82])box(.14,.55,.14,metal,ox,.28,0,group);}"
if,12-world-resources-nature.js,2143,if(type==='radio'){
for,12-world-resources-nature.js,2144,"box(1.35,.88,.65,materials.metal,0,.7,0,group);box(.72,.42,.05,dark,-.18,.72,.35,group);for(let i=0;i<4;i++)box(.06,.32,.04,0x9aaaba,-.46+i*.14,.72,.39,group);"
if,12-world-resources-nature.js,2147,if(type==='plant'){
for,12-world-resources-nature.js,2149,"for(const [ox,oy,oz] of [[-.34,1.25,0],[.34,1.08,.08],[0,1.48,-.15],[-.15,1.05,.28]])premiumBox(.62,.22,.4,0x55b94b,ox,oy,oz,group);"
for,12-world-resources-nature.js,2162,for(const word of words){
if,12-world-resources-nature.js,2165,if(ctx.measureText(candidate).width<=maxWidth||!lines[lines.length-1]) lines[lines.length-1]=candidate;
if,12-world-resources-nature.js,2166,else if(lines.length<2) lines.push(word);
else,12-world-resources-nature.js,2166,else if(lines.length<2) lines.push(word);
else,12-world-resources-nature.js,2167,else lines[1]+=' '+word;
while,12-world-resources-nature.js,2170,while(fontSize>30){
if,12-world-resources-nature.js,2172,if(lines.every(line=>ctx.measureText(line).width<=maxWidth)) break;
if,13-houses-npcs-vehicles-base.js,2195,if(publicBuilding){
for,13-houses-npcs-vehicles-base.js,2197,"for(let i=-4;i<=4;i++)box(.58,.18,1.25,i%2?0xfff5df:awningColor,x+i*.58,2.44,z+3.92,house.front);"
else,13-houses-npcs-vehicles-base.js,2200,}else{
if,13-houses-npcs-vehicles-base.js,2204,"house.roof.traverse(o=>{if(o.isMesh&&o.geometry?.type==='BoxGeometry')addVoxelOutline(o,0x182238,.24)});"
if,13-houses-npcs-vehicles-base.js,2205,"house.front.traverse(o=>{if(o.isMesh&&o.geometry?.type==='BoxGeometry')addVoxelOutline(o,0x182238,.25)});"
for,13-houses-npcs-vehicles-base.js,2216,"for(const cx of [-4.12,4.12]){box(.24,2.82,.4,corner,x+cx,1.5,z-3.28);box(.24,2.82,.4,corner,x+cx,1.5,z+3.28,house.front);}"
if,13-houses-npcs-vehicles-base.js,2227,"if(!publicBuilding){createFlower(x-3.1,z+4.7,shadeColor(0xff70c8,(id.charCodeAt(0)%3)*20-20));createFlower(x+3.1,z+4.7,0xffdf55);}"
if,13-houses-npcs-vehicles-base.js,2236,if(type==='home'){
if,13-houses-npcs-vehicles-base.js,2252,} else if(type==='shop'){
else,13-houses-npcs-vehicles-base.js,2252,} else if(type==='shop'){
for,13-houses-npcs-vehicles-base.js,2255,"for(const x of [-2.7,0,2.7]){createFurniture(house,'bookshelf',x,-1.35,0,'Prateleira de produtos');for(const z of [-.95,-1.65])premiumBox(.55,.32,.42,[0xffd84d,0x5bd18b,0xff7b72][Math.abs(Math.round(x))%3],house.x+x,.95,house.z+z);}"
for,13-houses-npcs-vehicles-base.js,2257,"const lampA=addGlow(house.x-2.3,2.35,house.z,0xffffff,5),lampB=addGlow(house.x+2.3,2.35,house.z,0xffffff,5);house.interiorObjects.push(lampA,lampB);premiumBox(2.4,.12,.82,0x4b7a5d,house.x-1.45,1.18,house.z+2.45);premiumBox(1.35,.42,.12,0xfff1b8,house.x-1.45,1.52,house.z+2.02);for(const px of [-2.8,-1.8,-.8,.8,1.8,2.8])premiumBox(.58,.08,.58,0xf7e9cb,house.x+px,2.55,house.z);"
if,13-houses-npcs-vehicles-base.js,2258,} else if(type==='workshop'){
else,13-houses-npcs-vehicles-base.js,2258,} else if(type==='workshop'){
if,13-houses-npcs-vehicles-base.js,2261,} else if(type==='school'){
else,13-houses-npcs-vehicles-base.js,2261,} else if(type==='school'){
for,13-houses-npcs-vehicles-base.js,2264,"for(const [x,z] of [[-2.6,-1.2],[0,-1.2],[2.6,-1.2],[-2.6,.65],[0,.65],[2.6,.65]])createFurniture(house,'desk',x,z,0,'Carteira escolar');"
for,13-houses-npcs-vehicles-base.js,2265,"createFurniture(house,'bookshelf',3.25,2.15,0,'Biblioteca');createFurniture(house,'plant',-3.3,2.1,0,'Horta da turma');createFurniture(house,'desk',0,2.15,0,'Mesa do professor');const teacherWardrobe=createFurniture(house,'wardrobe',-3.25,1.15,0,'Uniformes profissionais');registerActivity(house,teacherWardrobe,'wardrobe');for(const x of [-2.6,0,2.6])premiumBox(.7,.85,.28,0x4a90c4,house.x+x,.62,house.z+2.78);for(const [px,c] of [[-2.5,0xffd34d],[0,0x64d986],[2.5,0xff728e]])premiumBox(1.45,.85,.08"
if,13-houses-npcs-vehicles-base.js,2266,} else if(type==='police'){
else,13-houses-npcs-vehicles-base.js,2266,} else if(type==='police'){
for,13-houses-npcs-vehicles-base.js,2270,"createFurniture(house,'board',0,2.7,0,'Regras de trânsito');createFurniture(house,'bookshelf',-3.25,1.7,0,'Guias de segurança');const policeWardrobe=createFurniture(house,'wardrobe',3.15,-1.85,0,'Armário de uniformes');registerActivity(house,policeWardrobe,'wardrobe');premiumBox(8.0,.22,.1,0x245da8,house.x,1.08,house.z-3.0);for(const px of [-1.0,0,1.0])premiumBox(.72,.42,.08,0x7edfff,house.x+px,1.48,house.z-2.94);premiumBox(1.65,.08,1.0,0x2a4058,house.x,2.55,house.z);"
if,13-houses-npcs-vehicles-base.js,2271,} else if(type==='firestation'){
else,13-houses-npcs-vehicles-base.js,2271,} else if(type==='firestation'){
for,13-houses-npcs-vehicles-base.js,2275,"for(const x of [1.75,2.45,3.15])premiumCylinder(.18,1.7,0xe24b3f,house.x+x,.9,house.z+2.45,worldGroup,12);for(let line=-3;line<=3;line+=1.2)premiumBox(.48,.025,5.6,line<0?0xf1c83b:0x222b34,house.x+line,.205,house.z);for(const px of [-2.9,-2.15,-1.4]){premiumBox(.62,1.65,.55,0xc43d38,house.x+px,.88,house.z+2.35);premiumBox(.5,.18,.62,0xf1cc3d,house.x+px,1.8,house.z+2.35);}premiumBox(2.2,.08,1.0,0xfff0cf,house.x,2.55,house.z);"
if,13-houses-npcs-vehicles-base.js,2276,} else if(type==='neighbor'){
else,13-houses-npcs-vehicles-base.js,2276,} else if(type==='neighbor'){
if,13-houses-npcs-vehicles-base.js,2295,"box(.76,.18,.64,hairColor,0,2.38,0,group);if(hash%3===0){box(.18,.42,.58,hairColor,-.34,2.15,0,group);box(.18,.42,.58,hairColor,.34,2.15,0,group);}else if(hash%3===1){box(.72,.12,.12,hairColor,0,2.14,.34,group);}"
else,13-houses-npcs-vehicles-base.js,2295,"box(.76,.18,.64,hairColor,0,2.38,0,group);if(hash%3===0){box(.18,.42,.58,hairColor,-.34,2.15,0,group);box(.18,.42,.58,hairColor,.34,2.15,0,group);}else if(hash%3===1){box(.72,.12,.12,hairColor,0,2.14,.34,group);}"
for,13-houses-npcs-vehicles-base.js,2300,"for(const arm of [leftArm,rightArm]){box(.24,.48,.24,shirt,0,-.22,0,arm);box(.22,.25,.22,skin,0,-.58,0,arm);}"
for,13-houses-npcs-vehicles-base.js,2301,"for(const leg of [leftLeg,rightLeg]){box(.24,.58,.25,pants,0,-.28,0,leg);box(.27,.18,.34,shoe,0,-.65,.06,leg);}"
if,13-houses-npcs-vehicles-base.js,2302,"if(hash%4===0)box(.9,.18,.7,0x2f7ed6,0,2.48,0,group);"
if,13-houses-npcs-vehicles-base.js,2304,"group.traverse(o=>{if(o.isMesh)addVoxelOutline(o,0x172033,.3);});"
if,13-houses-npcs-vehicles-base.js,2309,if(!npc||!Array.isArray(route)||route.length<2)return npc;const ride=new THREE.Group();npc.group.add(ride);const wheels=[];
if,13-houses-npcs-vehicles-base.js,2310,if(type==='car'){
for,13-houses-npcs-vehicles-base.js,2312,"for(const p of [[-.78,.28,-.72],[.78,.28,-.72],[-.78,.28,.72],[.78,.28,.72]]){const wheel=premiumCylinder(.28,.24,0x121821,p[0],p[1],p[2],ride,10);wheel.rotation.z=Math.PI/2;wheels.push(wheel);}"
if,13-houses-npcs-vehicles-base.js,2313,}else if(type==='moto'){
else,13-houses-npcs-vehicles-base.js,2313,}else if(type==='moto'){
for,13-houses-npcs-vehicles-base.js,2314,"for(const z of [-.72,.72]){const wheel=premiumCylinder(.34,.13,0x111822,0,.36,z,ride,12);wheel.rotation.z=Math.PI/2;wheels.push(wheel);}premiumBox(.28,.26,1.15,npc.color,0,.58,0,ride);premiumBox(.56,.15,.42,0x202c3b,0,.76,-.12,ride);premiumBox(.7,.06,.08,0xd7e2eb,0,1.05,.53,ride);"
if,13-houses-npcs-vehicles-base.js,2315,}else if(type==='bike'){
else,13-houses-npcs-vehicles-base.js,2315,}else if(type==='bike'){
for,13-houses-npcs-vehicles-base.js,2316,"for(const z of [-.72,.72]){const wheel=premiumCylinder(.34,.07,0x17202b,0,.36,z,ride,14);wheel.rotation.z=Math.PI/2;wheels.push(wheel);}premiumBox(.08,.65,1.2,npc.color,0,.62,0,ride);premiumBox(.58,.07,.08,0xe8eef3,0,1.05,.62,ride);premiumBox(.45,.12,.34,0x25364a,0,.84,-.2,ride);"
else,13-houses-npcs-vehicles-base.js,2317,}else{
for,13-houses-npcs-vehicles-base.js,2318,"premiumBox(.62,.1,1.2,npc.color,0,.12,0,ride);for(const p of [[-.25,.08,-.42],[.25,.08,-.42],[-.25,.08,.42],[.25,.08,.42]]){const wheel=premiumCylinder(.09,.08,0x1c2633,p[0],p[1],p[2],ride,8);wheel.rotation.z=Math.PI/2;wheels.push(wheel);}"
if,13-houses-npcs-vehicles-base.js,2320,"ride.traverse(o=>{if(o.isMesh)addVoxelOutline(o,0x132238,.22);});const projected=route.map(p=>{const q=nearestRoadProjection({x:p[0],z:p[1]})?.point;return q?{x:q.x,z:q.z}:{x:p[0],z:p[1]};});npc.group.position.set(projected[0].x,0,projected[0].z);npc.baseX=projected[0].x;npc.baseZ=projected[0].z;npc.mobility={id:`mobility-${npc.id}`,type,route:projected,index:1,speed:speed||({car:4.4,moto:4.8,bike:3.2,skate:2.8})[type]||3,currentSpeed:0,radius:type==='car'?1.45:type==='moto'?.9:.7,group:npc.grou"
if,13-houses-npcs-vehicles-base.js,2324,"if(type==='slime'){box(1.35,.85,1.35,0x31c65b,0,.45,0,group);box(.18,.12,.05,0xff2441,-.28,.55,.7,group);box(.18,.12,.05,0xff2441,.28,.55,.7,group);}"
if,13-houses-npcs-vehicles-base.js,2325,"else if(type==='bat'){box(1.0,.75,1.0,0x35165e,0,1.4,0,group);box(.8,.18,.45,0x8c4ddb,-.8,1.4,0,group);box(.8,.18,.45,0x8c4ddb,.8,1.4,0,group);box(.12,.1,.05,0xff31f5,-.22,1.48,.54,group);box(.12,.1,.05,0xff31f5,.22,1.48,.54,group);}"
else,13-houses-npcs-vehicles-base.js,2325,"else if(type==='bat'){box(1.0,.75,1.0,0x35165e,0,1.4,0,group);box(.8,.18,.45,0x8c4ddb,-.8,1.4,0,group);box(.8,.18,.45,0x8c4ddb,.8,1.4,0,group);box(.12,.1,.05,0xff31f5,-.22,1.48,.54,group);box(.12,.1,.05,0xff31f5,.22,1.48,.54,group);}"
else,13-houses-npcs-vehicles-base.js,2326,"else {box(1.5,1.8,1.2,0x788495,0,1.0,0,group);box(1.0,.8,1.0,0x647080,0,2.2,0,group);box(.14,.1,.05,0xff293f,-.22,2.25,.52,group);box(.14,.1,.05,0xff293f,.22,2.25,.52,group);}"
if,13-houses-npcs-vehicles-base.js,2334,"const group=new THREE.Group();group.position.set(x,0,z);worldGroup.add(group);box(1.2,.72,.9,materials.wood,0,.36,0,group);const lid=box(1.25,.22,.95,secret?0xa855f7:0xffd84d,0,.84,0,group);const chest={id,x,z,group,lid,opened:!!state.flags[`chest_${id}`],secret};if(chest.opened)lid.rotation.x=-.6;registerInteractable({id:`chest-${id}`,type:'chest',icon:'🎁',label:secret?'Pegar presente secreto':'Abrir presente/baú',x,z,radius:2,priority:200,action:()=>openChest(chest)});return chest;"
if,13-houses-npcs-vehicles-base.js,2338,function currentVehicleRef(){if(activeVehicleRef)return activeVehicleRef;const byId=vehicleById(player.car.id);if(byId)return byId;if(world.activeVehicle)return world.activeVehicle;return player.car.id?null:(world.vehicle||null);}
if,13-houses-npcs-vehicles-base.js,2340,"const a=vehicle?.appearance||{},m=vehicleVisual?.userData?.appearanceMaterials;if(!m)return;"
if,13-houses-npcs-vehicles-base.js,2344,"if(!vehicle||!state.vehicles)return;state.vehicles.parked[vehicle.id]={x:+vehicle.group.position.x.toFixed(2),z:+vehicle.group.position.z.toFixed(2),heading:+vehicle.group.rotation.y.toFixed(3)};state.vehicles.lastUsedId=vehicle.id;"
for,13-houses-npcs-vehicles-base.js,2353,"for(const p of [[-.84,.24,-.79],[.84,.24,-.79],[-.84,.24,.79],[.84,.24,.79]]){const wheel=cylinder(.34,.28,0x10151d,p[0],p[1],p[2],group,14);wheel.rotation.z=Math.PI/2;const hub=cylinder(.12,.3,0xf5a623,p[0],p[1],p[2],group,10);hub.rotation.z=Math.PI/2;}"
if,13-houses-npcs-vehicles-base.js,2354,"group.traverse(o=>{if(o.isMesh)addVoxelOutline(o,0x14243a,.28);});"
if,13-houses-npcs-vehicles-base.js,2355,"const vehicle={id,x:group.position.x,z:group.position.z,heading,group,label:options.label||'Carro da cidade',appearance,occupied:false};world.vehicles.push(vehicle);if(!world.vehicle)world.vehicle=vehicle;"
if,13-houses-npcs-vehicles-base.js,2366,if(!world.waypointMarker)return;
if,13-houses-npcs-vehicles-base.js,2368,"if(wp)world.waypointMarker.position.set(wp.x,0,wp.z);"
for,13-houses-npcs-vehicles-base.js,2373,"for(let x=28;x<=76;x+=6){box(.12,.05,14,0xffffff,x,.22,75.5);}"
if,13-houses-npcs-vehicles-base.js,2382,"if(player.scaleMode!=='mini'){toast('Use o botão MINI para passar.','warn',2200);return;}player.z=39.5;setFlag('miniPassage');addXP(25);toast('Passagem mini concluída!','good');"
if,13-houses-npcs-vehicles-base.js,2387,"if(!player.crouched){toast('Use ABAIXAR para entrar.','warn',2200);return;}player.z=21.5;setFlag('crouchPassage');addXP(25);toast('Túnel baixo concluído!','good');"
if,13-houses-npcs-vehicles-base.js,2392,"if(player.scaleMode!=='giant'){toast('Use GRANDE para abrir o portão.','warn',2200);return;}setFlag('giantGate');addXP(35);toast('Portão pesado aberto!','good');"
for,13-houses-npcs-vehicles-base.js,2406,for(let i=0;i<7;i++){
if,13-houses-npcs-vehicles-base.js,2413,if(textures.water){textures.water.offset.x=(textures.water.offset.x+dt*.012)%1;textures.water.offset.y=(textures.water.offset.y+dt*.007)%1;}
if,13-houses-npcs-vehicles-base.js,2414,if(!world.clouds)return;
if,13-houses-npcs-vehicles-base.js,2415,for(const c of world.clouds){c.group.position.x+=c.speed*dt;if(c.group.position.x>210)c.group.position.x=-210;}
for,13-houses-npcs-vehicles-base.js,2415,for(const c of world.clouds){c.group.position.x+=c.speed*dt;if(c.group.position.x>210)c.group.position.x=-210;}
if,14-world-district-decoration.js,2425,"if(scale>.95)addVoxelOutline(g.children[0],0x5d3b24,.24);world.landmarks.push(g);return g;"
for,14-world-district-decoration.js,2434,"for(let i=0;i<9;i++){const ang=Math.PI*i/8;const p=new THREE.Mesh(new THREE.BoxGeometry(.55,.55,.35),glow);p.position.set(Math.cos(ang)*2.35,3.3+Math.sin(ang)*2.35,.25);p.rotation.z=-ang;g.add(p);}"
for,14-world-district-decoration.js,2439,"const slide=box(1.35,.22,4.2,0xfacc15,1.7,1.1,1.5,g);slide.rotation.x=-.42;for(const sx of [-2.4,2.4]){box(.18,3.4,.18,materials.wood,sx,1.7,-2,g);box(.18,3.4,.18,materials.wood,sx+1.1,1.7,-2,g);}box(5.3,.18,.18,0xef4444,.55,3.25,-2,g);world.landmarks.push(g);return g;"
for,14-world-district-decoration.js,2442,"function createAwning(x,z,color=0xef4444,rotation=0){const g=new THREE.Group();g.position.set(x,0,z);g.rotation.y=rotation;worldGroup.add(g);for(let i=-3;i<=3;i++)box(.55,.18,1.25,i%2?0xfff7e8:color,i*.55,2.15,0,g);world.landmarks.push(g);return g;}"
for,14-world-district-decoration.js,2454,"for(let yy=1.25;yy<h-1;yy+=1.65)for(let xx=-w/2+.85;xx<w/2-.35;xx+=1.5)box(.76,.7,.08,windowMat,xx,yy,front,g);"
for,14-world-district-decoration.js,2460,"for(let i=0;i<4;i++){const rock=new THREE.Mesh(new THREE.ConeGeometry((2.7-i*.45)*scale,2.1*scale,4),materials.stone);rock.position.y=-1.3*scale-i*.65*scale;rock.rotation.y=Math.PI/4;g.add(rock);}const crystal=new THREE.Mesh(new THREE.OctahedronGeometry(.65*scale,0),mat(0x4de5ff,{emissive:0x009ac8,emissiveIntensity:1.3,roughness:.15}));crystal.position.y=1.9*scale;g.add(crystal);addVoxelOutline(crystal,0x15334c,.35);world.landmarks.push(g);return g;"
if,15-transit-bus-metro.js,2507,"const out=[];for(const item of points||[]){if(!item||!Number.isFinite(Number(item.x))||!Number.isFinite(Number(item.z)))continue;const p={...item,x:+item.x,z:+item.z},last=out[out.length-1];if(last&&Math.hypot(last.x-p.x,last.z-p.z)<.12){if(p.stopId)Object.assign(last,p);continue;}out.push(p);}return out;"
for,15-transit-bus-metro.js,2507,"const out=[];for(const item of points||[]){if(!item||!Number.isFinite(Number(item.x))||!Number.isFinite(Number(item.z)))continue;const p={...item,x:+item.x,z:+item.z},last=out[out.length-1];if(last&&Math.hypot(last.x-p.x,last.z-p.z)<.12){if(p.stopId)Object.assign(last,p);continue;}out.push(p);}return out;"
if,15-transit-bus-metro.js,2511,const source=compactBusPath(points);if(source.length<2)return source;
if,15-transit-bus-metro.js,2514,"for(const amount of [offset,offset*.72,offset*.45,0]){const x=point.x+rightX*amount,z=point.z+rightZ*amount;if(pointOnRoad(x,z,.02))return{...point,x,z};}"
for,15-transit-bus-metro.js,2514,"for(const amount of [offset,offset*.72,offset*.45,0]){const x=point.x+rightX*amount,z=point.z+rightZ*amount;if(pointOnRoad(x,z,.02))return{...point,x,z};}"
if,15-transit-bus-metro.js,2519,const source=route?.points||[];if(source.length<2)return source.map(projectedBusPoint);
for,15-transit-bus-metro.js,2521,for(let i=0;i<source.length;i++){
if,15-transit-bus-metro.js,2524,"if(leg.length<2)leg=[from,to];"
for,15-transit-bus-metro.js,2525,for(let j=1;j<leg.length;j++){
if,15-transit-bus-metro.js,2526,const final=j===leg.length-1;if(lastLeg&&final)continue;
if,15-transit-bus-metro.js,2530,"const lane=offsetBusPath(compactBusPath(center),Number(route.laneOffset||BUS_LANE_OFFSET));if(lane.length>1&&Math.hypot(lane[0].x-lane[lane.length-1].x,lane[0].z-lane[lane.length-1].z)<.12)lane.pop();return lane;"
if,15-transit-bus-metro.js,2533,function busNextStop(bus){const points=busRoutePoints(bus);for(let step=0;step<points.length;step++){const point=points[(bus.pointIndex+step)%points.length];if(point?.stopId)return point;}return null;}
for,15-transit-bus-metro.js,2533,function busNextStop(bus){const points=busRoutePoints(bus);for(let step=0;step<points.length;step++){const point=points[(bus.pointIndex+step)%points.length];if(point?.stopId)return point;}return null;}
if,15-transit-bus-metro.js,2535,"if(!points?.length)return null;let best=null;const start=(bus.pointIndex-1+points.length)%points.length,limit=Math.min(points.length,18);"
if,15-transit-bus-metro.js,2536,"for(let step=0;step<limit;step++){const index=(start+step)%points.length,a=points[index],b=points[(index+1)%points.length],point=projectPointToSegment(bus.group.position,a,b),distance=Math.hypot(bus.group.position.x-point.x,bus.group.position.z-point.z),score=distance+step*.045;if(!best||score<best.score)best={index,nextIndex:(index+1)%points.length,point,distance,score};}"
for,15-transit-bus-metro.js,2536,"for(let step=0;step<limit;step++){const index=(start+step)%points.length,a=points[index],b=points[(index+1)%points.length],point=projectPointToSegment(bus.group.position,a,b),distance=Math.hypot(bus.group.position.x-point.x,bus.group.position.z-point.z),score=distance+step*.045;if(!best||score<best.score)best={index,nextIndex:(index+1)%points.length,point,distance,score};}"
if,15-transit-bus-metro.js,2540,"const points=busRoutePoints(bus);let projection=nearestForwardBusSegment(bus,points);const global=projectPointToPolyline(bus.group.position,points);if(global&&(!projection||global.distance+1.2<projection.distance))projection=global;if(!projection)return false;"
if,15-transit-bus-metro.js,2544,"if(!bus||bus.state===next)return false;bus.stateHistory=bus.stateHistory||[];bus.stateHistory.push({from:bus.state||'',to:next,at:Date.now(),reason});bus.stateHistory=bus.stateHistory.slice(-24);bus.state=next;bus.stateSince=performance.now();bus.lastStateReason=reason;return true;"
if,15-transit-bus-metro.js,2549,function clearBusWaiting(save=true){world.waitingForBus=null;state.transport.busWaiting=null;if(save)saveState(true);}
if,15-transit-bus-metro.js,2550,"function restoreBusWaiting(){const waiting=state.transport?.busWaiting;if(!waiting?.stopId)return false;const stop=world.busStops.find(s=>s.id===waiting.stopId);if(!stop){state.transport.busWaiting=null;return false;}world.waitingForBus={stopId:waiting.stopId,routeId:waiting.routeId||'',startedAt:Number(waiting.startedAt||Date.now())};return true;}"
if,15-transit-bus-metro.js,2554,"if(stop&&!positionBlockedForPlayer(stop.x,stop.z,.45,{ignoreActor:bus,ignoreTraffic:false}))return{x:stop.x,z:stop.z,y:groundHeightAt(stop.x,stop.z)};"
for,15-transit-bus-metro.js,2561,"for(let i=0;i<5;i++)premiumBox(2.8,.16,.58,0x718291,0,.35-i*.02,.6+i*.5,g);"
for,15-transit-bus-metro.js,2564,"premiumBox(3.45,2.5,.12,0x13283d,0,1.45,1.82,g);for(const x of [-1.18,0,1.18])premiumBox(.08,2.35,.14,0x64d8ff,x,1.45,1.75,g);"
if,15-transit-bus-metro.js,2568,"if(metroOverlay)return metroOverlay;metroOverlay=document.createElement('div');metroOverlay.id='metroTravelOverlay';metroOverlay.className='metro-travel-overlay';metroOverlay.hidden=true;metroOverlay.innerHTML='<div class=""metro-tunnel""><i></i><i></i><i></i></div><div class=""metro-train""><b>M</b><span></span><span></span><span></span></div><strong data-metro-trip>Próxima estação</strong>';document.body.appendChild(metroOverlay);return metroOverlay;"
if,15-transit-bus-metro.js,2571,"if(player.vehicle||player.boating||player.transit.mode){toast('Desembarque antes de entrar no metrô.','warn');return;}"
if,15-transit-bus-metro.js,2573,"openModal(station.name,`<div class=""transit-heading""><b>Ⓜ️ ${station.line}</b><span>Escolha qualquer ponto conhecido do mapa.</span></div><div class=""metro-destination-list"">${groups}</div>`,root=>{$$('[data-metro-destination]',root).forEach(btn=>btn.onclick=()=>{const destination=MAP_LOCATIONS.find(x=>x.id===btn.dataset.metroDestination);if(destination)rideMetroTo(station,destination);});});"
if,15-transit-bus-metro.js,2576,if(!destination||player.transit.mode||!canEnterMobility(PLAYER_MODES.METRO_PASSENGER))return false;
if,15-transit-bus-metro.js,2578,if(playerModel)playerModel.visible=false;if(avatarLayer)avatarLayer.visible=false;if(contactShadow)contactShadow.visible=false;
if,15-transit-bus-metro.js,2581,if(player.transit.mode!=='metro'||player.transit.metroUntil!==token)return;
if,15-transit-bus-metro.js,2584,"state.transport.metroTrips=(state.transport.metroTrips||0)+1;state.stats.metroTrips=(state.stats.metroTrips||0)+1;if(!state.transport.metroDestinations.includes(destination.id))state.transport.metroDestinations.push(destination.id);state.transport.metroDestinations=state.transport.metroDestinations.slice(-60);trackDaily('metro',1);advanceAdventure('metro',destination.id);setFlag('usedMetro');state.waypoint=null;world.routePath=[];"
if,15-transit-bus-metro.js,2585,"player.transit.mode='';player.transit.destinationId='';if(playerModel)playerModel.visible=true;if(avatarLayer)avatarLayer.visible=true;if(contactShadow)contactShadow.visible=true;playerGroup?.position?.set(player.x,player.y,player.z);rememberSafePlayerPosition(true);auditPlayerMode('exit-metro');updateNavigation(0,true);updateContext(true);saveState(true);"
if,15-transit-bus-metro.js,2590,let stop=world.busStops.find(s=>s.id===point.stopId);if(stop){if(!stop.routes.includes(route.id))stop.routes.push(route.id);return stop;}
if,15-transit-bus-metro.js,2594,"if(!runtimePoints.length)return 0;let best=preferredOffset,bestScore=-Infinity;for(let i=0;i<runtimePoints.length;i++){const point=runtimePoints[i],roadOk=pointOnRoad(point.x,point.z,.03),distanceToTraffic=trafficActorList().reduce((min,actor)=>Math.min(min,Math.hypot(actor.group.position.x-point.x,actor.group.position.z-point.z)-(actor.radius||1.5)),999),distanceToBus=(world.buses||[]).reduce((min,bus)=>Math.min(min,Math.hypot(bus.group.position.x-point.x,bus.group.position.z-point.z)-5.5),999)"
for,15-transit-bus-metro.js,2594,"if(!runtimePoints.length)return 0;let best=preferredOffset,bestScore=-Infinity;for(let i=0;i<runtimePoints.length;i++){const point=runtimePoints[i],roadOk=pointOnRoad(point.x,point.z,.03),distanceToTraffic=trafficActorList().reduce((min,actor)=>Math.min(min,Math.hypot(actor.group.position.x-point.x,actor.group.position.z-point.z)-(actor.radius||1.5)),999),distanceToBus=(world.buses||[]).reduce((min,bus)=>Math.min(min,Math.hypot(bus.group.position.x-point.x,bus.group.position.z-point.z)-5.5),999)"
for,15-transit-bus-metro.js,2600,"for(const side of [-1,1]){"
for,15-transit-bus-metro.js,2602,"for(const z of [-2.72,-1.38,0,1.38,2.72])premiumBox(.22,2.0,.18,light,side*1.51,2.03,z,g);"
for,15-transit-bus-metro.js,2603,"for(const z of [-2.08,-.68,.68,2.08])premiumBox(.035,1.25,1.08,dark,side*1.595,2.1,z,g);"
if,15-transit-bus-metro.js,2609,"const routeBoard=new THREE.Mesh(new THREE.PlaneGeometry(1.95,.46),new THREE.MeshStandardMaterial({map:signTexture(`${route.number} ${route.name}`,route.schoolBus?'#f0b62d':'#12273b',route.schoolBus?'#1b2835':'#ffffff'),roughness:.5,side:THREE.DoubleSide}));routeBoard.position.set(0,2.92,3.535);g.add(routeBoard);if(route.schoolBus){const schoolSign=new THREE.Mesh(new THREE.PlaneGeometry(1.15,.45),new THREE.MeshStandardMaterial({map:signTexture('ESCOLAR','#fff4c8','#24364a'),side:THREE.DoubleSide,"
for,15-transit-bus-metro.js,2610,"for(const z of [-2.25,-.85,.55,1.95])for(const x of [-.72,.72]){premiumBox(.72,.18,.62,seat,x,1.08,z,g);premiumBox(.72,.74,.16,seat,x,1.42,z-.26,g);premiumBox(.08,.48,.08,rail,x-.26,1.0,z,g);premiumBox(.08,.48,.08,rail,x+.26,1.0,z,g);}"
for,15-transit-bus-metro.js,2611,"for(const x of [-1.15,1.15])premiumBox(.07,2.2,.07,rail,x,1.82,2.55,g);premiumBox(2.35,.07,.07,rail,0,2.72,2.55,g);"
for,15-transit-bus-metro.js,2613,"const wheels=[];for(const p of [[-1.48,.47,-2.3],[1.48,.47,-2.3],[-1.48,.47,2.25],[1.48,.47,2.25]]){const wheel=premiumCylinder(.48,.28,0x111720,p[0],p[1],p[2],g,14);wheel.rotation.z=Math.PI/2;wheels.push(wheel);}"
for,15-transit-bus-metro.js,2614,"const passengerColors=[0xffd84d,0xff72b6,0x54c7ff];for(let i=0;i<3;i++){const pg=new THREE.Group();pg.position.set(i%2?-.72:.72,1.2,-1.6+i*1.35);g.add(pg);premiumBox(.42,.52,.38,passengerColors[i],0,.25,0,pg);premiumBox(.36,.36,.36,0xffc997,0,.68,0,pg);}"
if,15-transit-bus-metro.js,2617,"for(const point of runtimePoints)if(point.stopId)ensureBusStop(route,point);return bus;"
for,15-transit-bus-metro.js,2617,"for(const point of runtimePoints)if(point.stopId)ensureBusStop(route,point);return bus;"
for,15-transit-bus-metro.js,2619,"function createTransitWorld(){METRO_STATIONS.forEach(createMetroEntrance);BUS_ROUTES.forEach((route,routeOrder)=>{for(let copy=0;copy<Math.max(1,Number(route.copies||2));copy++)createBusModel(route,copy,routeOrder);});validateBusCoverage();restoreBusWaiting();}"
if,15-transit-bus-metro.js,2621,"function busEtaSeconds(bus,stopId){if(!bus||!stopId)return Infinity;if(busAtStop(bus)&&bus.lastStopId===stopId)return 0;const points=busRoutePoints(bus);let distance=0,previous={x:bus.group.position.x,z:bus.group.position.z};for(let step=0;step<points.length;step++){const idx=(bus.pointIndex+step)%points.length,point=points[idx];distance+=Math.hypot(point.x-previous.x,point.z-previous.z);if(point.stopId===stopId)return Math.max(1,Math.round(distance/Math.max(1,bus.speed)+(step*.8)));previous=poi"
for,15-transit-bus-metro.js,2621,"function busEtaSeconds(bus,stopId){if(!bus||!stopId)return Infinity;if(busAtStop(bus)&&bus.lastStopId===stopId)return 0;const points=busRoutePoints(bus);let distance=0,previous={x:bus.group.position.x,z:bus.group.position.z};for(let step=0;step<points.length;step++){const idx=(bus.pointIndex+step)%points.length,point=points[idx];distance+=Math.hypot(point.x-previous.x,point.z-previous.z);if(point.stopId===stopId)return Math.max(1,Math.round(distance/Math.max(1,bus.speed)+(step*.8)));previous=poi"
if,15-transit-bus-metro.js,2622,"function validateBusCoverage(){for(const stop of world.busStops){const active=world.buses.some(bus=>stop.routes.includes(bus.route.id));stop.covered=active;if(!active)console.warn('Parada sem ônibus ativo:',stop.id);}}"
for,15-transit-bus-metro.js,2622,"function validateBusCoverage(){for(const stop of world.busStops){const active=world.buses.some(bus=>stop.routes.includes(bus.route.id));stop.covered=active;if(!active)console.warn('Parada sem ônibus ativo:',stop.id);}}"
if,15-transit-bus-metro.js,2624,"const points=bus?.route?.points||[],start=Math.max(0,points.findIndex(p=>p.stopId===stopId)),names=[];for(let step=1;step<=points.length;step++){const p=points[(start+step)%points.length];if(p?.stopName&&!names.includes(p.stopName))names.push(p.stopName);}return names.slice(0,8);"
for,15-transit-bus-metro.js,2624,"const points=bus?.route?.points||[],start=Math.max(0,points.findIndex(p=>p.stopId===stopId)),names=[];for(let step=1;step<=points.length;step++){const p=points[(start+step)%points.length];if(p?.stopName&&!names.includes(p.stopName))names.push(p.stopName);}return names.slice(0,8);"
if,15-transit-bus-metro.js,2627,if(!bus||!stop||player.transit.mode||player.vehicle||player.boating||!busAtStop(bus))return false;
if,15-transit-bus-metro.js,2628,"if(Math.hypot(player.x-stop.x,player.z-stop.z)>6.2)return false;"
if,15-transit-bus-metro.js,2637,"if(!bus||!stop)return;const waiting=world.waitingForBus,match=!waiting||(waiting.stopId===stop.id&&(!waiting.routeId||waiting.routeId===bus.route.id));if(!match)return;"
if,15-transit-bus-metro.js,2638,"const near=Math.hypot(player.x-stop.x,player.z-stop.z)<=6.2;if(!near)return;"
if,15-transit-bus-metro.js,2639,"const tryOffer=()=>{if(!busAtStop(bus)||player.transit.mode)return;if(els.modal.hidden)openBusArrivalOffer(bus,stop);else if(performance.now()<bus.stopUntil-450)setTimeout(tryOffer,420);};"
else,15-transit-bus-metro.js,2639,"const tryOffer=()=>{if(!busAtStop(bus)||player.transit.mode)return;if(els.modal.hidden)openBusArrivalOffer(bus,stop);else if(performance.now()<bus.stopUntil-450)setTimeout(tryOffer,420);};"
if,15-transit-bus-metro.js,2656,"if(transitPanel)return transitPanel;transitPanel=document.createElement('div');transitPanel.id='transitActivityPanel';transitPanel.className='transit-activity-panel';transitPanel.hidden=true;transitPanel.innerHTML='<div><b data-bus-line>Ônibus</b><span data-bus-next>Próxima parada</span></div><button type=""button"" data-bus-request>🔔<span>Pedir parada</span></button>';document.body.appendChild(transitPanel);transitPanel.querySelector('[data-bus-request]').onclick=()=>{if(player.transit.mode!=='bu"
if,15-transit-bus-metro.js,2659,"const panel=ensureTransitPanel(),bus=world.buses.find(b=>b.id===player.transit.busId);document.body.classList.toggle('bus-passenger',player.transit.mode==='bus'&&!!bus);panel.hidden=player.transit.mode!=='bus'||!bus;if(!bus)return;const nextStop=busNextStop(bus);panel.querySelector('[data-bus-line]').textContent=`${bus.route.number} • ${bus.route.name}`;panel.querySelector('[data-bus-next]').textContent=`Próxima: ${nextStop?.stopName||'Terminal'}`;const button=panel.querySelector('[data-bus-requ"
if,15-transit-bus-metro.js,2662,"if(!bus||player.transit.mode||player.vehicle||player.boating||!canEnterMobility(PLAYER_MODES.BUS_PASSENGER)){toast('Desembarque do transporte atual primeiro.','warn');return false;}"
if,15-transit-bus-metro.js,2663,"if(!busAtStop(bus)){toast('Embarque somente com o ônibus parado e as portas abertas.','warn');return false;}"
if,15-transit-bus-metro.js,2664,"if(Math.hypot(player.x-bus.group.position.x,player.z-bus.group.position.z)>6.2){toast('Chegue mais perto da porta do ônibus.','warn');return false;}"
if,15-transit-bus-metro.js,2667,if(playerModel)playerModel.visible=false;if(avatarLayer)avatarLayer.visible=false;if(contactShadow)contactShadow.visible=false;if(toolVisual)toolVisual.visible=false;
if,15-transit-bus-metro.js,2670,"setTimeout(()=>{if(busAtStop(bus)&&bus.state===BUS_STATES.BOARDING)setBusState(bus,BUS_STATES.DOORS_OPEN,'boarding-complete');},420);return true;"
if,15-transit-bus-metro.js,2673,if(player.transit.mode!=='bus'||!bus||!busAtStop(bus))return false;
if,15-transit-bus-metro.js,2676,if(playerModel)playerModel.visible=true;if(avatarLayer)avatarLayer.visible=true;if(contactShadow)contactShadow.visible=true;if(toolVisual)toolVisual.visible=true;
if,15-transit-bus-metro.js,2677,"const stopId=stop?.id||stopLike?.stopId||bus.lastStopId||'terminal';if(!state.transport.busStops.includes(stopId))state.transport.busStops.push(stopId);state.transport.busStops=state.transport.busStops.slice(-40);state.stats.busStops=(state.stats.busStops||0)+1;trackDaily('bus',1);advanceAdventure('bus',stopId);setFlag('rodeBus');"
if,15-transit-bus-metro.js,2679,"setTimeout(()=>{if(bus.doorsOpen&&bus.state===BUS_STATES.BOARDING)setBusState(bus,BUS_STATES.DOORS_OPEN,'exit-complete');},350);return true;"
for,15-transit-bus-metro.js,2683,for(const bus of world.buses){
if,15-transit-bus-metro.js,2684,const points=busRoutePoints(bus);if(!points.length)continue;
if,15-transit-bus-metro.js,2685,"if(bus.state===BUS_STATES.SPAWNING)setBusState(bus,BUS_STATES.MOVING,'spawn-complete');"
if,15-transit-bus-metro.js,2686,"if(now<Number(bus.trafficHoldUntil||0)){bus.currentSpeed=lerp(Number(bus.currentSpeed||0),0,Math.min(1,dt*10));continue;}"
if,15-transit-bus-metro.js,2687,"if(bus.state===BUS_STATES.ACCIDENT){bus.currentSpeed=lerp(Number(bus.currentSpeed||0),0,Math.min(1,dt*8));continue;}"
if,15-transit-bus-metro.js,2688,if(bus.state===BUS_STATES.TURNING_AROUND){
if,15-transit-bus-metro.js,2689,"bus.currentSpeed=0;const targetHeading=Number(bus.turnTargetHeading||0),delta=((targetHeading-bus.group.rotation.y+Math.PI*3)%(Math.PI*2))-Math.PI;bus.group.rotation.y=lerpAngle(bus.group.rotation.y,targetHeading,Math.min(1,dt*4.8));if(Math.abs(delta)<.045||now>=Number(bus.turnUntil||0)){bus.group.rotation.y=targetHeading;bus.turnTargetHeading=0;bus.turnUntil=0;setBusState(bus,BUS_STATES.MOVING,'turn-complete');}"
if,15-transit-bus-metro.js,2690,}else if(bus.state===BUS_STATES.OPENING_DOORS){
else,15-transit-bus-metro.js,2690,}else if(bus.state===BUS_STATES.OPENING_DOORS){
if,15-transit-bus-metro.js,2691,"bus.currentSpeed=0;if(now>=Number(bus.openAt||0)){bus.doorsOpen=true;bus.stopUntil=Math.max(Number(bus.stopUntil||0),now+Number(bus.route.dwell||3600));setBusState(bus,BUS_STATES.DOORS_OPEN,'doors-open');const stop=world.busStops.find(s=>s.id===bus.lastStopId);if(stop&&bus.offerStopId!==stop.id){bus.offerStopId=stop.id;offerBusAtStop(bus,stop);}}"
if,15-transit-bus-metro.js,2692,"}else if([BUS_STATES.DOORS_OPEN,BUS_STATES.OFFERING_BOARDING,BUS_STATES.BOARDING].includes(bus.state)){"
else,15-transit-bus-metro.js,2692,"}else if([BUS_STATES.DOORS_OPEN,BUS_STATES.OFFERING_BOARDING,BUS_STATES.BOARDING].includes(bus.state)){"
if,15-transit-bus-metro.js,2694,"if(player.transit.mode==='bus'&&player.transit.busId===bus.id&&player.transit.requestStop&&bus.lastStopId!==player.transit.originStopId)exitBusAtStop(bus,{stopId:bus.lastStopId,stopName:bus.lastStopName});"
if,15-transit-bus-metro.js,2695,"if(now>=Number(bus.stopUntil||0)&&bus.state!==BUS_STATES.BOARDING){bus.doorsOpen=false;bus.closeUntil=now+420;setBusState(bus,BUS_STATES.CLOSING_DOORS,'dwell-complete');}"
if,15-transit-bus-metro.js,2696,}else if(bus.state===BUS_STATES.CLOSING_DOORS){
else,15-transit-bus-metro.js,2696,}else if(bus.state===BUS_STATES.CLOSING_DOORS){
if,15-transit-bus-metro.js,2697,"bus.currentSpeed=0;if(now>=Number(bus.closeUntil||0)){bus.offerStopId='';setBusState(bus,BUS_STATES.LEAVING_STOP,'doors-closed');}"
else,15-transit-bus-metro.js,2698,}else{
if,15-transit-bus-metro.js,2699,"const target=points[bus.pointIndex];if(!target){bus.pointIndex=0;setBusState(bus,BUS_STATES.REROUTING,'missing-waypoint');continue;}"
if,15-transit-bus-metro.js,2701,"if(d>.35&&turnDelta>2.45&&Math.abs(Number(bus.currentSpeed||0))<.3){bus.turnTargetHeading=heading;bus.turnUntil=now+1050;bus.currentSpeed=0;setBusState(bus,BUS_STATES.TURNING_AROUND,'terminal-u-turn');}"
if,15-transit-bus-metro.js,2702,if(bus.state===BUS_STATES.TURNING_AROUND)continue;
if,15-transit-bus-metro.js,2705,"if(trafficFactor<.075)setBusState(bus,BUS_STATES.WAITING_TRAFFIC,'vehicle-ahead');"
if,15-transit-bus-metro.js,2706,"else if(approaching&&d<2.2)setBusState(bus,BUS_STATES.ALIGNING_TO_STOP,'near-stop');"
else,15-transit-bus-metro.js,2706,"else if(approaching&&d<2.2)setBusState(bus,BUS_STATES.ALIGNING_TO_STOP,'near-stop');"
if,15-transit-bus-metro.js,2707,"else if(approaching&&d<6)setBusState(bus,BUS_STATES.BRAKING,'approach-stop');"
else,15-transit-bus-metro.js,2707,"else if(approaching&&d<6)setBusState(bus,BUS_STATES.BRAKING,'approach-stop');"
if,15-transit-bus-metro.js,2708,"else if(approaching)setBusState(bus,BUS_STATES.APPROACHING_STOP,'approach-stop');"
else,15-transit-bus-metro.js,2708,"else if(approaching)setBusState(bus,BUS_STATES.APPROACHING_STOP,'approach-stop');"
if,15-transit-bus-metro.js,2709,"else if(bus.state!==BUS_STATES.LEAVING_STOP)setBusState(bus,BUS_STATES.MOVING,'route');"
else,15-transit-bus-metro.js,2709,"else if(bus.state!==BUS_STATES.LEAVING_STOP)setBusState(bus,BUS_STATES.MOVING,'route');"
if,15-transit-bus-metro.js,2712,"if(move>.0001){bus.group.position.x+=dx/d*move;bus.group.position.z+=dz/d*move;if(!pointOnRoad(bus.group.position.x,bus.group.position.z,.03)){bus.group.position.x=previous.x;bus.group.position.z=previous.z;recoverBusRoute(bus,'left-road');}bus.group.rotation.y=lerpAngle(bus.group.rotation.y,heading,Math.min(1,dt*(approaching?3.6:4.4)));for(const wheel of bus.wheels)wheel.rotation.x-=move*2.2;}"
for,15-transit-bus-metro.js,2712,"if(move>.0001){bus.group.position.x+=dx/d*move;bus.group.position.z+=dz/d*move;if(!pointOnRoad(bus.group.position.x,bus.group.position.z,.03)){bus.group.position.x=previous.x;bus.group.position.z=previous.z;recoverBusRoute(bus,'left-road');}bus.group.rotation.y=lerpAngle(bus.group.rotation.y,heading,Math.min(1,dt*(approaching?3.6:4.4)));for(const wheel of bus.wheels)wheel.rotation.x-=move*2.2;}"
if,15-transit-bus-metro.js,2714,if(movedFromProgress>.45){bus.lastProgressX=bus.group.position.x;bus.lastProgressZ=bus.group.position.z;bus.lastProgressAt=now;}
if,15-transit-bus-metro.js,2715,"if(d<=Math.max(.22,move+.1)){"
if,15-transit-bus-metro.js,2717,"if(target.stopId){bus.lastStopId=target.stopId;bus.lastStopName=target.stopName||target.stopId;bus.doorsOpen=false;bus.openAt=now+260;bus.stopUntil=now+260+Number(bus.route.dwell||3600);setBusState(bus,BUS_STATES.OPENING_DOORS,'aligned-at-stop');}"
else,15-transit-bus-metro.js,2718,"else setBusState(bus,BUS_STATES.MOVING,'waypoint-reached');"
if,15-transit-bus-metro.js,2719,}else if(now-Number(bus.lastProgressAt||now)>8500&&now-Number(bus.lastRecoveryAt||0)>12000&&trafficFactor>.2){
else,15-transit-bus-metro.js,2719,}else if(now-Number(bus.lastProgressAt||now)>8500&&now-Number(bus.lastRecoveryAt||0)>12000&&trafficFactor>.2){
if,15-transit-bus-metro.js,2720,"recoverBusRoute(bus,'stuck-route');setTimeout(()=>{if(bus.state===BUS_STATES.RECOVERING)setBusState(bus,BUS_STATES.REROUTING,'recovery-cooldown');},450);"
if,15-transit-bus-metro.js,2723,if(player.transit.mode==='bus'&&player.transit.busId===bus.id){bus.group.updateMatrixWorld?.(true);const seat=bus.group.localToWorld(bus.seatOffset.clone());player.x=seat.x;player.z=seat.z;player.y=seat.y;player.facing=bus.group.rotation.y;player.vx=player.vz=0;}
if,16-emergency-services.js,2725,"if(fire){for(const x of [-2.35,0,2.35]){premiumBox(1.9,2.35,.12,materials.cityGlass,fire.x+x,1.42,fire.z+3.56,fire.front);for(let y=.45;y<2.5;y+=.48)premiumBox(1.75,.06,.14,0xf4f5f2,fire.x+x,y,fire.z+3.62,fire.front);}premiumBox(7.2,.36,.24,materials.emergencyMetal,fire.x,3.02,fire.z+3.66,fire.front);const badge=new THREE.Mesh(new THREE.PlaneGeometry(1.05,1.05),new THREE.MeshStandardMaterial({map:iconTexture('🚒','#ffffff','#c83232'),transparent:true,side:THREE.DoubleSide}));badge.position.set(fi"
for,16-emergency-services.js,2725,"if(fire){for(const x of [-2.35,0,2.35]){premiumBox(1.9,2.35,.12,materials.cityGlass,fire.x+x,1.42,fire.z+3.56,fire.front);for(let y=.45;y<2.5;y+=.48)premiumBox(1.75,.06,.14,0xf4f5f2,fire.x+x,y,fire.z+3.62,fire.front);}premiumBox(7.2,.36,.24,materials.emergencyMetal,fire.x,3.02,fire.z+3.66,fire.front);const badge=new THREE.Mesh(new THREE.PlaneGeometry(1.05,1.05),new THREE.MeshStandardMaterial({map:iconTexture('🚒','#ffffff','#c83232'),transparent:true,side:THREE.DoubleSide}));badge.position.set(fi"
for,16-emergency-services.js,2726,"for(const station of [police,west].filter(Boolean)){premiumBox(6.4,.28,.2,0x245da8,station.x,2.95,station.z+3.65,station.front);const badge=new THREE.Mesh(new THREE.PlaneGeometry(.9,.9),new THREE.MeshStandardMaterial({map:iconTexture('★','#ffffff','#245da8'),transparent:true,side:THREE.DoubleSide}));badge.position.set(station.x,3.7,station.z+3.72);station.front.add(badge);premiumBox(2.6,.1,1.1,materials.cityGlass,station.x,2.38,station.z+3.86,station.front);}"
for,16-emergency-services.js,2727,"for(const p of [[55,-45],[55,-75],[-55,12],[-55,32]]){premiumBox(.18,2.2,.18,0x2e3c4f,p[0],1.1,p[1]);premiumBox(.62,.62,.18,0x111827,p[0],2.08,p[1]);premiumBox(.16,.16,.08,0x46d66c,p[0],2.22,p[1]+.1);premiumBox(.16,.16,.08,0xf0c33c,p[0],2.05,p[1]+.1);premiumBox(.16,.16,.08,0xe74b4b,p[0],1.88,p[1]+.1);}"
for,16-emergency-services.js,2739,"for(let i=0;i<6;i++){const flame=new THREE.Mesh(new THREE.ConeGeometry(.32+i%2*.1,.8+i%3*.18,7),renderMat(i%2?0xffcf3d:0xff5b35,{emissive:i%2?0xff8a00:0xc31b08,emissiveIntensity:1.5,roughness:.18}));flame.position.set((i%3-1)*.38,.45+Math.floor(i/3)*.2,(i<3?-.22:.22));group.add(flame);flames.push(flame);}const smoke=[];for(let i=0;i<4;i++){const puff=new THREE.Mesh(new THREE.DodecahedronGeometry(.32+i*.07,0),renderMat(0x66717d,{transparent:true,opacity:.34,roughness:1}));puff.position.set((i%2?-"
for,16-emergency-services.js,2744,"for(const z of [-1.7,-.75,.2])premiumBox(1.85,.12,.12,0xe8edf0,0,1.45,z,g);premiumCylinder(.58,.95,0xcfd8df,0,1.22,-.2,g,16);premiumBox(.22,.22,3.75,0xe8edf0,0,2.35,-.15,g);for(let z=-1.7;z<=1.4;z+=.52)premiumBox(1.25,.08,.08,0xe8edf0,0,2.36,z,g);"
for,16-emergency-services.js,2745,"const lightA=premiumBox(.58,.18,.32,renderMat(0xff3a42,{emissive:0xb80011,emissiveIntensity:1.2}),-.34,2.28,1.45,g),lightB=premiumBox(.58,.18,.32,renderMat(0x42bfff,{emissive:0x087db4,emissiveIntensity:1.2}),.34,2.28,1.45,g);const wheels=[];for(const p of [[-1.1,.38,-1.45],[1.1,.38,-1.45],[-1.1,.38,1.45],[1.1,.38,1.45]]){const wheel=premiumCylinder(.46,.28,0x111722,p[0],p[1],p[2],g,14);wheel.rotation.z=Math.PI/2;wheels.push(wheel);}g.position.set(55,.02,-68-copy*5);worldGroup.add(g);const truck="
if,16-emergency-services.js,2748,"function activateFireIncident(siteId='',forced=false){if(world.fires.some(f=>f.active))return world.fires.find(f=>f.active);const available=world.fires.filter(f=>!f.active),fire=available.find(f=>f.id===siteId)||available[Math.floor(Math.random()*available.length)];if(!fire)return null;fire.active=true;fire.group.visible=true;fire.startedAt=performance.now();fire.playerHelping=false;fire.truckHelping=false;state.cityServices.emergencyCalls=(state.cityServices.emergencyCalls||0)+1;state.cityServi"
if,16-emergency-services.js,2750,"function helpExtinguishFire(fire){if(!fire?.active){toast('A ocorrência já foi resolvida.','good');return;}if(Math.hypot(player.x-fire.x,player.z-fire.z)>5){toast('Chegue mais perto da área segura demarcada.','warn');return;}fire.playerHelping=true;player.sitUntil=performance.now()+2400;toast('Mangueira ativada. Mantenha distância segura!','good',1800);for(let i=0;i<8;i++)setTimeout(()=>spawnDust(lerp(player.x,fire.x,(i+1)/9),lerp(player.z,fire.z,(i+1)/9),0x70dcff),i*90);setTimeout(()=>{if(fire."
for,16-emergency-services.js,2750,"function helpExtinguishFire(fire){if(!fire?.active){toast('A ocorrência já foi resolvida.','good');return;}if(Math.hypot(player.x-fire.x,player.z-fire.z)>5){toast('Chegue mais perto da área segura demarcada.','warn');return;}fire.playerHelping=true;player.sitUntil=performance.now()+2400;toast('Mangueira ativada. Mantenha distância segura!','good',1800);for(let i=0;i<8;i++)setTimeout(()=>spawnDust(lerp(player.x,fire.x,(i+1)/9),lerp(player.z,fire.z,(i+1)/9),0x70dcff),i*90);setTimeout(()=>{if(fire."
if,16-emergency-services.js,2751,"function extinguishFireIncident(fire,byPlayer=false){if(!fire?.active)return;fire.active=false;fire.group.visible=false;fire.playerHelping=false;fire.truckHelping=false;state.cityServices.firesExtinguished=(state.cityServices.firesExtinguished||0)+1;if(byPlayer)state.stats.firesHelped=(state.stats.firesHelped||0)+1;for(const truck of world.fireTrucks)if(truck.targetFireId===fire.id){truck.targetFireId='';truck.route=[];truck.routeIndex=0;truck.arrivedAt=0;}if(state.career.activeJob?.id==='firefi"
for,16-emergency-services.js,2751,"function extinguishFireIncident(fire,byPlayer=false){if(!fire?.active)return;fire.active=false;fire.group.visible=false;fire.playerHelping=false;fire.truckHelping=false;state.cityServices.firesExtinguished=(state.cityServices.firesExtinguished||0)+1;if(byPlayer)state.stats.firesHelped=(state.stats.firesHelped||0)+1;for(const truck of world.fireTrucks)if(truck.targetFireId===fire.id){truck.targetFireId='';truck.route=[];truck.routeIndex=0;truck.arrivedAt=0;}if(state.career.activeJob?.id==='firefi"
if,16-emergency-services.js,2752,"function serviceVehicleRoute(vehicle,target){if(!vehicle.route.length){vehicle.route=buildRoutePoints({x:vehicle.group.position.x,z:vehicle.group.position.z},target);vehicle.routeIndex=1;}return vehicle.route;}"
if,16-emergency-services.js,2753,"function moveServiceVehicle(vehicle,target,dt){if(performance.now()<Number(vehicle.trafficHoldUntil||0)){vehicle.currentSpeed=0;return Math.hypot(vehicle.group.position.x-target.x,vehicle.group.position.z-target.z);}const route=serviceVehicleRoute(vehicle,target),point=route[vehicle.routeIndex];if(!point)return 0;const dx=point.x-vehicle.group.position.x,dz=point.z-vehicle.group.position.z,d=Math.hypot(dx,dz);if(d<.45){vehicle.routeIndex++;if(vehicle.routeIndex>=route.length)return Math.hypot(ve"
for,16-emergency-services.js,2753,"function moveServiceVehicle(vehicle,target,dt){if(performance.now()<Number(vehicle.trafficHoldUntil||0)){vehicle.currentSpeed=0;return Math.hypot(vehicle.group.position.x-target.x,vehicle.group.position.z-target.z);}const route=serviceVehicleRoute(vehicle,target),point=route[vehicle.routeIndex];if(!point)return 0;const dx=point.x-vehicle.group.position.x,dz=point.z-vehicle.group.position.z,d=Math.hypot(dx,dz);if(d<.45){vehicle.routeIndex++;if(vehicle.routeIndex>=route.length)return Math.hypot(ve"
if,16-emergency-services.js,2755,const now=performance.now();if(!world.fires.length)return;if(!world.fires.some(f=>f.active)&&now>world.nextFireAt&&!currentHouse)activateFireIncident();
if,16-emergency-services.js,2756,"for(const fire of world.fires){if(!fire.active)continue;fire.flames.forEach((flame,i)=>{flame.scale.y=.82+Math.sin(now*.008+i)*.22;flame.rotation.y+=dt*(.7+i*.08);});fire.smoke.forEach((puff,i)=>{puff.position.y=1.25+i*.35+Math.sin(now*.002+i)*.14;puff.rotation.y+=dt*.35;});}"
for,16-emergency-services.js,2756,"for(const fire of world.fires){if(!fire.active)continue;fire.flames.forEach((flame,i)=>{flame.scale.y=.82+Math.sin(now*.008+i)*.22;flame.rotation.y+=dt*(.7+i*.08);});fire.smoke.forEach((puff,i)=>{puff.position.y=1.25+i*.35+Math.sin(now*.002+i)*.14;puff.rotation.y+=dt*.35;});}"
if,16-emergency-services.js,2757,"const active=world.fires.find(f=>f.active);for(const truck of world.fireTrucks){truck.lightA.visible=Math.floor(now/230)%2===0;truck.lightB.visible=!truck.lightA.visible;if(truck.incidentTargetId)continue;if(active&&!truck.targetFireId){truck.targetFireId=active.id;truck.route=[];truck.routeIndex=0;}if(truck.targetFireId){const fire=world.fires.find(f=>f.id===truck.targetFireId&&f.active);if(!fire){truck.targetFireId='';truck.route=[];continue;}const distance=moveServiceVehicle(truck,{x:fire.nav"
else,16-emergency-services.js,2757,"const active=world.fires.find(f=>f.active);for(const truck of world.fireTrucks){truck.lightA.visible=Math.floor(now/230)%2===0;truck.lightB.visible=!truck.lightA.visible;if(truck.incidentTargetId)continue;if(active&&!truck.targetFireId){truck.targetFireId=active.id;truck.route=[];truck.routeIndex=0;}if(truck.targetFireId){const fire=world.fires.find(f=>f.id===truck.targetFireId&&f.active);if(!fire){truck.targetFireId='';truck.route=[];continue;}const distance=moveServiceVehicle(truck,{x:fire.nav"
for,16-emergency-services.js,2757,"const active=world.fires.find(f=>f.active);for(const truck of world.fireTrucks){truck.lightA.visible=Math.floor(now/230)%2===0;truck.lightB.visible=!truck.lightA.visible;if(truck.incidentTargetId)continue;if(active&&!truck.targetFireId){truck.targetFireId=active.id;truck.route=[];truck.routeIndex=0;}if(truck.targetFireId){const fire=world.fires.find(f=>f.id===truck.targetFireId&&f.active);if(!fire){truck.targetFireId='';truck.route=[];continue;}const distance=moveServiceVehicle(truck,{x:fire.nav"
for,16-emergency-services.js,2766,"const wheels=[];for(const p of [[-.94,.28,-.88],[.94,.28,-.88],[-.94,.28,.88],[.94,.28,.88]]){const wheel=premiumCylinder(.36,.25,0x10151d,p[0],p[1],p[2],g,14);wheel.rotation.z=Math.PI/2;wheels.push(wheel);}"
if,16-emergency-services.js,2767,"g.traverse(o=>{if(o.isMesh)addVoxelOutline(o,0x132238,.22);});const start=route[routeIndex%route.length],car={id,group:g,route,routeIndex:(routeIndex+1)%route.length,speed:8.1,currentSpeed:0,wheels,red,cyan,npcTarget:'',npcChaseUntil:0,incidentTargetId:'',responseRoute:[],responseIndex:0};g.position.set(start.x,.02,start.z);worldGroup.add(g);world.policeCars.push(car);return car;"
for,16-emergency-services.js,2773,"for(const q of [[-1.0,.38,-1.15],[1.0,.38,-1.15],[-1.0,.38,1.15],[1.0,.38,1.15]]){const wheel=premiumCylinder(.43,.26,0x111722,q[0],q[1],q[2],g,14);wheel.rotation.z=Math.PI/2;wheels.push(wheel);}"
if,16-emergency-services.js,2782,"if(performance.now()<Number(car.trafficHoldUntil||0)){car.currentSpeed=0;return Math.hypot(car.group.position.x-target.x,car.group.position.z-target.z);}"
if,16-emergency-services.js,2783,"const dx=target.x-car.group.position.x,dz=target.z-car.group.position.z,d=Math.hypot(dx,dz);if(d<.08)return d;const heading=Math.atan2(dx,dz),factor=trafficSpeedFactor(car,heading,8),targetSpeed=speed*factor;car.currentSpeed=lerp(Number(car.currentSpeed||0),targetSpeed,Math.min(1,dt*4));const move=Math.min(d,car.currentSpeed*dt),previous={x:car.group.position.x,z:car.group.position.z};if(move>.0001){car.group.position.x+=dx/d*move;car.group.position.z+=dz/d*move;snapTrafficToRoad(car.group,previ"
for,16-emergency-services.js,2783,"const dx=target.x-car.group.position.x,dz=target.z-car.group.position.z,d=Math.hypot(dx,dz);if(d<.08)return d;const heading=Math.atan2(dx,dz),factor=trafficSpeedFactor(car,heading,8),targetSpeed=speed*factor;car.currentSpeed=lerp(Number(car.currentSpeed||0),targetSpeed,Math.min(1,dt*4));const move=Math.min(d,car.currentSpeed*dt),previous={x:car.group.position.x,z:car.group.position.z};if(move>.0001){car.group.position.x+=dx/d*move;car.group.position.z+=dz/d*move;snapTrafficToRoad(car.group,previ"
if,16-emergency-services.js,2786,"const target=car.route[car.routeIndex],distance=movePoliceToward(car,target,dt);if(distance<.28)car.routeIndex=(car.routeIndex+1)%car.route.length;"
if,16-emergency-services.js,2789,if(!els.safetyPanel)return;els.safetyPanel.hidden=!message;if(els.safetyStatus)els.safetyStatus.textContent=message;
if,16-emergency-services.js,2792,if(world.policeAlert||!player.vehicle||player.car.passengerOf)return false;const now=performance.now();
if,16-emergency-services.js,2793,if(Date.now()-Number(state.safety.lastIncident||0)<5000)return false;
if,16-emergency-services.js,2797,const alert=world.policeAlert;if(!alert)return;world.policeAlert=null;state.safety.safeStops=(state.safety.safeStops||0)+1;
if,16-emergency-services.js,2798,"if(player.vehicle)exitVehicle(true);clearMovementInputs();player.x=68;player.z=-12.2;player.y=groundHeightAt(player.x,player.z);player.vx=player.vy=player.vz=0;player.grounded=true;playerGroup?.position?.set(player.x,player.y,player.z);updateSafetyPanel('');saveState(true);setTimeout(()=>openSafetyLesson('incident'),120);"
if,16-emergency-services.js,2807,"$$('[data-safety-answer]',root).forEach(button=>button.onclick=()=>{const correct=Number(button.dataset.safetyAnswer)===lesson.correct;state.safety.lessons=(state.safety.lessons||0)+1;if(correct){addXP(18);addReputation(3);awardMedal('Direção Segura');}saveState(true);closeModal();toast(correct?'Boa escolha! Segurança vem primeiro.':'Vamos lembrar: reduza, observe e cuide de todos.',correct?'good':'warn',2600);});"
for,16-emergency-services.js,2812,for(const car of world.policeCars){
if,16-emergency-services.js,2815,if(car.incidentTargetId)continue;
if,16-emergency-services.js,2816,if(active){
if,16-emergency-services.js,2819,if(!player.vehicle||distance<2.15||(alert.slowSince&&now-alert.slowSince>1100)||now-alert.startedAt>15000)finishSafetyStop();
if,16-emergency-services.js,2820,}else if(car.npcTarget){
else,16-emergency-services.js,2820,}else if(car.npcTarget){
if,16-emergency-services.js,2821,"const npc=world.npcs.find(item=>item.id===car.npcTarget);if(!npc||now>car.npcChaseUntil){if(npc)npcSpeech(npc,'Vou reduzir a velocidade e dirigir com cuidado.');car.npcTarget='';}"
if,16-emergency-services.js,2822,"else if(movePoliceToward(car,npc.group.position,dt,10.2)<2.25){npc.policeCooldown=now+45000;npcSpeech(npc,'Entendi, patrulha! Segurança primeiro.');car.npcTarget='';}"
else,16-emergency-services.js,2822,"else if(movePoliceToward(car,npc.group.position,dt,10.2)<2.25){npc.policeCooldown=now+45000;npcSpeech(npc,'Entendi, patrulha! Segurança primeiro.');car.npcTarget='';}"
else,16-emergency-services.js,2823,"}else updatePolicePatrol(car,dt);"
if,16-emergency-services.js,2825,if(!alert&&player.vehicle&&!player.car.passengerOf&&Math.abs(player.car.speed)>1.4){
if,16-emergency-services.js,2826,"const hit=world.policeCars.find(car=>Math.hypot(player.x-car.group.position.x,player.z-car.group.position.z)<2.45);if(hit)startPoliceAlert(hit);"
if,16-emergency-services.js,2828,if(!alert){
if,16-emergency-services.js,2829,"for(const car of world.policeCars){if(car.npcTarget)continue;const npc=world.npcs.find(item=>item.mobility&&['car','moto'].includes(item.mobility.type)&&now>Number(item.policeCooldown||0)&&Math.hypot(item.group.position.x-car.group.position.x,item.group.position.z-car.group.position.z)<2.0);if(npc){car.npcTarget=npc.id;car.npcChaseUntil=now+6500;npc.policeCooldown=now+45000;break;}}"
for,16-emergency-services.js,2829,"for(const car of world.policeCars){if(car.npcTarget)continue;const npc=world.npcs.find(item=>item.mobility&&['car','moto'].includes(item.mobility.type)&&now>Number(item.policeCooldown||0)&&Math.hypot(item.group.position.x-car.group.position.x,item.group.position.z-car.group.position.z)<2.0);if(npc){car.npcTarget=npc.id;car.npcChaseUntil=now+6500;npc.policeCooldown=now+45000;break;}}"
if,16-emergency-services.js,2832,"function moveIncidentResponder(vehicle,target,dt){if(performance.now()<Number(vehicle.trafficHoldUntil||0)){vehicle.currentSpeed=0;return Math.hypot(vehicle.group.position.x-target.x,vehicle.group.position.z-target.z);}"
if,16-emergency-services.js,2833,"if(!vehicle.responseRoute?.length){vehicle.responseRoute=buildRoutePoints({x:vehicle.group.position.x,z:vehicle.group.position.z},target);vehicle.responseIndex=1;}"
if,16-emergency-services.js,2834,"const point=vehicle.responseRoute[vehicle.responseIndex];if(!point)return Math.hypot(vehicle.group.position.x-target.x,vehicle.group.position.z-target.z);"
if,16-emergency-services.js,2835,"const dx=point.x-vehicle.group.position.x,dz=point.z-vehicle.group.position.z,d=Math.hypot(dx,dz);if(d<.45){vehicle.responseIndex++;if(vehicle.responseIndex>=vehicle.responseRoute.length)return Math.hypot(vehicle.group.position.x-target.x,vehicle.group.position.z-target.z);return moveIncidentResponder(vehicle,target,dt);}"
if,16-emergency-services.js,2836,"const heading=Math.atan2(dx,dz),factor=trafficSpeedFactor(vehicle,heading,8),targetSpeed=vehicle.speed*factor;vehicle.currentSpeed=lerp(Number(vehicle.currentSpeed||0),targetSpeed,Math.min(1,dt*4));const move=Math.min(d,vehicle.currentSpeed*dt),previous={x:vehicle.group.position.x,z:vehicle.group.position.z};if(move>.0001){vehicle.group.position.x+=dx/d*move;vehicle.group.position.z+=dz/d*move;snapTrafficToRoad(vehicle.group,previous);vehicle.group.rotation.y=lerpAngle(vehicle.group.rotation.y,h"
for,16-emergency-services.js,2836,"const heading=Math.atan2(dx,dz),factor=trafficSpeedFactor(vehicle,heading,8),targetSpeed=vehicle.speed*factor;vehicle.currentSpeed=lerp(Number(vehicle.currentSpeed||0),targetSpeed,Math.min(1,dt*4));const move=Math.min(d,vehicle.currentSpeed*dt),previous={x:vehicle.group.position.x,z:vehicle.group.position.z};if(move>.0001){vehicle.group.position.x+=dx/d*move;vehicle.group.position.z+=dz/d*move;snapTrafficToRoad(vehicle.group,previous);vehicle.group.rotation.y=lerpAngle(vehicle.group.rotation.y,h"
if,16-emergency-services.js,2839,"if(world.activeIncident||currentHouse)return null;const now=performance.now(),ax=a.group.position.x,az=a.group.position.z,bx=b.group.position.x,bz=b.group.position.z,x=(ax+bx)/2,z=(az+bz)/2,fire=severity==='fire';"
if,16-emergency-services.js,2840,"const group=new THREE.Group();group.position.set(x,0,z);worldGroup.add(group);for(const ox of [-1.3,0,1.3]){premiumCylinder(.18,.7,0xf47b20,ox,.35,.8,group,8);premiumBox(.5,.1,.5,0xffffff,ox,.16,.8,group);}if(fire){for(const ox of [-.4,.4]){const flame=new THREE.Mesh(new THREE.ConeGeometry(.3,.85,7),renderMat(0xff6a2f,{emissive:0xd83b12,emissiveIntensity:1.3}));flame.position.set(ox,.48,0);group.add(flame);}}"
for,16-emergency-services.js,2840,"const group=new THREE.Group();group.position.set(x,0,z);worldGroup.add(group);for(const ox of [-1.3,0,1.3]){premiumCylinder(.18,.7,0xf47b20,ox,.35,.8,group,8);premiumBox(.5,.1,.5,0xffffff,ox,.16,.8,group);}if(fire){for(const ox of [-.4,.4]){const flame=new THREE.Mesh(new THREE.ConeGeometry(.3,.85,7),renderMat(0xff6a2f,{emissive:0xd83b12,emissiveIntensity:1.3}));flame.position.set(ox,.48,0);group.add(flame);}}"
if,16-emergency-services.js,2841,"const incident={id:`incident-${++world.emergencySeq}`,x,z,navX:nearestRoadProjection({x,z})?.point.x??x,navZ:nearestRoadProjection({x,z})?.point.z??z,group,fire,startedAt:now,resolved:false,policeArrived:false,ambulanceArrived:false,fireArrived:!fire,actors:[a.ref,b.ref]};world.activeIncident=incident;world.trafficIncidents.push(incident);for(const actor of incident.actors){if(actor)actor.incidentUntil=now+9000;}if(a.id==='player-car'||b.id==='player-car'){player.car.speed=0;state.stats.accident"
for,16-emergency-services.js,2841,"const incident={id:`incident-${++world.emergencySeq}`,x,z,navX:nearestRoadProjection({x,z})?.point.x??x,navZ:nearestRoadProjection({x,z})?.point.z??z,group,fire,startedAt:now,resolved:false,policeArrived:false,ambulanceArrived:false,fireArrived:!fire,actors:[a.ref,b.ref]};world.activeIncident=incident;world.trafficIncidents.push(incident);for(const actor of incident.actors){if(actor)actor.incidentUntil=now+9000;}if(a.id==='player-car'||b.id==='player-car'){player.car.speed=0;state.stats.accident"
if,16-emergency-services.js,2843,if(police){police.incidentTargetId=incident.id;police.responseRoute=[];police.responseIndex=0;}if(ambulance){ambulance.incidentTargetId=incident.id;ambulance.responseRoute=[];ambulance.responseIndex=0;}if(truck){truck.incidentTargetId=incident.id;truck.responseRoute=[];truck.responseIndex=0;}
if,16-emergency-services.js,2847,if(!incident||incident.resolved)return;incident.resolved=true;incident.group.visible=false;for(const actor of incident.actors||[]){if(actor)actor.incidentUntil=0;}for(const car of world.policeCars){if(car.incidentTargetId===incident.id){car.incidentTargetId='';car.responseRoute=[];}}for(const ambulance of world.ambulances){if(ambulance.incidentTargetId===incident.id){ambulance.incidentTargetId='';ambulance.responseRoute=[];}}for(const truck of world.fireTrucks){if(truck.incidentTargetId===incide
for,16-emergency-services.js,2847,if(!incident||incident.resolved)return;incident.resolved=true;incident.group.visible=false;for(const actor of incident.actors||[]){if(actor)actor.incidentUntil=0;}for(const car of world.policeCars){if(car.incidentTargetId===incident.id){car.incidentTargetId='';car.responseRoute=[];}}for(const ambulance of world.ambulances){if(ambulance.incidentTargetId===incident.id){ambulance.incidentTargetId='';ambulance.responseRoute=[];}}for(const truck of world.fireTrucks){if(truck.incidentTargetId===incide
for,16-emergency-services.js,2851,for(const ambulance of world.ambulances){ambulance.lightA.visible=Math.floor(now/220)%2===0;ambulance.lightB.visible=!ambulance.lightA.visible;}
if,16-emergency-services.js,2852,if(incident){
if,16-emergency-services.js,2853,"const target={x:incident.navX,z:incident.navZ};for(const car of world.policeCars.filter(c=>c.incidentTargetId===incident.id)){if(moveIncidentResponder(car,target,dt)<3.5)incident.policeArrived=true;}"
for,16-emergency-services.js,2853,"const target={x:incident.navX,z:incident.navZ};for(const car of world.policeCars.filter(c=>c.incidentTargetId===incident.id)){if(moveIncidentResponder(car,target,dt)<3.5)incident.policeArrived=true;}"
if,16-emergency-services.js,2854,"for(const ambulance of world.ambulances.filter(c=>c.incidentTargetId===incident.id)){if(moveIncidentResponder(c,target,dt)<3.5)incident.ambulanceArrived=true;}"
for,16-emergency-services.js,2854,"for(const ambulance of world.ambulances.filter(c=>c.incidentTargetId===incident.id)){if(moveIncidentResponder(c,target,dt)<3.5)incident.ambulanceArrived=true;}"
if,16-emergency-services.js,2855,"for(const truck of world.fireTrucks.filter(c=>c.incidentTargetId===incident.id)){if(moveIncidentResponder(truck,target,dt)<4.2)incident.fireArrived=true;}"
for,16-emergency-services.js,2855,"for(const truck of world.fireTrucks.filter(c=>c.incidentTargetId===incident.id)){if(moveIncidentResponder(truck,target,dt)<4.2)incident.fireArrived=true;}"
if,16-emergency-services.js,2856,if((incident.policeArrived&&incident.ambulanceArrived&&incident.fireArrived&&now-incident.startedAt>4200)||now-incident.startedAt>15000)resolveTrafficIncident(incident);return;
if,16-emergency-services.js,2858,"updateTrafficIncidents.acc=(updateTrafficIncidents.acc||0)+dt;if(updateTrafficIncidents.acc<.18)return;updateTrafficIncidents.acc=0;const actors=trafficActorList().filter(a=>a.speed>1.4&&!a.ref?.incidentUntil);if(player.vehicle&&!player.car.passengerOf&&Math.abs(player.car.speed)>1.4)actors.push({id:'player-car',type:'player',group:{position:{x:player.x,z:player.z}},radius:1.55,speed:Math.abs(player.car.speed),ref:player.car,isPlayer:true});"
if,16-emergency-services.js,2859,"for(let i=0;i<actors.length;i++)for(let j=i+1;j<actors.length;j++){const a=actors[i],b=actors[j],distance=Math.hypot(a.group.position.x-b.group.position.x,a.group.position.z-b.group.position.z),limit=(a.radius+b.radius)*.58;if(distance<limit&&a.speed+b.speed>5){createTrafficIncident(a,b,a.speed+b.speed>13&&Math.random()<.35?'fire':'minor');return;}}"
for,16-emergency-services.js,2859,"for(let i=0;i<actors.length;i++)for(let j=i+1;j<actors.length;j++){const a=actors[i],b=actors[j],distance=Math.hypot(a.group.position.x-b.group.position.x,a.group.position.z-b.group.position.z),limit=(a.radius+b.radius)*.58;if(distance<limit&&a.speed+b.speed>5){createTrafficIncident(a,b,a.speed+b.speed>13&&Math.random()<.35?'fire':'minor');return;}}"
for,17-adventures-learning-world.js,2867,"const moatA=premiumBox(8.2,.18,2.5,materials.water,-8.1,.08,-13.8,g),moatB=premiumBox(8.2,.18,2.5,materials.water,8.1,.08,-13.8,g),moatBack=premiumBox(27,.18,2.2,materials.water,0,.08,13.5,g);for(const water of [moatA,moatB,moatBack])water.material.depthWrite=false;"
for,17-adventures-learning-world.js,2871,"for(const [tx,tz] of [[-13,-10],[13,-10],[-13,10],[13,10]]){premiumCylinder(3.6,10,stone,tx,5.5,tz,g,12);premiumCylinder(4,1.1,trim,tx,10.2,tz,g,12);const cone=new THREE.Mesh(new THREE.ConeGeometry(4.25,4.8,12),renderMat(roof,{roughness:.55,metalness:.08}));cone.position.set(tx,13.05,tz);cone.castShadow=true;g.add(cone);premiumBox(.16,2,.16,gold,tx,16.2,tz,g);const flag=premiumBox(1.8,.8,.08,0xe43d4c,tx+.9,16.7,tz,g);flag.rotation.y=.15;}"
for,17-adventures-learning-world.js,2872,"const battlement=(px,pz,alongX,count)=>{for(let i=0;i<count;i++){const offset=(i-(count-1)/2)*2.15;premiumBox(1.25,1.15,1.25,trim,px+(alongX?offset:0),7.75,pz+(alongX?0:offset),g);}};battlement(-8.3,-10,true,4);battlement(8.3,-10,true,4);battlement(0,10,true,11);battlement(-13.5,0,false,7);battlement(13.5,0,false,7);"
for,17-adventures-learning-world.js,2873,"for(const wx of [-4.8,0,4.8]){premiumBox(1.2,1.9,.18,0x5ee7ff,wx,6.7,-1.05,g);premiumBox(.12,1.9,.2,trim,wx,6.7,-1.15,g);}premiumBox(5.2,.35,5.8,materials.wood,0,.34,-12.3,g);"
for,17-adventures-learning-world.js,2874,"for(const px of [-9,-5,5,9]){premiumCylinder(.48,.56,0xc88a45,px,1.1,4.8,g,10);premiumBox(.82,.3,.82,px<0?0xff6fa8:0xffd34d,px,1.55,4.8,g);}"
for,17-adventures-learning-world.js,2875,"for(const a of [-1,1]){const chain=premiumCylinder(.08,5.5,0x333b45,a*2.2,2.8,-11.4,g,8);chain.rotation.x=Math.PI/2;chain.rotation.z=.1*a;}const crown=new THREE.Mesh(new THREE.OctahedronGeometry(.85,0),mat(gold,{emissive:0xb87900,emissiveIntensity:.7}));crown.position.set(0,10.7,2.5);g.add(crown);addGlow(x,10.7,z+2.5,gold,5);"
for,17-adventures-learning-world.js,2879,"for(const px of [-6.6,-3.3,0,3.3,6.6]){premiumBox(1.8,3.0,.12,px===0?0xffd34d:0x315aa8,px,3.15,6.14,hall);premiumBox(.15,3.0,.18,0xe7e9ee,px,3.15,6.05,hall);}"
for,17-adventures-learning-world.js,2881,"for(const side of [-1,1]){premiumBox(5.4,.12,1.3,0xcaa76b,side*4.8,.62,-.45,hall);for(const px of [-1.8,0,1.8])premiumBox(.18,.55,.18,0x70452e,side*4.8+px,.3,-.45,hall);}"
for,17-adventures-learning-world.js,2882,"for(const [px,pz,c] of [[-6.4,-4.6,0x315aa8],[6.4,-4.6,0xe43d4c],[-6.4,2.2,0xe43d4c],[6.4,2.2,0x315aa8]]){premiumCylinder(.34,2.6,0xd6b866,px,1.3,pz,hall,12);const flame=new THREE.Mesh(new THREE.ConeGeometry(.38,.85,10),renderMat(c,{emissive:c,emissiveIntensity:.75,roughness:.32}));flame.position.set(px,3,pz);hall.add(flame);}"
if,17-adventures-learning-world.js,2898,"const def=ADVENTURE_DEFS[type];if(!def||world.activeChallenge||activeRace)return false;if(type==='castle'&&Math.hypot(player.x-88,player.z-52)>15){setWaypoint('castle');toast('Siga a rota até o Castelo para começar.','good',2200);return false;}closeModal();const startedAt=Date.now(),endsAt=type==='castle'?startedAt+75000:0;world.activeChallenge={type,target:def.target,progress:new Set(),startedAt:performance.now(),endsAt:type==='castle'?performance.now()+75000:0};state.adventures.active={type,st"
for,17-adventures-learning-world.js,2898,"const def=ADVENTURE_DEFS[type];if(!def||world.activeChallenge||activeRace)return false;if(type==='castle'&&Math.hypot(player.x-88,player.z-52)>15){setWaypoint('castle');toast('Siga a rota até o Castelo para começar.','good',2200);return false;}closeModal();const startedAt=Date.now(),endsAt=type==='castle'?startedAt+75000:0;world.activeChallenge={type,target:def.target,progress:new Set(),startedAt:performance.now(),endsAt:type==='castle'?performance.now()+75000:0};state.adventures.active={type,st"
if,17-adventures-learning-world.js,2901,"const saved=state.adventures?.active,def=ADVENTURE_DEFS[saved?.type];if(!saved||!def)return false;const progress=new Set(Array.isArray(saved.progress)?saved.progress:[]),elapsed=Math.max(0,Date.now()-Number(saved.startedAt||Date.now())),remaining=saved.type==='castle'?Math.max(5000,Number(saved.endsAt||Date.now()+75000)-Date.now()):0;"
if,17-adventures-learning-world.js,2903,if(saved.type==='castle')for(const token of world.challengeTokens){token.got=progress.has(token.id);token.mesh.visible=!token.got;}
for,17-adventures-learning-world.js,2903,if(saved.type==='castle')for(const token of world.challengeTokens){token.got=progress.has(token.id);token.mesh.visible=!token.got;}
if,17-adventures-learning-world.js,2907,"const active=world.activeChallenge;if(!active||active.type!==type||active.progress.has(key))return false;active.progress.add(key);if(state.adventures.active){state.adventures.active.progress=[...active.progress];state.adventures.active.updatedAt=Date.now();}els.raceStatus.textContent=`${active.progress.size}/${active.target}`;beep(780,55,'sine');if(active.progress.size>=active.target)finishAdventure(true);else saveState();return true;"
else,17-adventures-learning-world.js,2907,"const active=world.activeChallenge;if(!active||active.type!==type||active.progress.has(key))return false;active.progress.add(key);if(state.adventures.active){state.adventures.active.progress=[...active.progress];state.adventures.active.updatedAt=Date.now();}els.raceStatus.textContent=`${active.progress.size}/${active.target}`;beep(780,55,'sine');if(active.progress.size>=active.target)finishAdventure(true);else saveState();return true;"
if,17-adventures-learning-world.js,2910,"const active=world.activeChallenge;if(!active)return;const def=ADVENTURE_DEFS[active.type];for(const token of world.challengeTokens)token.mesh.visible=false;world.activeChallenge=null;state.adventures.active=null;els.raceBadge.hidden=true;if(success){if(!state.adventures.completed.includes(active.type))state.adventures.completed.push(active.type);const elapsed=(performance.now()-active.startedAt)/1000,stateBest=Number(state.adventures.bestTimes[active.type]||Infinity);state.adventures.bestTimes["
else,17-adventures-learning-world.js,2910,"const active=world.activeChallenge;if(!active)return;const def=ADVENTURE_DEFS[active.type];for(const token of world.challengeTokens)token.mesh.visible=false;world.activeChallenge=null;state.adventures.active=null;els.raceBadge.hidden=true;if(success){if(!state.adventures.completed.includes(active.type))state.adventures.completed.push(active.type);const elapsed=(performance.now()-active.startedAt)/1000,stateBest=Number(state.adventures.bestTimes[active.type]||Infinity);state.adventures.bestTimes["
for,17-adventures-learning-world.js,2910,"const active=world.activeChallenge;if(!active)return;const def=ADVENTURE_DEFS[active.type];for(const token of world.challengeTokens)token.mesh.visible=false;world.activeChallenge=null;state.adventures.active=null;els.raceBadge.hidden=true;if(success){if(!state.adventures.completed.includes(active.type))state.adventures.completed.push(active.type);const elapsed=(performance.now()-active.startedAt)/1000,stateBest=Number(state.adventures.bestTimes[active.type]||Infinity);state.adventures.bestTimes["
if,17-adventures-learning-world.js,2913,"const active=world.activeChallenge;if(!active)return;if(active.type==='castle'){if(performance.now()>=active.endsAt){finishAdventure(false);return;}for(const token of world.challengeTokens){if(token.got)continue;token.mesh.rotation.y+=.08;token.mesh.position.y=1.45+Math.sin(animTime*3+token.x)*.18;if(Math.hypot(player.x-token.x,player.z-token.z)<1.5){token.got=true;token.mesh.visible=false;advanceAdventure('castle',token.id);}}if(world.activeChallenge)els.raceStatus.textContent=`${active.progres"
for,17-adventures-learning-world.js,2913,"const active=world.activeChallenge;if(!active)return;if(active.type==='castle'){if(performance.now()>=active.endsAt){finishAdventure(false);return;}for(const token of world.challengeTokens){if(token.got)continue;token.mesh.rotation.y+=.08;token.mesh.position.y=1.45+Math.sin(animTime*3+token.x)*.18;if(Math.hypot(player.x-token.x,player.z-token.z)<1.5){token.got=true;token.mesh.visible=false;advanceAdventure('castle',token.id);}}if(world.activeChallenge)els.raceStatus.textContent=`${active.progres"
if,18-water-fishing-boats.js,2930,"function resolveWaterWalking(prevX,prevZ){if(player.boating||player.vehicle||currentHouse)return;const h=waterAt(player.x,player.z);if(!h||groundHeightAt(player.x,player.z)>.24)return;player.x=prevX;player.z=prevZ;player.vx=player.vz=0;if(performance.now()-waterWarningAt>1700){waterWarningAt=performance.now();toast('A água é funda. Use o píer e o barco.','warn',1900);}}"
if,18-water-fishing-boats.js,2938,if(fishingVisual||!playerGroup||!worldGroup)return fishingVisual;
if,18-water-fishing-boats.js,2951,"function setFishingLine(a,b){const v=fishingVisual;if(!v)return;const attr=v.line.geometry.getAttribute('position'),arr=attr.array;arr[0]=a.x;arr[1]=a.y;arr[2]=a.z;arr[3]=b.x;arr[4]=b.y;arr[5]=b.z;attr.needsUpdate=true;}"
if,18-water-fishing-boats.js,2954,"if(source==='boat'){const heading=player.boat.heading;dx=Math.sin(heading);dz=Math.cos(heading);}else{dx=-45-player.x;dz=52-player.z;const m=Math.hypot(dx,dz)||1;dx/=m;dz/=m;}"
else,18-water-fishing-boats.js,2954,"if(source==='boat'){const heading=player.boat.heading;dx=Math.sin(heading);dz=Math.cos(heading);}else{dx=-45-player.x;dz=52-player.z;const m=Math.hypot(dx,dz)||1;dx/=m;dz/=m;}"
if,18-water-fishing-boats.js,2956,"if(!isInsideLakeNavigable(x,z)){dx=-72-player.x;dz=52-player.z;const m=Math.hypot(dx,dz)||1;x=player.x+dx/m*dist;z=player.z+dz/m*dist;}"
if,18-water-fishing-boats.js,2961,if(!v)return;
if,18-water-fishing-boats.js,2962,"if(!fishingCameraState)fishingCameraState={yaw:cameraYaw,pitch:cameraPitch,zoom:cameraZoom};"
if,18-water-fishing-boats.js,2973,"function castFishingVisual(){const v=ensureFishingVisual();if(!v?.active)return;v.tip.getWorldPosition(v.castStart);v.target.copy(fishingCastTarget(v.source));v.phase='casting';v.phaseAt=performance.now();beep(420,55,'sine');}"
if,18-water-fishing-boats.js,2974,function hookFishingVisual(){const v=fishingVisual;if(!v?.active)return;v.phase='hooked';v.phaseAt=performance.now();v.bobber.scale.setScalar(1.28);}
if,18-water-fishing-boats.js,2975,"function pullFishingVisual(success,fishData){const v=fishingVisual;if(!v?.active)return;v.phase=success?'pulling':'escaping';v.phaseAt=performance.now();v.fishSize=clamp(.8+Number(fishData?.size||.5)*.08,.82,1.35);v.fish.scale.setScalar(v.fishSize);v.fish.visible=!!success;}"
if,18-water-fishing-boats.js,2977,if(!fishingCameraState)return;
if,18-water-fishing-boats.js,2982,if(!v){restoreFishingCamera();return;}
if,18-water-fishing-boats.js,2984,const hide=()=>{if(token!==v.hideToken)return;v.active=false;v.phase='idle';v.rodRoot.visible=false;v.line.visible=false;v.bobber.visible=false;v.fish.visible=false;v.bobber.scale.setScalar(1);if(player.emoteType==='fishing'){player.emoteType='';player.emoteUntil=0;player.emoteSeq=(player.emoteSeq||0)+1;}setFishingUiActive(false);restoreFishingCamera();};
if,18-water-fishing-boats.js,2985,"if(delay>0)setTimeout(hide,delay);else hide();"
else,18-water-fishing-boats.js,2985,"if(delay>0)setTimeout(hide,delay);else hide();"
if,18-water-fishing-boats.js,2987,function clearFishingTimers(session=fishingSession){if(!session)return;clearTimeout(session.hookTimer);clearTimeout(session.escapeTimer);clearTimeout(session.finishTimer);}
if,18-water-fishing-boats.js,2990,if(active){state.ui.quickOpen=false;state.ui.skillsOpen=false;state.ui.needsOpen=false;state.ui.missionOpen=false;els.game?.classList.remove('needs-expanded');els.missionCard?.classList.remove('expanded');syncMobilePanels();}
if,18-water-fishing-boats.js,2995,if(document.getElementById('otthosFishingModalStyle'))return;
if,18-water-fishing-boats.js,3006,"const v=fishingVisual;if(!v?.active)return;const now=performance.now(),tip=new THREE.Vector3();v.tip.getWorldPosition(tip);let lineEnd=v.bobber.position;"
if,18-water-fishing-boats.js,3007,"if(v.phase==='ready'){v.bobber.position.copy(tip);v.rodRoot.rotation.x=lerp(v.rodRoot.rotation.x,-.48,.18);}"
if,18-water-fishing-boats.js,3008,"else if(v.phase==='casting'){const t=clamp((now-v.phaseAt)/620,0,1),ease=1-Math.pow(1-t,3);v.bobber.position.lerpVectors(v.castStart,v.target,ease);v.bobber.position.y+=Math.sin(Math.PI*t)*2.35;v.rodRoot.rotation.x=lerp(-.18,-.72,ease);if(t>=1){v.phase='waiting';v.phaseAt=now;v.bobber.position.copy(v.target);}}"
else,18-water-fishing-boats.js,3008,"else if(v.phase==='casting'){const t=clamp((now-v.phaseAt)/620,0,1),ease=1-Math.pow(1-t,3);v.bobber.position.lerpVectors(v.castStart,v.target,ease);v.bobber.position.y+=Math.sin(Math.PI*t)*2.35;v.rodRoot.rotation.x=lerp(-.18,-.72,ease);if(t>=1){v.phase='waiting';v.phaseAt=now;v.bobber.position.copy(v.target);}}"
if,18-water-fishing-boats.js,3009,"else if(v.phase==='waiting'){v.bobber.position.set(v.target.x,.15+Math.sin(now*.007)*.035,v.target.z);v.rodRoot.rotation.x=lerp(v.rodRoot.rotation.x,-.62,.08);}"
else,18-water-fishing-boats.js,3009,"else if(v.phase==='waiting'){v.bobber.position.set(v.target.x,.15+Math.sin(now*.007)*.035,v.target.z);v.rodRoot.rotation.x=lerp(v.rodRoot.rotation.x,-.62,.08);}"
if,18-water-fishing-boats.js,3010,"else if(v.phase==='hooked'){v.bobber.position.set(v.target.x,.09+Math.sin(now*.026)*.11,v.target.z);v.bobber.scale.setScalar(1.12+Math.sin(now*.03)*.12);v.rodRoot.rotation.x=lerp(v.rodRoot.rotation.x,-.82,.12);}"
else,18-water-fishing-boats.js,3010,"else if(v.phase==='hooked'){v.bobber.position.set(v.target.x,.09+Math.sin(now*.026)*.11,v.target.z);v.bobber.scale.setScalar(1.12+Math.sin(now*.03)*.12);v.rodRoot.rotation.x=lerp(v.rodRoot.rotation.x,-.82,.12);}"
if,18-water-fishing-boats.js,3011,"else if(v.phase==='pulling'){const t=clamp((now-v.phaseAt)/820,0,1),ease=1-Math.pow(1-t,3);v.bobber.position.lerpVectors(v.target,tip,ease);v.bobber.position.y+=Math.sin(Math.PI*t)*1.3;v.fish.position.copy(v.bobber.position);v.fish.position.y-=.18;v.fish.rotation.y+=.16;v.fish.rotation.z=Math.sin(now*.025)*.35;v.rodRoot.rotation.x=lerp(v.rodRoot.rotation.x,-1.02,.15);if(t>=1){v.phase='caught';v.phaseAt=now;v.bobber.visible=false;}}"
else,18-water-fishing-boats.js,3011,"else if(v.phase==='pulling'){const t=clamp((now-v.phaseAt)/820,0,1),ease=1-Math.pow(1-t,3);v.bobber.position.lerpVectors(v.target,tip,ease);v.bobber.position.y+=Math.sin(Math.PI*t)*1.3;v.fish.position.copy(v.bobber.position);v.fish.position.y-=.18;v.fish.rotation.y+=.16;v.fish.rotation.z=Math.sin(now*.025)*.35;v.rodRoot.rotation.x=lerp(v.rodRoot.rotation.x,-1.02,.15);if(t>=1){v.phase='caught';v.phaseAt=now;v.bobber.visible=false;}}"
if,18-water-fishing-boats.js,3012,else if(v.phase==='caught'){v.fish.position.copy(tip);v.fish.position.y-=.35;v.fish.position.x+=Math.sin(now*.02)*.08;v.fish.rotation.z=Math.sin(now*.028)*.42;lineEnd=tip;}
else,18-water-fishing-boats.js,3012,else if(v.phase==='caught'){v.fish.position.copy(tip);v.fish.position.y-=.35;v.fish.position.x+=Math.sin(now*.02)*.08;v.fish.rotation.z=Math.sin(now*.028)*.42;lineEnd=tip;}
if,18-water-fishing-boats.js,3013,"else if(v.phase==='escaping'){const t=clamp((now-v.phaseAt)/760,0,1);v.bobber.position.set(v.target.x,.12-t*.5,v.target.z);v.bobber.scale.setScalar(1-t*.65);if(t>=1)stopFishingVisual();}"
else,18-water-fishing-boats.js,3013,"else if(v.phase==='escaping'){const t=clamp((now-v.phaseAt)/760,0,1);v.bobber.position.set(v.target.x,.12-t*.5,v.target.z);v.bobber.scale.setScalar(1-t*.65);if(t>=1)stopFishingVisual();}"
if,18-water-fishing-boats.js,3023,if(world.shoreFishers.length)return;[
if,18-water-fishing-boats.js,3028,if(textures.water){textures.water.offset.x=(textures.water.offset.x+dt*.012)%1;textures.water.offset.y=(textures.water.offset.y+dt*.006)%1;}
if,18-water-fishing-boats.js,3029,"const now=performance.now();for(const npc of world.shoreFishers){const act=npc.fishingActivity;if(!act)continue;npc.group.position.set(npc.baseX,0,npc.baseZ);npc.group.rotation.y=act.heading;const pulse=Math.sin(now*.0021+act.phase),bite=Math.sin(now*.006+act.phase)> .92;act.rod.rotation.x=-.58+pulse*.035-(bite?.1:0);if(npc.limbs){npc.limbs.leftArm.rotation.x=lerp(npc.limbs.leftArm.rotation.x,-1.55+(bite?-.18:0),.18);npc.limbs.rightArm.rotation.x=lerp(npc.limbs.rightArm.rotation.x,-1.72+(bite?-."
for,18-water-fishing-boats.js,3029,"const now=performance.now();for(const npc of world.shoreFishers){const act=npc.fishingActivity;if(!act)continue;npc.group.position.set(npc.baseX,0,npc.baseZ);npc.group.rotation.y=act.heading;const pulse=Math.sin(now*.0021+act.phase),bite=Math.sin(now*.006+act.phase)> .92;act.rod.rotation.x=-.58+pulse*.035-(bite?.1:0);if(npc.limbs){npc.limbs.leftArm.rotation.x=lerp(npc.limbs.leftArm.rotation.x,-1.55+(bite?-.18:0),.18);npc.limbs.rightArm.rotation.x=lerp(npc.limbs.rightArm.rotation.x,-1.72+(bite?-."
if,18-water-fishing-boats.js,3037,"if(boatPanel)return boatPanel;boatPanel=document.createElement('div');boatPanel.id='boatActivityPanel';boatPanel.className='boat-activity-panel';boatPanel.innerHTML='<button type=""button"" data-boat-fish>🎣<span>Pescar</span></button><button type=""button"" data-boat-exit>🏝️<span>Sair</span></button>';document.body.appendChild(boatPanel);boatPanel.querySelector('[data-boat-fish]').onclick=()=>startFishing('boat');boatPanel.querySelector('[data-boat-exit]').onclick=()=>exitBoat();return boatPanel;"
if,18-water-fishing-boats.js,3039,function updateBoatPanel(){const panel=ensureBoatPanel();panel.hidden=!player.boating;if(player.boating){const passenger=!!player.boat.passengerOf;panel.querySelector('[data-boat-fish]').disabled=passenger;panel.querySelector('[data-boat-fish] span').textContent=passenger?'Passageiro':'Pescar';}}
if,18-water-fishing-boats.js,3041,if(player.boating)return false;
if,18-water-fishing-boats.js,3042,if(!canEnterMobility(PLAYER_MODES.BOAT_DRIVER)&&!player.vehicle)return false;
if,18-water-fishing-boats.js,3043,if(player.vehicle)exitVehicle(true);
if,18-water-fishing-boats.js,3044,if(player.transit.mode||!world.boat)return false;
if,18-water-fishing-boats.js,3045,"const p=world.boat.group.position;if(Math.hypot(player.x-p.x,player.z-p.z)>3.6){toast('Chegue perto do barco pelo píer.','warn');return false;}"
if,18-water-fishing-boats.js,3046,"const lock=await window.OTTHOS_RTDB?.claimBoat?.(world.boat.id);if(lock&&lock.ok===false){toast(lock.error||'O barco já está sendo usado por outro jogador.','warn',2800);return false;}"
if,18-water-fishing-boats.js,3047,"input.mobilityAccelerate=false;input.mobilityBrake=false;player.boating=true;player.boat.passengerOf='';player.boat.passengerUid='';player.boat.passengerBotId='';player.boat.heading=world.boat.heading||0;player.boat.speed=0;player.boat.steerVisual=0;player.x=p.x;player.z=p.z;player.y=.18;player.vx=player.vz=0;state.boats.activeBoatId=world.boat.id;state.boats.passengerOf='';const companion=nearestRideCompanion(9);if(companion)boardNpcPassenger(companion,'boat');updateBoatPanel();updateVehicleCon"
if,18-water-fishing-boats.js,3051,"if(!ghost||!target?.boating||target.boatRole==='passenger'){toast('O motorista ou o barco não está mais disponível.','warn');return false;}"
if,18-water-fishing-boats.js,3052,"if(player.boating){toast('Você já está em um barco.','warn');return false;}"
if,18-water-fishing-boats.js,3053,if(player.vehicle)exitVehicle(true);
if,18-water-fishing-boats.js,3054,if(player.transit.mode||!canEnterMobility(PLAYER_MODES.BOAT_PASSENGER))return false;
if,18-water-fishing-boats.js,3058,if(!player.boating)return false;
if,18-water-fishing-boats.js,3059,"if(!silent&&!validBoatExit()){toast('Encoste a lateral do barco no píer para sair com segurança.','warn',2500);return false;}"
if,18-water-fishing-boats.js,3061,"if(passengerHost)window.OTTHOS_RTDB?.sendInteraction?.(passengerHost,{type:'boatPassengerLeft'});else if(hostedPassenger)window.OTTHOS_RTDB?.sendInteraction?.(hostedPassenger,{type:'boatEnded'});"
else,18-water-fishing-boats.js,3061,"if(passengerHost)window.OTTHOS_RTDB?.sendInteraction?.(passengerHost,{type:'boatPassengerLeft'});else if(hostedPassenger)window.OTTHOS_RTDB?.sendInteraction?.(hostedPassenger,{type:'boatEnded'});"
if,18-water-fishing-boats.js,3062,"releaseNpcPassenger('boat');input.mobilityAccelerate=false;input.mobilityBrake=false;player.boating=false;player.boat.passengerOf='';player.boat.passengerUid='';player.boat.speed=0;player.boat.steerVisual=0;state.boats.passengerOf='';state.boats.activeBoatId='';if(!wasPassenger&&world.boat)window.OTTHOS_RTDB?.releaseBoat?.(world.boat.id);if(world.boat&&!wasPassenger){world.boat.group.position.set(player.x,.1,player.z);world.boat.heading=player.boat.heading;world.boat.group.rotation.y=player.boat"
if,18-water-fishing-boats.js,3063,"const safe=safeBoatExitPoint();player.x=safe.x;player.z=safe.z;player.y=groundHeightAt(safe.x,safe.z);player.vx=player.vy=player.vz=0;player.grounded=true;rememberSafePlayerPosition(true);updateBoatPanel();updateVehicleControlsUI();auditPlayerMode('exit-boat');if(!silent)toast('Você desembarcou no píer.','good');saveState(true);return true;"
if,18-water-fishing-boats.js,3066,"const boat=player.boat;if(boat.passengerOf){const ghost=world.ghosts.get(boat.passengerOf),target=ghost?.userData?.target;if(!ghost||!target){boat.hostMissingAt=boat.hostMissingAt||performance.now();if(performance.now()-boat.hostMissingAt>3500){toast('O motorista saiu. Você voltou ao píer.','warn');player.x=-24.7;player.z=52;exitBoat(true);}player.vx=player.vz=0;return;}boat.hostMissingAt=0;const tx=Number(target.x||ghost.position.x),tz=Number(target.z||ghost.position.z);player.vx=clamp((tx-play"
if,18-water-fishing-boats.js,3069,"if(command.brake)boat.speed=approachNumber(boat.speed,0,(7.2+Math.abs(boat.speed)*.8)*dt);else{const crossing=boat.speed*throttle<-.08;boat.speed+=throttle*8.5*(crossing?1.8:1)*dt;}"
else,18-water-fishing-boats.js,3069,"if(command.brake)boat.speed=approachNumber(boat.speed,0,(7.2+Math.abs(boat.speed)*.8)*dt);else{const crossing=boat.speed*throttle<-.08;boat.speed+=throttle*8.5*(crossing?1.8:1)*dt;}"
if,18-water-fishing-boats.js,3070,"if(!throttle&&!command.brake)boat.speed*=Math.pow(.12,dt);if(Math.abs(boat.speed)<.02&&!throttle)boat.speed=0;boat.speed=clamp(boat.speed,-3.4,8.8);boat.steerVisual=lerp(boat.steerVisual||0,steer,Math.min(1,dt*6.5));const authority=Math.max(clamp(Math.abs(boat.speed)/2.8,0,1),Math.abs(throttle)>.1?.12:0);const turnRate=1.5/(1+Math.abs(boat.speed)*.075);boat.heading+=boat.steerVisual*turnRate*authority*dt*(boat.speed<-.08?-1:1);player.vx=Math.sin(boat.heading)*boat.speed;player.vz=Math.cos(boat.h"
if,18-water-fishing-boats.js,3072,"function constrainBoat(prevX,prevZ){if(!player.boating)return;if(!isInsideLakeNavigable(player.x,player.z)){player.x=prevX;player.z=prevZ;player.boat.speed*=-.18;player.vx=player.vz=0;}if(world.boat){world.boat.group.position.set(player.x,.1,player.z);world.boat.group.rotation.y=player.boat.heading;world.boat.heading=player.boat.heading;}state.boats.lastPosition={x:+player.x.toFixed(2),z:+player.z.toFixed(2),heading:+player.boat.heading.toFixed(3)};}"
if,18-water-fishing-boats.js,3073,function weightedFish(){let r=Math.random()*100;for(const fish of FISH_SPECIES){r-=fish.weight;if(r<=0)return fish;}return FISH_SPECIES[0];}
for,18-water-fishing-boats.js,3073,function weightedFish(){let r=Math.random()*100;for(const fish of FISH_SPECIES){r-=fish.weight;if(r<=0)return fish;}return FISH_SPECIES[0];}
if,18-water-fishing-boats.js,3075,"if(fishingSession){toast('Finalize a pesca atual primeiro.','warn');return;}if((state.inventory.fishingRod||0)<1){toast('Você precisa de uma vara de pesca.','warn');return;}if((state.inventory.bait||0)<1){toast('Você ficou sem isca.','warn');return;}if(source==='boat'&&!player.boating){toast('Entre no barco primeiro.','warn');return;}if(source!=='boat'&&!isNearFishingArea()){toast('Pesque somente nos pontos marcados da margem.','warn');return;}const wait=Math.max(0,6500-(Date.now()-Number(state."
if,18-water-fishing-boats.js,3079,cast.onclick=()=>{if(!fishingSession||fishingSession.token!==token)return;cast.disabled=true;state.inventory.bait--;state.fishing.lastAttempt=Date.now();saveState(true);status.textContent='🎣 Aguarde…';meter.style.animation='fishingWait 2.4s linear forwards';castFishingVisual();const hookDelay=1400+Math.random()*1700;fishingSession.hookTimer=setTimeout(()=>{if(!fishingSession||fishingSession.token!==token||els.modal.hidden){cancelFishingSession();return;}status.textContent='⚡ Fisgou!';pull.hidden
if,18-water-fishing-boats.js,3080,"pull.onclick=()=>{if(!fishingSession||fishingSession.token!==token)return;clearTimeout(fishingSession.escapeTimer);const reaction=performance.now()-Number(fishingSession.hookedAt||performance.now()),success=reaction<2400&&Math.random()<.88;pull.hidden=true;if(!success){status.textContent='💨 Escapou';pullFishingVisual(false);saveState();fishingSession.finishTimer=setTimeout(()=>{if(fishingSession?.token===token)fishingSession=null;stopFishingVisual();},800);return;}const fish=weightedFish(),size="
if,19-campfire-hunting-house-extensions.js,3065,"function campfireAllowed(x,z){if(Math.hypot(x+70,z+62)>14)return false;if(waterAt(x,z))return false;if(WORLD_MAP_ROADS.some(r=>rectOverlap({x,z,w:3,d:3},r,.5)))return false;if(world.houses.some(h=>Math.hypot(x-h.x,z-h.z)<10))return false;return true;}"
if,19-campfire-hunting-house-extensions.js,3067,"if(!data?.id||world.campfires.some(x=>x.data.id===data.id))return;const g=new THREE.Group();g.position.set(data.x,0,data.z);worldGroup.add(g);for(const a of [-.55,.55]){const log=premiumCylinder(.18,1.6,0x76502d,a,.2,0,g,8);log.rotation.z=Math.PI/2;log.rotation.y=a>0?Math.PI/4:-Math.PI/4;}const flame=new THREE.Mesh(new THREE.ConeGeometry(.42,1.15,7),mat(0xff7a18,{emissive:0xff4a00,emissiveIntensity:1.4,transparent:true,opacity:.9}));flame.position.y=.9;g.add(flame);const record={data:{...data,re"
for,19-campfire-hunting-house-extensions.js,3067,"if(!data?.id||world.campfires.some(x=>x.data.id===data.id))return;const g=new THREE.Group();g.position.set(data.x,0,data.z);worldGroup.add(g);for(const a of [-.55,.55]){const log=premiumCylinder(.18,1.6,0x76502d,a,.2,0,g,8);log.rotation.z=Math.PI/2;log.rotation.y=a>0?Math.PI/4:-Math.PI/4;}const flame=new THREE.Mesh(new THREE.ConeGeometry(.42,1.15,7),mat(0xff7a18,{emissive:0xff4a00,emissiveIntensity:1.4,transparent:true,opacity:.9}));flame.position.y=.9;g.add(flame);const record={data:{...data,re"
if,19-campfire-hunting-house-extensions.js,3070,"async function buildCampfire(){const x=Math.round(player.x*2)/2,z=Math.round(player.z*2)/2;if(!campfireAllowed(x,z)){toast('Use a área demarcada do acampamento.','warn');return;}if((state.inventory.wood||0)<3){toast('Você precisa de 3 madeiras.','warn');return;}if(!(await confirmModal('Construir fogueira','Gastar 3 madeiras para montar a fogueira?','Construir','Cancelar')))return;state.inventory.wood-=3;const data={id:uid(),ownerId:state.profile.playerId,x,z,createdAt:Date.now(),expiresAt:Date.n"
if,19-campfire-hunting-house-extensions.js,3071,"function finishCampfireCooking(data,cookingId){if(!data?.cooking||data.cooking.id!==cookingId||data.cooking.collected)return;data.cooking.collected=true;data.cooking=null;state.inventory.cookedFish=(state.inventory.cookedFish||0)+1;saveState(true);window.OTTHOS_RTDB?.syncCampfires?.(state.campfires);toast('O peixe ficou assado!','good',2200);beep(740,100,'sine');}"
if,19-campfire-hunting-house-extensions.js,3072,"function openCampfire(id){const record=world.campfires.find(c=>c.data.id===id),data=record?.data;if(!data||Number(data.expiresAt||0)<=Date.now()){toast('Esta fogueira já apagou.','warn');return;}const mine=!data.remote;openModal('Fogueira',`<div class=""activity-card""><div class=""activity-icon"">🔥</div><h3>Fogueira do acampamento</h3><p>${data.cooking?'Peixe assando...':'Sente-se, cozinhe seu peixe ou convide um amigo.'}</p><div class=""modal-actions""><button class=""btn primary"" data-cook ${!mine||"
if,19-campfire-hunting-house-extensions.js,3073,"$('[data-sit]',root).onclick=()=>{player.sitUntil=performance.now()+4500;state.needs.fun=clamp(state.needs.fun+8,0,100);closeModal();toast('Você descansou perto da fogueira.','good');};$('[data-eat]',root).onclick=()=>{if(state.inventory.cookedFish<1)return;state.inventory.cookedFish--;state.needs.hunger=clamp(state.needs.hunger+32,0,100);saveState(true);updateHUD();openCampfire(id);};$('[data-cook]',root).onclick=async()=>{if(!mine||data.cooking||state.inventory.rawFish<1)return;if(!(await conf"
if,19-campfire-hunting-house-extensions.js,3075,"function openNearestCampfire(){const c=nearestActiveCampfire(12);if(c)openCampfire(c.data.id);else toast('A fogueira do amigo não está próxima ou já apagou.','warn');}"
else,19-campfire-hunting-house-extensions.js,3075,"function openNearestCampfire(){const c=nearestActiveCampfire(12);if(c)openCampfire(c.data.id);else toast('A fogueira do amigo não está próxima ou já apagou.','warn');}"
if,19-campfire-hunting-house-extensions.js,3076,"function openCampfireZone(){const c=nearestActiveCampfire(8);if(c)openCampfire(c.data.id);else openModal('Acampamento','<p>Esta é uma área segura para montar fogueira. Ela usa madeira real do inventário e apaga automaticamente.</p><div class=""modal-actions""><button class=""btn primary"" data-build-fire>Construir fogueira</button></div>',root=>$('[data-build-fire]',root).onclick=()=>{closeModal();buildCampfire();});}"
else,19-campfire-hunting-house-extensions.js,3076,"function openCampfireZone(){const c=nearestActiveCampfire(8);if(c)openCampfire(c.data.id);else openModal('Acampamento','<p>Esta é uma área segura para montar fogueira. Ela usa madeira real do inventário e apaga automaticamente.</p><div class=""modal-actions""><button class=""btn primary"" data-build-fire>Construir fogueira</button></div>',root=>$('[data-build-fire]',root).onclick=()=>{closeModal();buildCampfire();});}"
for,19-campfire-hunting-house-extensions.js,3077,"function createCampfireZone(){for(let i=0;i<9;i++){const a=i/9*Math.PI*2;premiumBox(.75,.3,.5,0x8b765e,-70+Math.cos(a)*2,.15,-62+Math.sin(a)*2);}createSignpost(-65,-57,'Acampamento',Math.PI*.25);registerInteractable({id:'campfire-zone',type:'campfire-zone',icon:'🔥',label:'Área de fogueira',x:-70,z:-62,radius:5,priority:145,action:openCampfireZone});}"
if,19-campfire-hunting-house-extensions.js,3078,"function createForestAnimal(id,type,x,z,color){const g=new THREE.Group();g.position.set(x,0,z);worldGroup.add(g);premiumBox(1.25,.72,.55,color,0,.72,0,g);premiumBox(.55,.55,.5,color,0,1.25,.38,g);for(const ox of [-.42,.42])for(const oz of [-.18,.18])premiumBox(.16,.55,.16,0x5e432b,ox,.28,oz,g);if(type==='deer'){premiumBox(.08,.5,.08,0x5e432b,-.18,1.68,.4,g);premiumBox(.08,.5,.08,0x5e432b,.18,1.68,.4,g);}const animal={id,type,group:g,x,z,available:true,respawnAt:0};world.animals.push(animal);retu"
for,19-campfire-hunting-house-extensions.js,3078,"function createForestAnimal(id,type,x,z,color){const g=new THREE.Group();g.position.set(x,0,z);worldGroup.add(g);premiumBox(1.25,.72,.55,color,0,.72,0,g);premiumBox(.55,.55,.5,color,0,1.25,.38,g);for(const ox of [-.42,.42])for(const oz of [-.18,.18])premiumBox(.16,.55,.16,0x5e432b,ox,.28,oz,g);if(type==='deer'){premiumBox(.08,.5,.08,0x5e432b,-.18,1.68,.4,g);premiumBox(.08,.5,.08,0x5e432b,.18,1.68,.4,g);}const animal={id,type,group:g,x,z,available:true,respawnAt:0};world.animals.push(animal);retu"
if,19-campfire-hunting-house-extensions.js,3079,"function startHunting(options={}){const cooldown=Math.max(0,20000-(Date.now()-Number(state.hunting.lastAttempt||0)));if(cooldown>0){toast(`A floresta precisa descansar por ${Math.ceil(cooldown/1000)} s.`,'warn');return;}if(Math.hypot(player.x+96,player.z+72)>28){toast('Siga as pegadas até a área de rastreamento.','warn');return;}state.hunting.lastAttempt=Date.now();state.hunting.tracksFound++;const trail=['Pegadas perto das pedras','Galhos mexidos à esquerda','Folhas amassadas perto da árvore'],"
else,19-campfire-hunting-house-extensions.js,3079,"function startHunting(options={}){const cooldown=Math.max(0,20000-(Date.now()-Number(state.hunting.lastAttempt||0)));if(cooldown>0){toast(`A floresta precisa descansar por ${Math.ceil(cooldown/1000)} s.`,'warn');return;}if(Math.hypot(player.x+96,player.z+72)>28){toast('Siga as pegadas até a área de rastreamento.','warn');return;}state.hunting.lastAttempt=Date.now();state.hunting.tracksFound++;const trail=['Pegadas perto das pedras','Galhos mexidos à esquerda','Folhas amassadas perto da árvore'],"
for,19-campfire-hunting-house-extensions.js,3080,"function createHuntingArea(){createSignpost(-89,-65,'Rastreamento infantil',Math.PI*.3);for(const p of [[-93,-70],[-97,-73],[-101,-75],[-104,-70]]){const mark=premiumBox(.45,.05,.7,0x634b32,p[0],.04,p[1]);mark.rotation.y=Math.random()*Math.PI;}createForestAnimal('deer-1','deer',-105,-78,0xb67945);createForestAnimal('rabbit-1','rabbit',-88,-82,0xc8b7a3);registerInteractable({id:'hunting-trail',type:'hunting',icon:'🐾',label:'Seguir rastros',x:-96,z:-72,radius:6,priority:140,action:()=>startHunting"
if,19-campfire-hunting-house-extensions.js,3083,"function extensionValid(draft){const rect={x:draft.x,z:draft.z,w:5.4,d:5.4};if(Math.abs(draft.x)>111||Math.abs(draft.z)>111)return false;if(world.hazards.some(h=>rectOverlap(rect,h,.5)))return false;if(WORLD_MAP_ROADS.some(r=>rectOverlap(rect,r,.4)))return false;if(world.houseExtensions.some(e=>rectOverlap(rect,{x:e.data.x,z:e.data.z,w:5.4,d:5.4},.35)))return false;for(const h of world.houses){if(h.id===draft.houseId)continue;if(rectOverlap(rect,{x:h.x,z:h.z,w:9,d:7},.6))return false;}return tru"
for,19-campfire-hunting-house-extensions.js,3083,"function extensionValid(draft){const rect={x:draft.x,z:draft.z,w:5.4,d:5.4};if(Math.abs(draft.x)>111||Math.abs(draft.z)>111)return false;if(world.hazards.some(h=>rectOverlap(rect,h,.5)))return false;if(WORLD_MAP_ROADS.some(r=>rectOverlap(rect,r,.4)))return false;if(world.houseExtensions.some(e=>rectOverlap(rect,{x:e.data.x,z:e.data.z,w:5.4,d:5.4},.35)))return false;for(const h of world.houses){if(h.id===draft.houseId)continue;if(rectOverlap(rect,{x:h.x,z:h.z,w:9,d:7},.6))return false;}return tru"
if,19-campfire-hunting-house-extensions.js,3084,function clearExtensionPreview(){if(extensionPreview&&worldGroup){worldGroup.remove(extensionPreview);extensionPreview.traverse?.(o=>{o.geometry?.dispose?.();if(o.material&&!Array.isArray(o.material))o.material.dispose?.();});}extensionPreview=null;extensionDraft=null;}
if,19-campfire-hunting-house-extensions.js,3085,"function renderExtensionPreview(){if(!extensionDraft)return;const d={...extensionDraft};if(extensionPreview&&worldGroup){worldGroup.remove(extensionPreview);extensionPreview.traverse?.(o=>{o.geometry?.dispose?.();if(o.material&&!Array.isArray(o.material))o.material.dispose?.();});}extensionPreview=null;extensionDraft=d;const spec=ROOM_SPECS[d.type]||ROOM_SPECS.storage,g=new THREE.Group();g.position.set(Number(d.x||0),0,Number(d.z||0));g.rotation.y=Number(d.rotation||0);worldGroup.add(g);const m="
for,19-campfire-hunting-house-extensions.js,3085,"function renderExtensionPreview(){if(!extensionDraft)return;const d={...extensionDraft};if(extensionPreview&&worldGroup){worldGroup.remove(extensionPreview);extensionPreview.traverse?.(o=>{o.geometry?.dispose?.();if(o.material&&!Array.isArray(o.material))o.material.dispose?.();});}extensionPreview=null;extensionDraft=d;const spec=ROOM_SPECS[d.type]||ROOM_SPECS.storage,g=new THREE.Group();g.position.set(Number(d.x||0),0,Number(d.z||0));g.rotation.y=Number(d.rotation||0);worldGroup.add(g);const m="
if,19-campfire-hunting-house-extensions.js,3086,"function spawnHouseExtension(data,remote=false){if(!data?.id||world.houseExtensions.some(x=>x.data.id===data.id))return;const spec=ROOM_SPECS[data.type]||ROOM_SPECS.storage,g=new THREE.Group();g.position.set(data.x,0,data.z);g.rotation.y=Number(data.rotation||0);worldGroup.add(g);premiumBox(5.2,.22,5.2,spec.color,0,.11,0,g);premiumBox(5.25,.32,.18,0xf1eadb,0,1.55,-2.51,g);premiumBox(.18,3.0,5.2,0xf1eadb,-2.51,1.5,0,g);premiumBox(.18,3.0,5.2,0xf1eadb,2.51,1.5,0,g);premiumBox(5.5,.35,5.5,shadeColo"
if,19-campfire-hunting-house-extensions.js,3089,"function openHouseExtensionPlanner(type){const house=nearestOwnedHouseForExtension();if(!house||distance2D(player,house)>16){toast('Chegue perto de uma casa que você possui.','warn');return;}let side=0;const spec=ROOM_SPECS[type];const place=extensionPlacement(house,side);extensionDraft={id:uid(),houseId:house.id,type,side,...place,ownerId:state.profile.playerId,ownerName:playerDisplayName()};renderExtensionPreview();openModal(`Ampliar: ${spec.name}`,`<p>A prévia transparente aparece ao lado da "
for,19-campfire-hunting-house-extensions.js,3089,"function openHouseExtensionPlanner(type){const house=nearestOwnedHouseForExtension();if(!house||distance2D(player,house)>16){toast('Chegue perto de uma casa que você possui.','warn');return;}let side=0;const spec=ROOM_SPECS[type];const place=extensionPlacement(house,side);extensionDraft={id:uid(),houseId:house.id,type,side,...place,ownerId:state.profile.playerId,ownerName:playerDisplayName()};renderExtensionPreview();openModal(`Ampliar: ${spec.name}`,`<p>A prévia transparente aparece ao lado da "
for,19-campfire-hunting-house-extensions.js,3092,"premiumBox(12,.32,3,materials.wood,-30,.34,52);registerPlatform(-30,52,12,3,.5,{pier:true});for(const z of [44.8,59.2])premiumBox(2.2,.35,.35,0xd7c7a0,-25.5,.25,z);createSignpost(-22,47,'Píer e Pesca',Math.PI/2);"
for,19-campfire-hunting-house-extensions.js,3093,"for(const [x,z,s] of [[-23.8,42.9,.75],[-26.5,42.4,.55],[-29.4,42.7,.68],[-32.2,43.1,.52],[-23.9,60.8,.68],[-27.1,61.2,.55],[-30.4,61.0,.72]]){premiumBox(1.1*s,.28*s,.8*s,materials.stone,x,.1,z);for(let i=0;i<3;i++){const reed=premiumCylinder(.035,.85+Math.random()*.35,0x4f8f42,x+(i-1)*.18,.45,z+(Math.random()-.5)*.28,worldGroup,6);reed.rotation.z=(Math.random()-.5)*.12;}}"
if,19-campfire-hunting-house-extensions.js,3096,"function restoreLifeExpansion(){for(const c of state.campfires){if(Number(c.expiresAt||0)>Date.now())spawnCampfire(c);if(c.cooking&&Number(c.cooking.endsAt||0)<=Date.now())finishCampfireCooking(c,c.cooking.id);}for(const e of state.houseExtensions)spawnHouseExtension(e);}"
for,19-campfire-hunting-house-extensions.js,3096,"function restoreLifeExpansion(){for(const c of state.campfires){if(Number(c.expiresAt||0)>Date.now())spawnCampfire(c);if(c.cooking&&Number(c.cooking.endsAt||0)<=Date.now())finishCampfireCooking(c,c.cooking.id);}for(const e of state.houseExtensions)spawnHouseExtension(e);}"
if,19-campfire-hunting-house-extensions.js,3097,"function updateLifeActivities(dt){updateShoreFishers(dt);world.activityAcc+=dt;if(world.activityAcc<.5)return;world.activityAcc=0;const now=Date.now();for(const c of [...world.campfires]){if(c.flame)c.flame.scale.y=.85+Math.sin(performance.now()*.009+c.data.x)*.18;if(c.data.cooking&&Number(c.data.cooking.endsAt||0)<=now)finishCampfireCooking(c.data,c.data.cooking.id);if(Number(c.data.expiresAt||0)<=now){c.data.expired=true;c.interactable.disabled=true;worldGroup.remove(c.group);world.campfires=w"
for,19-campfire-hunting-house-extensions.js,3097,"function updateLifeActivities(dt){updateShoreFishers(dt);world.activityAcc+=dt;if(world.activityAcc<.5)return;world.activityAcc=0;const now=Date.now();for(const c of [...world.campfires]){if(c.flame)c.flame.scale.y=.85+Math.sin(performance.now()*.009+c.data.x)*.18;if(c.data.cooking&&Number(c.data.cooking.endsAt||0)<=now)finishCampfireCooking(c.data,c.data.cooking.id);if(Number(c.data.expiresAt||0)<=now){c.data.expired=true;c.interactable.disabled=true;worldGroup.remove(c.group);world.campfires=w"
if,19-campfire-hunting-house-extensions.js,3098,for(const a of world.animals){if(!a.available&&a.respawnAt<=now){a.available=true;a.group.visible=true;}if(a.available){a.group.rotation.y+=Math.sin(performance.now()*.0005+a.x)*.004;}}
for,19-campfire-hunting-house-extensions.js,3098,for(const a of world.animals){if(!a.available&&a.respawnAt<=now){a.available=true;a.group.visible=true;}if(a.available){a.group.rotation.y+=Math.sin(performance.now()*.0005+a.x)*.004;}}
if,19-campfire-hunting-house-extensions.js,3099,if(Math.random()<.08&&state.campfires.length!==world.campfires.filter(c=>!c.data.remote).length){saveState();window.OTTHOS_RTDB?.syncCampfires?.(state.campfires);}
for,20-world-build-cloud-houses.js,3109,"for(let i=-5;i<=5;i++){const part=box(2.1,.35,5,materials.wood,-12+i*2.15,.25,52);world.bridgeParts.push(part);registerPlatform(-12+i*2.15,52,2.1,5,.43,{bridgePart:i+5});}"
if,20-world-build-cloud-houses.js,3112,"for(let i=0;i<48;i++){const x=-92+(Math.random()-.5)*68,z=-52+(Math.random()-.5)*84;if(Math.abs(x+68)<10&&Math.abs(z-52)<12)continue;if(Math.abs(x+68)<11&&Math.abs(z+18)<11)continue;if(Math.abs(x+92)<14&&Math.abs(z+92)<13)continue;createTree(x,z,.75+Math.random()*.55,true);}"
for,20-world-build-cloud-houses.js,3112,"for(let i=0;i<48;i++){const x=-92+(Math.random()-.5)*68,z=-52+(Math.random()-.5)*84;if(Math.abs(x+68)<10&&Math.abs(z-52)<12)continue;if(Math.abs(x+68)<11&&Math.abs(z+18)<11)continue;if(Math.abs(x+92)<14&&Math.abs(z+92)<13)continue;createTree(x,z,.75+Math.random()*.55,true);}"
for,20-world-build-cloud-houses.js,3113,"for(let i=0;i<18;i++)createRock(-44+(Math.random()-.5)*60,-95+(Math.random()-.5)*54,.7+Math.random()*.6,true);"
for,20-world-build-cloud-houses.js,3114,"for(let i=0;i<80;i++)createFlower((Math.random()-.5)*190,(Math.random()-.5)*190,Math.random()>.5?0xff74c9:0xffdf55);"
for,20-world-build-cloud-houses.js,3127,"createFenceLine(-36,26,-14,26,9);createFenceLine(14,26,36,26,9);createFenceLine(-10,29,10,29,8);for(const p of [[-9,9],[9,9],[-33,8],[33,8],[-10,-7],[10,-7]])createLamp(p[0],p[1]);"
for,20-world-build-cloud-houses.js,3133,"createFenceLine(38,22,65,22,10);createFenceLine(65,22,65,43,8);for(let x=42;x<62;x+=4)for(let z=27;z<40;z+=4){box(2.8,.12,2.8,0x75451f,x,.06,z);box(.18,.55,.18,0x54c93e,x,.33,z);}"
for,20-world-build-cloud-houses.js,3148,"for(const p of [[12,1,-2],[-14,1,-8],[36,1,-15],[-45,1,18],[-63,1,-35],[78,1,15],[95,1,-20]])createCrystal(...p);"
for,20-world-build-cloud-houses.js,3156,"for(let i=0;i<34;i++){const a=i/34*Math.PI*2,r=118+Math.random()*10,x=Math.cos(a)*r,z=Math.sin(a)*r;box(12,12+Math.random()*16,12,0x6d7d8a,x,6,z);}"
if,20-world-build-cloud-houses.js,3160,const resource=world.resources.find(r=>r.id===id);if(!resource||resource.collected)return;
if,20-world-build-cloud-houses.js,3161,"const needed=resource.type==='wood'?'axe':'pickaxe';if(state.tools.equipped!==needed){toast(`Equipe ${needed==='axe'?'o machado':'a picareta'} em Ferramentas.`,'warn',1700);return;}"
if,20-world-build-cloud-houses.js,3163,"if(resource.hits<Number(resource.hitsNeeded||1)){toast(`${resource.type==='wood'?'Árvore':'Rocha'}: ${resource.hits}/${resource.hitsNeeded}`,'good',850);return;}"
if,20-world-build-cloud-houses.js,3170,"if(chest.opened){toast('Este baú já foi aberto.','warn');return;}"
if,20-world-build-cloud-houses.js,3173,"if(chest.secret)setFlag('secretChest');toast(chest.secret?'Baú secreto! +3 cristais e 100 moedas':'Baú aberto!','good',2200);evaluateMissions();saveState();"
if,20-world-build-cloud-houses.js,3179,const uid=window.OTTHOS_RTDB?.uid;if(!uid)return;
if,20-world-build-cloud-houses.js,3180,"for(const h of world.houses||[]){if(h.publicBuilding)continue;const cloud=cloudHouseRecord(h.id);if(cloud){state.houses[h.id]={...(state.houses[h.id]||{}),owned:cloud.ownerUid===uid,locked:!!cloud.locked,ownerUid:cloud.ownerUid,ownerName:cloud.ownerName||'Jogador',price:h.price};}}"
for,20-world-build-cloud-houses.js,3180,"for(const h of world.houses||[]){if(h.publicBuilding)continue;const cloud=cloudHouseRecord(h.id);if(cloud){state.houses[h.id]={...(state.houses[h.id]||{}),owned:cloud.ownerUid===uid,locked:!!cloud.locked,ownerUid:cloud.ownerUid,ownerName:cloud.ownerName||'Jogador',price:h.price};}}"
if,20-world-build-cloud-houses.js,3184,"if(!window.OTTHOS_RTDB?.connected?.()){toast('Conecte ao Firebase para comprar uma casa exclusiva.','warn',2600);return false;}"
if,20-world-build-cloud-houses.js,3186,"if(!result?.ok){toast(result?.ownerName?`Esta casa já pertence a ${result.ownerName}.`:'Não foi possível comprar a casa.','warn',2600);return false;}"
if,20-world-build-cloud-houses.js,3191,"if(house.publicBuilding){if(await confirmModal(house.name,'Deseja entrar?','Entrar','Cancelar'))enterHouse(house);return;}"
if,20-world-build-cloud-houses.js,3192,if(cloud&&!mine){
if,20-world-build-cloud-houses.js,3193,"if(cloud.locked){toast(`Casa trancada por ${cloud.ownerName||'outro jogador'}.`,'warn',2500);return;}"
if,20-world-build-cloud-houses.js,3194,"if(await confirmModal(house.name,`Casa de ${cloud.ownerName||'outro jogador'}. A porta está aberta. Deseja visitar?`,'Visitar','Cancelar'))enterHouse(house);return;"
if,20-world-build-cloud-houses.js,3196,if(!cloud&&!local.owned){
if,20-world-build-cloud-houses.js,3198,"$('[data-buy-house]',root).onclick=async()=>{if(state.profile.coins<house.price){toast('Moedas insuficientes.','warn');return;}const ok=await claimHouseOnline(house);if(!ok)return;addCoins(-house.price);setFlag('boughtHouse');awardMedal('Nova Propriedade');saveState(true);closeModal();handleHouseDoor(house);};"
if,20-world-build-cloud-houses.js,3202,"const owned=mine||local.owned;if(owned){const locked=cloud?!!cloud.locked:!!local.locked;openModal(house.name,`<p>Esta casa pertence a <b>${state.profile.name}</b>.</p><div class=""modal-actions""><button class=""btn primary"" data-enter>Entrar</button><button class=""btn"" data-lock>${locked?'Destrancar':'Trancar'}</button><button class=""btn"" data-cancel>Cancelar</button></div>`,root=>{"
if,20-world-build-cloud-houses.js,3203,"$('[data-enter]',root).onclick=()=>{closeModal();enterHouse(house);};$('[data-lock]',root).onclick=async()=>{const next=!locked,ok=await window.OTTHOS_RTDB?.setHouseLock?.(house.id,next);if(ok){state.houses[house.id]={...(state.houses[house.id]||{}),owned:true,locked:next};saveState(true);closeModal();toast(next?'Casa trancada.':'Casa destrancada.','good');}else toast('Não foi possível alterar a fechadura.','warn');};$('[data-cancel]',root).onclick=closeModal;"
else,20-world-build-cloud-houses.js,3203,"$('[data-enter]',root).onclick=()=>{closeModal();enterHouse(house);};$('[data-lock]',root).onclick=async()=>{const next=!locked,ok=await window.OTTHOS_RTDB?.setHouseLock?.(house.id,next);if(ok){state.houses[house.id]={...(state.houses[house.id]||{}),owned:true,locked:next};saveState(true);closeModal();toast(next?'Casa trancada.':'Casa destrancada.','good');}else toast('Não foi possível alterar a fechadura.','warn');};$('[data-cancel]',root).onclick=closeModal;"
if,20-world-build-cloud-houses.js,3209,"if(!house||!canEnterMobility(PLAYER_MODES.INTERIOR)){toast('Saia do transporte antes de entrar.','warn');return false;}"
if,20-world-build-cloud-houses.js,3212,if(house.exteriorGroup){house.exteriorGroup.visible=false;if(house.interiorGroup)house.interiorGroup.visible=true;for(const item of house.interiorObjects||[])if(item?.visible!==undefined)item.visible=true;}
for,20-world-build-cloud-houses.js,3212,if(house.exteriorGroup){house.exteriorGroup.visible=false;if(house.interiorGroup)house.interiorGroup.visible=true;for(const item of house.interiorObjects||[])if(item?.visible!==undefined)item.visible=true;}
else,20-world-build-cloud-houses.js,3213,else{house.roof.visible=false;house.front.visible=false;house.door.visible=false;}
for,20-world-build-cloud-houses.js,3214,for(const bus of world.buses)bus.group.visible=false;
for,20-world-build-cloud-houses.js,3215,for(const car of world.policeCars)car.group.visible=false;for(const truck of world.fireTrucks)truck.group.visible=false;for(const ambulance of world.ambulances)ambulance.group.visible=false;for(const fire of world.fires)fire.group.visible=false;
if,20-world-build-cloud-houses.js,3218,"if(house.id==='home')setFlag('enteredHome');toast(`Entrou: ${house.name}`,'good');updateContext(true);savePlayerPosition(true);return true;"
if,20-world-build-cloud-houses.js,3221,if(!currentHouse)return false;const h=currentHouse;
if,20-world-build-cloud-houses.js,3222,if(h.exteriorGroup){h.exteriorGroup.visible=true;if(h.interiorGroup)h.interiorGroup.visible=false;for(const item of h.interiorObjects||[])if(item?.visible!==undefined)item.visible=false;}
for,20-world-build-cloud-houses.js,3222,if(h.exteriorGroup){h.exteriorGroup.visible=true;if(h.interiorGroup)h.interiorGroup.visible=false;for(const item of h.interiorObjects||[])if(item?.visible!==undefined)item.visible=false;}
else,20-world-build-cloud-houses.js,3223,else{h.roof.visible=true;h.front.visible=true;h.door.visible=true;}
for,20-world-build-cloud-houses.js,3224,for(const bus of world.buses)bus.group.visible=true;
for,20-world-build-cloud-houses.js,3225,for(const car of world.policeCars)car.group.visible=true;for(const truck of world.fireTrucks)truck.group.visible=true;for(const ambulance of world.ambulances)ambulance.group.visible=true;for(const fire of world.fires)fire.group.visible=!!fire.active;
if,20-world-build-cloud-houses.js,3236,"$$('[data-store]',root).forEach(btn=>btn.onclick=()=>{const key=btn.dataset.store;if((state.inventory[key]||0)<=0){toast('Você não tem esse item.','warn');return;}state.inventory[key]--;state.homeStorage[key]=(state.homeStorage[key]||0)+1;saveState(true);openHomeChest();});"
if,20-world-build-cloud-houses.js,3237,"$$('[data-take]',root).forEach(btn=>btn.onclick=()=>{const key=btn.dataset.take;if((state.homeStorage[key]||0)<=0){toast('O baú não tem esse item.','warn');return;}state.homeStorage[key]--;state.inventory[key]=(state.inventory[key]||0)+1;saveState(true);openHomeChest();});"
if,21-interactions-shop-social-races.js,3242,if(type==='bed'){
if,21-interactions-shop-social-races.js,3244,}else if(type==='sofa'){
else,21-interactions-shop-social-races.js,3244,}else if(type==='sofa'){
if,21-interactions-shop-social-races.js,3246,}else if(type==='tv'){
else,21-interactions-shop-social-races.js,3246,}else if(type==='tv'){
if,21-interactions-shop-social-races.js,3248,}else if(type==='fridge'){
else,21-interactions-shop-social-races.js,3248,}else if(type==='fridge'){
if,21-interactions-shop-social-races.js,3250,"$('[data-eat]',root).onclick=()=>{if(state.inventory.food<=0){toast('A geladeira está vazia.','warn');return;}state.inventory.food--;state.needs.hunger=clamp(state.needs.hunger+32,0,100);setFlag('ateMeal');addXP(12);saveState();closeModal();toast('Lanche delicioso!','good');};$('[data-close]',root).onclick=closeModal;"
if,21-interactions-shop-social-races.js,3252,}else if(type==='stove'){
else,21-interactions-shop-social-races.js,3252,}else if(type==='stove'){
if,21-interactions-shop-social-races.js,3254,"$('[data-cook]',root).onclick=()=>{if(state.inventory.food<=0){toast('Você precisa comprar ou colher comida.','warn');return;}state.inventory.food--;state.stats.cooked++;trackDaily('cook',1);state.needs.hunger=100;state.needs.fun=clamp(state.needs.fun+8,0,100);setFlag('ateMeal');addXP(20);saveState();closeModal();toast('Refeição pronta!','good');};$('[data-close]',root).onclick=closeModal;"
if,21-interactions-shop-social-races.js,3256,}else if(type==='sink'){
else,21-interactions-shop-social-races.js,3256,}else if(type==='sink'){
if,21-interactions-shop-social-races.js,3257,"if(state.inventory.water>0)state.inventory.water--;state.needs.hunger=clamp(state.needs.hunger+5,0,100);state.needs.hygiene=clamp(state.needs.hygiene+8,0,100);toast('Bebeu água.','good');saveState();"
if,21-interactions-shop-social-races.js,3258,}else if(type==='shower'){
else,21-interactions-shop-social-races.js,3258,}else if(type==='shower'){
if,21-interactions-shop-social-races.js,3260,}else if(type==='chest')openHomeChest();
else,21-interactions-shop-social-races.js,3260,}else if(type==='chest')openHomeChest();
if,21-interactions-shop-social-races.js,3261,else if(type==='shop')openShop();
else,21-interactions-shop-social-races.js,3261,else if(type==='shop')openShop();
if,21-interactions-shop-social-races.js,3262,else if(type==='workshop')openWorkshop();
else,21-interactions-shop-social-races.js,3262,else if(type==='workshop')openWorkshop();
if,21-interactions-shop-social-races.js,3263,else if(type==='wardrobe')openAvatarStudio();
else,21-interactions-shop-social-races.js,3263,else if(type==='wardrobe')openAvatarStudio();
if,21-interactions-shop-social-races.js,3264,else if(type==='school'){if(state.career.activeJob?.id==='teacher')openTeacherJobLesson(house);else openEducationHub(String(state.learning.lastLesson||'math').split('-')[0]);}
else,21-interactions-shop-social-races.js,3264,else if(type==='school'){if(state.career.activeJob?.id==='teacher')openTeacherJobLesson(house);else openEducationHub(String(state.learning.lastLesson||'math').split('-')[0]);}
if,21-interactions-shop-social-races.js,3265,"else if(type==='police'){if(state.career.activeJob?.id==='police')toast('Patrulha ativa: siga os pontos marcados no GPS.','good',2200);else openSafetyLesson('station');}"
else,21-interactions-shop-social-races.js,3265,"else if(type==='police'){if(state.career.activeJob?.id==='police')toast('Patrulha ativa: siga os pontos marcados no GPS.','good',2200);else openSafetyLesson('station');}"
if,21-interactions-shop-social-races.js,3266,else if(type==='firestation')openFireStationDesk();
else,21-interactions-shop-social-races.js,3266,else if(type==='firestation')openFireStationDesk();
if,21-interactions-shop-social-races.js,3272,"$$('[data-buy]',root).forEach(btn=>btn.onclick=()=>{const [name,price,key,amount]=items[Number(btn.dataset.buy)];if(state.profile.coins<price){toast('Moedas insuficientes.','warn');return;}addCoins(-price);state.inventory[key]+=amount;addXP(5);saveState();closeModal();toast(`${name} comprado!`,'good');});"
if,21-interactions-shop-social-races.js,3278,"$('[data-sword]',root).onclick=()=>{if(inv.wood<2||inv.stone<2){toast('Faltam materiais.','warn');return;}inv.wood-=2;inv.stone-=2;state.flags.swordUpgrade=(state.flags.swordUpgrade||0)+1;addXP(35);saveState();closeModal();toast('Ferramenta de aventura melhorada!','good');};"
if,21-interactions-shop-social-races.js,3279,"$('[data-blocks]',root).onclick=()=>{if(inv.wood<1||inv.stone<1){toast('Faltam materiais.','warn');return;}inv.wood--;inv.stone--;inv.blocks+=3;inv.fences+=2;saveState();closeModal();toast('Kit de construção pronto!','good');};"
if,21-interactions-shop-social-races.js,3280,"$('[data-smelt]',root).onclick=()=>{if((inv.goldOre||0)<3){toast('Você precisa de 3 minérios de ouro.','warn');return;}inv.goldOre-=3;inv.goldBar=(inv.goldBar||0)+1;addCoins(60);addXP(35);saveState(true);closeModal();toast('Barra de ouro criada: +60 moedas.','good',2200);};"
if,21-interactions-shop-social-races.js,3287,if(npc.id==='nino')setFlag('talkedNeighbor');
if,21-interactions-shop-social-races.js,3288,"if(message)toast(message,'good');addXP(Math.max(2,amount*2));addReputation(Math.max(1,Math.floor(amount/2)));evaluateMissions();saveState();"
if,21-interactions-shop-social-races.js,3291,"if(npc.id==='maya'&&state.flags.deliveryActive&&player.vehicle&&distance2D(player,npc)<3.5){state.flags.deliveryActive=false;state.inventory.package=0;setFlag('deliveryDone');if(state.career.activeJob?.id==='delivery')completeActiveJob();else{addCoins(120);addReputation(30);}toast('Entrega concluída para Maya!','good',2400);}"
else,21-interactions-shop-social-races.js,3291,"if(npc.id==='maya'&&state.flags.deliveryActive&&player.vehicle&&distance2D(player,npc)<3.5){state.flags.deliveryActive=false;state.inventory.package=0;setFlag('deliveryDone');if(state.career.activeJob?.id==='delivery')completeActiveJob();else{addCoins(120);addReputation(30);}toast('Entrega concluída para Maya!','good',2400);}"
if,21-interactions-shop-social-races.js,3313,"if(action==='talk'){state.stats.talks++;trackDaily('talk',1);changeFriendship(npc,2,`${npc.name} gostou da conversa.`);closeModal();}"
if,21-interactions-shop-social-races.js,3314,"else if(action==='joke'){state.social.jokes++;state.needs.fun=clamp(state.needs.fun+12,0,100);changeFriendship(npc,3,`${npc.name} riu da piada!`);closeModal();}"
else,21-interactions-shop-social-races.js,3314,"else if(action==='joke'){state.social.jokes++;state.needs.fun=clamp(state.needs.fun+12,0,100);changeFriendship(npc,3,`${npc.name} riu da piada!`);closeModal();}"
if,21-interactions-shop-social-races.js,3315,else if(action==='gift'){
else,21-interactions-shop-social-races.js,3315,else if(action==='gift'){
if,21-interactions-shop-social-races.js,3316,"if(state.inventory.food>0){state.inventory.food--;state.social.gifts++;changeFriendship(npc,7,'Presente entregue!');closeModal();}"
if,21-interactions-shop-social-races.js,3317,"else if(state.inventory.crystals>0){state.inventory.crystals--;state.social.gifts++;changeFriendship(npc,10,'Cristal presenteado!');closeModal();}"
else,21-interactions-shop-social-races.js,3317,"else if(state.inventory.crystals>0){state.inventory.crystals--;state.social.gifts++;changeFriendship(npc,10,'Cristal presenteado!');closeModal();}"
else,21-interactions-shop-social-races.js,3318,"else toast('Você não tem comida nem cristal para presentear.','warn');"
if,21-interactions-shop-social-races.js,3319,} else if(action==='argue'){
else,21-interactions-shop-social-races.js,3319,} else if(action==='argue'){
if,21-interactions-shop-social-races.js,3321,"} else if(action==='race'){closeModal();startRace('sprint',npc);}"
else,21-interactions-shop-social-races.js,3321,"} else if(action==='race'){closeModal();startRace('sprint',npc);}"
if,21-interactions-shop-social-races.js,3322,"else if(action==='coinrace'){closeModal();startRace('coins',npc);}"
else,21-interactions-shop-social-races.js,3322,"else if(action==='coinrace'){closeModal();startRace('coins',npc);}"
if,21-interactions-shop-social-races.js,3323,else if(action==='house'){closeModal();openHouseChallenge(npc);}
else,21-interactions-shop-social-races.js,3323,else if(action==='house'){closeModal();openHouseChallenge(npc);}
if,21-interactions-shop-social-races.js,3324,else if(action==='job'){closeModal();openJobCenter(npc.id);}
else,21-interactions-shop-social-races.js,3324,else if(action==='job'){closeModal();openJobCenter(npc.id);}
if,21-interactions-shop-social-races.js,3325,else if(action==='invite'){
else,21-interactions-shop-social-races.js,3325,else if(action==='invite'){
if,21-interactions-shop-social-races.js,3326,"if((state.friendship[npc.id]||0)<10){toast('A amizade precisa chegar a 10.','warn');return;}"
if,21-interactions-shop-social-races.js,3327,"if(!state.social.invited.includes(npc.id))state.social.invited.push(npc.id);changeFriendship(npc,2,`${npc.name} aceitou visitar sua casa!`);closeModal();"
if,21-interactions-shop-social-races.js,3328,"}else if(action==='wave'){triggerEmote('wave',npc);changeFriendship(npc,1);closeModal();}"
else,21-interactions-shop-social-races.js,3328,"}else if(action==='wave'){triggerEmote('wave',npc);changeFriendship(npc,1);closeModal();}"
if,21-interactions-shop-social-races.js,3329,"else if(action==='dance'){triggerEmote('dance',npc);state.needs.fun=clamp(state.needs.fun+10,0,100);changeFriendship(npc,2);closeModal();}"
else,21-interactions-shop-social-races.js,3329,"else if(action==='dance'){triggerEmote('dance',npc);state.needs.fun=clamp(state.needs.fun+10,0,100);changeFriendship(npc,2);closeModal();}"
if,21-interactions-shop-social-races.js,3330,"else if(action==='play'){triggerEmote('play',npc);state.needs.fun=clamp(state.needs.fun+14,0,100);changeFriendship(npc,3,`${npc.name} adorou brincar!`);closeModal();}"
else,21-interactions-shop-social-races.js,3330,"else if(action==='play'){triggerEmote('play',npc);state.needs.fun=clamp(state.needs.fun+14,0,100);changeFriendship(npc,3,`${npc.name} adorou brincar!`);closeModal();}"
if,21-interactions-shop-social-races.js,3331,"else if(action==='selfie'){triggerEmote('selfie',npc);state.flags.selfies=(state.flags.selfies||0)+1;changeFriendship(npc,2);closeModal();}"
else,21-interactions-shop-social-races.js,3331,"else if(action==='selfie'){triggerEmote('selfie',npc);state.flags.selfies=(state.flags.selfies||0)+1;changeFriendship(npc,2);closeModal();}"
if,21-interactions-shop-social-races.js,3332,"else if(action==='follow'){const stopping=!!npc.following;npc.following=!stopping;if(stopping){npc.pendingRide=false;npc.passengerMode=null;if(npc.group)npc.group.visible=true;}toast(stopping?`${npc.name} parou de acompanhar você.`:`${npc.name} vai acompanhar você.`,'good');closeModal();}"
else,21-interactions-shop-social-races.js,3332,"else if(action==='follow'){const stopping=!!npc.following;npc.following=!stopping;if(stopping){npc.pendingRide=false;npc.passengerMode=null;if(npc.group)npc.group.visible=true;}toast(stopping?`${npc.name} parou de acompanhar você.`:`${npc.name} vai acompanhar você.`,'good');closeModal();}"
if,21-interactions-shop-social-races.js,3333,"else if(action==='ride'){if(npc.pendingRide||npc.passengerMode){npc.pendingRide=false;npc.following=false;npc.passengerMode=null;if(npc.group)npc.group.visible=true;toast(`Passeio com ${npc.name} cancelado.`,'good');}else{npc.pendingRide=true;npc.following=true;toast(`${npc.name} vai entrar no próximo carro ou barco com você.`,'good',2400);}closeModal();}"
else,21-interactions-shop-social-races.js,3333,"else if(action==='ride'){if(npc.pendingRide||npc.passengerMode){npc.pendingRide=false;npc.following=false;npc.passengerMode=null;if(npc.group)npc.group.visible=true;toast(`Passeio com ${npc.name} cancelado.`,'good');}else{npc.pendingRide=true;npc.following=true;toast(`${npc.name} vai entrar no próximo carro ou barco com você.`,'good',2400);}closeModal();}"
if,21-interactions-shop-social-races.js,3340,"if(!options.length){toast('Você já conquistou todas as casas disponíveis.','good');return;}"
if,21-interactions-shop-social-races.js,3355,if(activeRace?.opponent)worldGroup.remove(activeRace.opponent);
for,21-interactions-shop-social-races.js,3356,for(const coin of world.raceCoins)worldGroup.remove(coin.mesh);
for,21-interactions-shop-social-races.js,3361,for(let i=0;i<12;i++){
if,21-interactions-shop-social-races.js,3366,"if(activeRace){toast('Termine o desafio atual.','warn');return;}"
if,21-interactions-shop-social-races.js,3367,if(currentHouse)exitHouse();
if,21-interactions-shop-social-races.js,3368,"const gym=world.gym;if(!gym){toast('Ginásio ainda não carregou.','warn');return;}"
if,21-interactions-shop-social-races.js,3372,if(type==='coins')spawnRaceCoins();
if,21-interactions-shop-social-races.js,3377,"if(!activeRace)return;const race=activeRace;state.stats.races++;trackDaily('race',1);clearRaceObjects();activeRace=null;els.raceBadge.hidden=true;"
if,21-interactions-shop-social-races.js,3378,if(won){
if,21-interactions-shop-social-races.js,3379,state.races.wins++;if(race.type==='coins')state.races.coinWins++;
if,21-interactions-shop-social-races.js,3381,"if(race.housePrize){const old=state.houses[race.housePrize]||{};state.houses[race.housePrize]={...old,owned:true,locked:false};state.races.houseWins++;setFlag('wonHouseChallenge');setFlag('boughtHouse');awardMedal('Casa Conquistada');}"
else,21-interactions-shop-social-races.js,3383,"}else{state.races.losses++;toast(`${race.npcName} venceu. Tente novamente!`,'warn',2400);}"
if,21-interactions-shop-social-races.js,3387,"if(!activeRace)return;const race=activeRace,gym=world.gym,now=performance.now();"
if,21-interactions-shop-social-races.js,3388,"if(now<race.startAt){els.raceStatus.textContent=`${Math.max(1,Math.ceil((race.startAt-now)/1000))}...`;return;}"
if,21-interactions-shop-social-races.js,3389,"if(!race.started){race.started=true;race.startedAt=now;els.raceStatus.textContent='VALENDO!';beep(880,100);}"
if,21-interactions-shop-social-races.js,3391,if(race.type==='sprint'){
if,21-interactions-shop-social-races.js,3394,if(player.x>=gym.finishX)finishRace(true);else if(race.opponentX>=gym.finishX||race.timeLeft<=0)finishRace(false);
else,21-interactions-shop-social-races.js,3394,if(player.x>=gym.finishX)finishRace(true);else if(race.opponentX>=gym.finishX||race.timeLeft<=0)finishRace(false);
else,21-interactions-shop-social-races.js,3395,}else{
if,21-interactions-shop-social-races.js,3397,if(elapsed-race.lastOpponentCoin>3.2){race.lastOpponentCoin=elapsed;race.opponentScore++;}
if,21-interactions-shop-social-races.js,3398,"for(const coin of world.raceCoins){if(coin.got)continue;coin.mesh.rotation.y+=dt*5;if(Math.hypot(player.x-coin.x,player.z-coin.z)<1.25){coin.got=true;coin.mesh.visible=false;race.playerScore++;beep(920,45);}}"
for,21-interactions-shop-social-races.js,3398,"for(const coin of world.raceCoins){if(coin.got)continue;coin.mesh.rotation.y+=dt*5;if(Math.hypot(player.x-coin.x,player.z-coin.z)<1.25){coin.got=true;coin.mesh.visible=false;race.playerScore++;beep(920,45);}}"
if,21-interactions-shop-social-races.js,3400,if(race.playerScore>=8)finishRace(true);else if(race.opponentScore>=8)finishRace(false);else if(race.timeLeft<=0)finishRace(race.playerScore>race.opponentScore);
else,21-interactions-shop-social-races.js,3400,if(race.playerScore>=8)finishRace(true);else if(race.opponentScore>=8)finishRace(false);else if(race.timeLeft<=0)finishRace(race.playerScore>race.opponentScore);
if,22-careers-jobs-uniforms.js,3416,"function setMissionState(job,next,reason=''){if(!job)return false;const changed=job.missionState!==next||job.missionReason!==reason;if(!changed)return false;job.missionState=next;job.missionStateAt=Date.now();job.missionReason=reason;return true;}"
if,22-careers-jobs-uniforms.js,3419,if(job&&job.id===jobId){job.uniform=uniform;job.uniformLocked=true;}
if,22-careers-jobs-uniforms.js,3423,"const job=state.career.activeJob;if(!job){toast('Nenhum trabalho ativo.','warn');return false;}"
if,22-careers-jobs-uniforms.js,3424,if(currentHouse&&!(job.id==='teacher'&&currentHouse.id.startsWith('school')))exitHouse();
if,22-careers-jobs-uniforms.js,3425,if(job.id==='delivery')setWaypoint('garage');
if,22-careers-jobs-uniforms.js,3426,else if(job.id==='police'){const id=(job.route||[])[Number(job.progress||0)]||'police';setWaypoint(id);}
else,22-careers-jobs-uniforms.js,3426,else if(job.id==='police'){const id=(job.route||[])[Number(job.progress||0)]||'police';setWaypoint(id);}
if,22-careers-jobs-uniforms.js,3427,"else if(job.id==='firefighter'){const fire=ensureActiveFire(true);if(fire){state.waypoint={id:`fire-${fire.id}`,name:fire.name,x:fire.x,z:fire.z,navX:fire.navX,navZ:fire.navZ,arrived:false};world.routePath=buildRoutePoints(player,state.waypoint);updateWaypointMarker();updateNavigation(0,true);}}"
else,22-careers-jobs-uniforms.js,3427,"else if(job.id==='firefighter'){const fire=ensureActiveFire(true);if(fire){state.waypoint={id:`fire-${fire.id}`,name:fire.name,x:fire.x,z:fire.z,navX:fire.navX,navZ:fire.navZ,arrived:false};world.routePath=buildRoutePoints(player,state.waypoint);updateWaypointMarker();updateNavigation(0,true);}}"
if,22-careers-jobs-uniforms.js,3428,else if(job.id==='teacher')setWaypoint(job.schoolId||'school');
else,22-careers-jobs-uniforms.js,3428,else if(job.id==='teacher')setWaypoint(job.schoolId||'school');
if,22-careers-jobs-uniforms.js,3429,else if(job.id==='gather')setWaypoint('forest');
else,22-careers-jobs-uniforms.js,3429,else if(job.id==='gather')setWaypoint('forest');
if,22-careers-jobs-uniforms.js,3430,else if(job.id==='crystals')setWaypoint('crystal');
else,22-careers-jobs-uniforms.js,3430,else if(job.id==='crystals')setWaypoint('crystal');
if,22-careers-jobs-uniforms.js,3431,else if(job.id==='builder')setWaypoint('home-extension');
else,22-careers-jobs-uniforms.js,3431,else if(job.id==='builder')setWaypoint('home-extension');
if,22-careers-jobs-uniforms.js,3435,const job=state.career.activeJob;if(!job||job.missionState===MISSION_STATES.COMPLETING)return false;
if,22-careers-jobs-uniforms.js,3436,"const ok=await confirmModal('Cancelar trabalho',`Deseja encerrar ""${job.title}""? Suas moedas, itens e conquistas continuam salvos.`,'Cancelar trabalho','Continuar missão');if(!ok)return false;"
if,22-careers-jobs-uniforms.js,3438,if(job.id==='delivery'){state.flags.deliveryActive=false;state.inventory.package=Number(job.previousPackage||0);}
if,22-careers-jobs-uniforms.js,3443,"if(!job)return{percent:0,label:'0%'};"
if,22-careers-jobs-uniforms.js,3445,"if(job.id==='delivery')return{percent:state.flags.deliveryDone?100:(player.vehicle?55:25),label:state.flags.deliveryDone?'concluído':player.vehicle?'Leve o pacote até Maya':'Pegue o carrinho'};"
if,22-careers-jobs-uniforms.js,3446,"if(job.id==='police'){const done=Number(job.progress||0),total=(job.route||[]).length||3;return{percent:clamp(done/total*100,0,100),label:`${done}/${total} pontos patrulhados`};}"
if,22-careers-jobs-uniforms.js,3447,"if(job.id==='firefighter'){const fire=world.fires.find(f=>f.active);return{percent:job.completed?100:(fire?.playerHelping?70:fire?35:15),label:job.completed?'emergência concluída':fire?.playerHelping?'Ajudando com a mangueira':fire?'Siga até a ocorrência':'Aguardando chamado'};}"
if,22-careers-jobs-uniforms.js,3448,"if(job.id==='teacher')return{percent:job.completed?100:(currentHouse?.id?.startsWith('school')?55:20),label:job.completed?'aula concluída':'Vá até uma escola e use o quadro'};"
if,22-careers-jobs-uniforms.js,3449,"if(job.id==='gather'){const w=Math.max(0,state.inventory.wood-(start.wood||0)),r=Math.max(0,state.inventory.stone-(start.stone||0));return{percent:clamp((w/3+r/2)*50,0,100),label:`${Math.min(w,3)}/3 madeiras • ${Math.min(r,2)}/2 pedras`};}"
if,22-careers-jobs-uniforms.js,3450,"if(job.id==='crystals'){const n=Math.max(0,state.inventory.crystals-(start.crystals||0));return{percent:clamp(n/3*100,0,100),label:`${Math.min(n,3)}/3 cristais`};}"
if,22-careers-jobs-uniforms.js,3451,"if(job.id==='builder'){const n=Math.max(0,state.builds.length-(start.builds||0));return{percent:clamp(n/2*100,0,100),label:`${Math.min(n,2)}/2 construções`};}"
if,22-careers-jobs-uniforms.js,3464,"if(!job||state.career.activeJob){toast('Cancele ou conclua o trabalho atual antes de trocar.','warn');return false;}"
if,22-careers-jobs-uniforms.js,3468,"if(job.id==='delivery'){state.flags.deliveryActive=true;state.flags.deliveryDone=false;state.inventory.package=Math.max(1,Number(state.inventory.package||0));}"
if,22-careers-jobs-uniforms.js,3469,"else if(job.id==='police'){state.career.activeJob.route=['village','school','fire-station'];state.career.activeJob.progress=0;}"
else,22-careers-jobs-uniforms.js,3469,"else if(job.id==='police'){state.career.activeJob.route=['village','school','fire-station'];state.career.activeJob.progress=0;}"
if,22-careers-jobs-uniforms.js,3470,else if(job.id==='firefighter')ensureActiveFire(true);
else,22-careers-jobs-uniforms.js,3470,else if(job.id==='firefighter')ensureActiveFire(true);
if,22-careers-jobs-uniforms.js,3471,if(currentHouse&&!(job.id==='teacher'&&currentHouse.id.startsWith('school')))exitHouse();
if,22-careers-jobs-uniforms.js,3472,"setMissionState(state.career.activeJob,MISSION_STATES.TRAVELLING,'route-created');saveState(true);updateMissionHUD();if(options.focus!==false)focusActiveJob();return true;"
if,22-careers-jobs-uniforms.js,3475,const job=state.career.activeJob;if(!job||job.missionState===MISSION_STATES.COMPLETING||job.missionState===MISSION_STATES.COMPLETED)return false;
if,22-careers-jobs-uniforms.js,3477,"if(job.rewardClaimed||tokens.includes(token)){console.warn('[OTTHOS] Recompensa duplicada bloqueada:',token);return false;}"
if,22-careers-jobs-uniforms.js,3478,"setMissionState(job,MISSION_STATES.COMPLETING,'objective-complete');job.rewardClaimed=true;tokens.push(token);if(tokens.length>120)tokens.splice(0,tokens.length-120);"
if,22-careers-jobs-uniforms.js,3480,if(job.id==='delivery'){state.flags.deliveryActive=false;state.inventory.package=Number(job.previousPackage||0);state.flags.deliveryDone=true;state.flags.completedDeliveryJob=true;state.cityServices.deliveries++;}
if,22-careers-jobs-uniforms.js,3481,if(job.id==='police'){state.flags.completedPoliceJob=true;state.cityServices.policePatrols++;state.stats.patrols++;}
if,22-careers-jobs-uniforms.js,3482,if(job.id==='firefighter'){state.flags.completedFirefighterJob=true;state.cityServices.rescuesCompleted=(state.cityServices.rescuesCompleted||0)+1;}
if,22-careers-jobs-uniforms.js,3483,if(job.id==='teacher'){state.flags.completedTeacherJob=true;state.cityServices.lessonsTaught++;state.stats.classesTaught++;}
if,22-careers-jobs-uniforms.js,3485,"job.uniformLocked=false;state.avatar.uniform=job.previousUniform||'none';setMissionState(job,MISSION_STATES.COMPLETED,'reward-committed');job.completedAt=Date.now();state.career.lastMission={...job};state.objectives.history.push({id:token,type:'job',jobId:job.id,title:job.title,completedAt:job.completedAt,reward:Number(job.reward||0),rep:Number(job.rep||0)});if(state.objectives.history.length>80)state.objectives.history.splice(0,state.objectives.history.length-80);"
if,22-careers-jobs-uniforms.js,3489,const job=state.career.activeJob;if(!job)return;
if,22-careers-jobs-uniforms.js,3491,if(job.id==='gather'&&state.inventory.wood-(start.wood||0)>=3&&state.inventory.stone-(start.stone||0)>=2)completeActiveJob();
if,22-careers-jobs-uniforms.js,3492,else if(job.id==='crystals'&&state.inventory.crystals-(start.crystals||0)>=3)completeActiveJob();
else,22-careers-jobs-uniforms.js,3492,else if(job.id==='crystals'&&state.inventory.crystals-(start.crystals||0)>=3)completeActiveJob();
if,22-careers-jobs-uniforms.js,3493,else if(job.id==='builder'&&state.builds.length-(start.builds||0)>=2)completeActiveJob();
else,22-careers-jobs-uniforms.js,3493,else if(job.id==='builder'&&state.builds.length-(start.builds||0)>=2)completeActiveJob();
if,22-careers-jobs-uniforms.js,3497,"const job=state.career?.activeJob;if(!job)return;job.uniform=JOB_UNIFORMS[job.id]||job.uniform||'none';job.uniformLocked=true;if(job.id==='delivery'){state.flags.deliveryActive=true;state.inventory.package=Math.max(1,Number(state.inventory.package||0));}if(job.id==='firefighter')ensureActiveFire(true);applyAvatarCustomization();updateMissionHUD();"
if,22-careers-jobs-uniforms.js,3500,const job=state.career.activeJob;if(!job)return;const now=performance.now();if(now-Number(updateCareerMissions.lastAt||0)<180)return;updateCareerMissions.lastAt=now;
if,22-careers-jobs-uniforms.js,3502,if(job.id==='police'){
if,22-careers-jobs-uniforms.js,3503,"const route=job.route||[],targetId=route[Number(job.progress||0)],loc=MAP_LOCATIONS.find(x=>x.id===targetId);if(loc){const distance=Math.hypot(player.x-(loc.navX??loc.x),player.z-(loc.navZ??loc.z));setMissionState(job,distance<5?MISSION_STATES.ACTION_REQUIRED:MISSION_STATES.TRAVELLING,distance<5?'checkpoint':'route');if(distance<5&&!job.lastCheckpointAt){job.lastCheckpointAt=Date.now();job.progress=(job.progress||0)+1;toast(`Patrulha: ${loc.name} verificado com segurança.`,'good',1900);beep(720,"
else,22-careers-jobs-uniforms.js,3503,"const route=job.route||[],targetId=route[Number(job.progress||0)],loc=MAP_LOCATIONS.find(x=>x.id===targetId);if(loc){const distance=Math.hypot(player.x-(loc.navX??loc.x),player.z-(loc.navZ??loc.z));setMissionState(job,distance<5?MISSION_STATES.ACTION_REQUIRED:MISSION_STATES.TRAVELLING,distance<5?'checkpoint':'route');if(distance<5&&!job.lastCheckpointAt){job.lastCheckpointAt=Date.now();job.progress=(job.progress||0)+1;toast(`Patrulha: ${loc.name} verificado com segurança.`,'good',1900);beep(720,"
if,22-careers-jobs-uniforms.js,3504,"}else if(job.id==='delivery'){const d=Math.hypot(player.x-65,player.z-54);setMissionState(job,d<5?MISSION_STATES.ACTION_REQUIRED:player.vehicle?MISSION_STATES.TRAVELLING:MISSION_STATES.PREPARING,d<5?'deliver-to-maya':player.vehicle?'driving':'need-vehicle');}"
else,22-careers-jobs-uniforms.js,3504,"}else if(job.id==='delivery'){const d=Math.hypot(player.x-65,player.z-54);setMissionState(job,d<5?MISSION_STATES.ACTION_REQUIRED:player.vehicle?MISSION_STATES.TRAVELLING:MISSION_STATES.PREPARING,d<5?'deliver-to-maya':player.vehicle?'driving':'need-vehicle');}"
if,22-careers-jobs-uniforms.js,3505,"else if(job.id==='teacher'){const atSchool=!!currentHouse?.id?.startsWith('school');setMissionState(job,atSchool?MISSION_STATES.ACTION_REQUIRED:MISSION_STATES.TRAVELLING,atSchool?'teach':'go-school');}"
else,22-careers-jobs-uniforms.js,3505,"else if(job.id==='teacher'){const atSchool=!!currentHouse?.id?.startsWith('school');setMissionState(job,atSchool?MISSION_STATES.ACTION_REQUIRED:MISSION_STATES.TRAVELLING,atSchool?'teach':'go-school');}"
if,22-careers-jobs-uniforms.js,3506,"else if(job.id==='firefighter'){const fire=world.fires.find(f=>f.active);setMissionState(job,fire&&Math.hypot(player.x-fire.x,player.z-fire.z)<5?MISSION_STATES.ACTION_REQUIRED:MISSION_STATES.TRAVELLING,fire?'respond':'await-call');}"
else,22-careers-jobs-uniforms.js,3506,"else if(job.id==='firefighter'){const fire=world.fires.find(f=>f.active);setMissionState(job,fire&&Math.hypot(player.x-fire.x,player.z-fire.z)<5?MISSION_STATES.ACTION_REQUIRED:MISSION_STATES.TRAVELLING,fire?'respond':'await-call');}"
else,22-careers-jobs-uniforms.js,3507,"else setMissionState(job,MISSION_STATES.ACTION_REQUIRED,'collect-or-build');"
if,22-careers-jobs-uniforms.js,3508,checkActiveJob();signature=`${job.id}|${job.missionState}|${activeJobProgress(job).label}`;if(signature!==updateCareerMissions.signature){updateCareerMissions.signature=signature;updateMissionHUD();}
if,22-careers-jobs-uniforms.js,3512,"openModal('Missão de professor',`<div class=""teacher-mission""><span>🧑‍🏫</span><h3>Conduza uma atividade segura</h3><p>${q[0]}</p><div class=""choice-grid"">${q[1].map((answer,i)=>`<button class=""choice"" data-teacher-answer=""${i}""><b>${answer}</b></button>`).join('')}</div></div>`,root=>{$$('[data-teacher-answer]',root).forEach(btn=>btn.onclick=()=>{if(Number(btn.dataset.teacherAnswer)!==q[2]){toast('Vamos pensar de novo com calma.','warn',1400);return;}state.career.activeJob.completed=true;closeMo"
if,22-careers-jobs-uniforms.js,3517,"const startBtn=$('[data-fire-job]',root);if(startBtn)startBtn.onclick=()=>{if(state.career.activeJob){toast('Escolha “Trocar de trabalho” no painel de empregos.','warn');return;}startJob(JOBS.find(j=>j.id==='firefighter'));};"
if,22-careers-jobs-uniforms.js,3518,"const cont=$('[data-fire-continue]',root);if(cont)cont.onclick=()=>{closeModal();focusActiveJob();};"
if,22-careers-jobs-uniforms.js,3519,"const cancel=$('[data-fire-cancel]',root);if(cancel)cancel.onclick=async()=>{closeModal();await cancelActiveJob();};"
if,22-careers-jobs-uniforms.js,3520,"$('[data-fire-call]',root).onclick=()=>{const current=ensureActiveFire(false);if(!current){toast('Nenhum chamado ativo agora.','good');return;}state.waypoint={id:`fire-${current.id}`,name:current.name,x:current.x,z:current.z,navX:current.navX,navZ:current.navZ};world.routePath=buildRoutePoints(player,state.waypoint);updateWaypointMarker();closeModal();if(currentHouse)exitHouse();toast(`Chamado marcado: ${current.name}`,'good');};"
if,22-careers-jobs-uniforms.js,3527,"if(state.flags.deliveryActive){toast('Você já está fazendo uma entrega.','warn');return;}state.flags.deliveryActive=true;state.inventory.package=1;toast('Pacote recebido. Leve até Maya!','good',2200);saveState();"
if,23-vehicle-effects-driving.js,3532,if(fxParticles.length>=FX_MAX_PARTICLES){const oldest=fxParticles.shift();worldGroup.remove(oldest.mesh);oldest.mesh.geometry.dispose();oldest.mesh.material.dispose();}
for,23-vehicle-effects-driving.js,3538,for(let i=fxParticles.length-1;i>=0;i--){
if,23-vehicle-effects-driving.js,3543,"if(p.life<=0){worldGroup.remove(p.mesh);p.mesh.geometry.dispose();p.mesh.material.dispose();fxParticles.splice(i,1);}"
if,23-vehicle-effects-driving.js,3548,if(!state.settings.sound||engineAudio)return;
if,23-vehicle-effects-driving.js,3550,const Ctx=window.AudioContext||window.webkitAudioContext;if(!Ctx)return;
catch,23-vehicle-effects-driving.js,3556,}catch(_){}
if,23-vehicle-effects-driving.js,3559,if(!engineAudio)return;
catch,23-vehicle-effects-driving.js,3560,"try{engineAudio.gain.gain.linearRampToValueAtTime(0,engineAudio.ctx.currentTime+.12);engineAudio.osc.stop(engineAudio.ctx.currentTime+.16);}catch(_){}"
if,23-vehicle-effects-driving.js,3564,if(!player.vehicle){if(engineAudio)stopEngineSound();return;}
if,23-vehicle-effects-driving.js,3565,if(player.car.passengerOf){if(engineAudio)stopEngineSound();if(els.vehicleBadge)els.vehicleBadge.textContent='🚗 Passageiro — AÇÃO para sair';return;}
if,23-vehicle-effects-driving.js,3574,if(car.drift>.4&&Math.abs(car.speed)>3){
if,23-vehicle-effects-driving.js,3576,"if(updateVehicleFX.acc>.045){updateVehicleFX.acc=0;spawnDust(player.x-Math.sin(car.heading)*1.05,player.z-Math.cos(car.heading)*1.05);}"
if,23-vehicle-effects-driving.js,3577,"driftSoundCooldown-=dt;if(driftSoundCooldown<=0){driftSoundCooldown=.5;beep(180,55,'sawtooth');}"
if,23-vehicle-effects-driving.js,3579,if(els.vehicleBadge)els.vehicleBadge.textContent=`🚗 ${Math.round(Math.abs(car.speed)*6)} km/h${sprintRequested()?' • TURBO':''} — AÇÃO para sair`;
if,23-vehicle-effects-driving.js,3580,if(!state.settings.sound&&engineAudio)stopEngineSound();
if,23-vehicle-effects-driving.js,3581,else if(state.settings.sound&&!engineAudio)startEngineSound();
else,23-vehicle-effects-driving.js,3581,else if(state.settings.sound&&!engineAudio)startEngineSound();
if,23-vehicle-effects-driving.js,3582,else if(state.settings.sound&&engineAudio){
else,23-vehicle-effects-driving.js,3582,else if(state.settings.sound&&engineAudio){
catch,23-vehicle-effects-driving.js,3584,"try{engineAudio.osc.frequency.setTargetAtTime(freq,engineAudio.ctx.currentTime,.05);}catch(_){}"
if,23-vehicle-effects-driving.js,3592,if(mobility){if(runIcon)runIcon.textContent='▲';if(runLabel)runLabel.textContent='Acelerar';if(jumpIcon)jumpIcon.textContent=speed>.04?'■':'▼';if(jumpLabel)jumpLabel.textContent=speed>.04?'Freio':'Ré';if(actionIcon)actionIcon.textContent=isBoat?'🛶':'🚗';if(actionLabel)actionLabel.textContent='Sair';}
if,23-vehicle-effects-driving.js,3593,else{if(runIcon)runIcon.textContent='🏃';if(runLabel)runLabel.textContent='Correr';if(jumpIcon)jumpIcon.textContent='⬆';if(jumpLabel)jumpLabel.textContent='Pular';}
else,23-vehicle-effects-driving.js,3593,else{if(runIcon)runIcon.textContent='🏃';if(runLabel)runLabel.textContent='Correr';if(jumpIcon)jumpIcon.textContent='⬆';if(jumpLabel)jumpLabel.textContent='Pular';}
if,23-vehicle-effects-driving.js,3595,"if(els.runBtn)els.runBtn.setAttribute('aria-label',mobility?`Acelerar ${isBoat?'barco':'veículo'}`:'Correr');if(els.jumpBtn)els.jumpBtn.setAttribute('aria-label',mobility?(speed>.04?'Frear':'Engatar ré'):'Pular');"
if,23-vehicle-effects-driving.js,3603,"if(specialIcon)specialIcon.textContent=mobility?'📣':'🔥';if(specialLabel)specialLabel.textContent=mobility?'Buzina':'Poder';if(els.specialBtn)els.specialBtn.setAttribute('aria-label',mobility?`Buzina do ${player.boating?'barco':'carro'}`:`Poder de ${playerDisplayName()}`);updateMobilityControlLabels();"
if,23-vehicle-effects-driving.js,3606,"if(!mobilityDriverActive()||paused||!els.modal.hidden)return;const t=performance.now();if(t<player.hornUntil)return;player.hornUntil=t+360;const boat=player.boating;beep(boat?330:410,boat?125:95,boat?'sine':'square');setTimeout(()=>{if(mobilityDriverActive())beep(boat?390:520,boat?100:70,boat?'sine':'square');},105);vibrate(18);if(!boat&&vehicleVisual){vehicleVisual.scale.set(1.015,.99,1.015);setTimeout(()=>vehicleVisual?.scale?.set(1,1,1),120);}"
if,23-vehicle-effects-driving.js,3609,if(player.vehicle||player.boating||player.transit.mode||!vehicle||vehicle.occupied||!canEnterMobility(PLAYER_MODES.VEHICLE_DRIVER))return false;
if,23-vehicle-effects-driving.js,3612,"player.scaleMode='normal';player.crouched=false;syncPlayerRootScale();updateAbilityUI();if(playerModel)playerModel.visible=false;if(avatarLayer)avatarLayer.visible=false;applyVehicleAppearance(vehicle);vehicleVisual.visible=true;vehicleVisual.scale.set(1,1,1);vehicleVisual.rotation.set(0,0,0);vehicle.group.visible=false;els.vehicleBadge.hidden=false;updateVehicleControlsUI();updateRunUI();setFlag('gotVehicle');state.vehicles.lastUsedId=vehicle.id;"
if,23-vehicle-effects-driving.js,3613,"if(state.career.activeJob?.id==='delivery'){setMissionState(state.career.activeJob,MISSION_STATES.TRAVELLING,'vehicle-boarded');state.waypoint={id:'delivery-maya',name:'Entregar para Maya',x:65,z:54,navX:55,navZ:48,arrived:false};world.routePath=buildRoutePoints(player,state.waypoint);updateWaypointMarker();}"
if,23-vehicle-effects-driving.js,3614,"const companion=nearestRideCompanion();if(companion)boardNpcPassenger(companion,'car');toast(`${vehicle.label} ligado! Use o manche para dirigir.`,'good');startEngineSound();saveState(true);return true;"
if,23-vehicle-effects-driving.js,3618,"if(!ghost||!target?.vehicle||target.vehicleRole==='passenger'){toast('O motorista ou o carro não está mais disponível.','warn');return false;}"
if,23-vehicle-effects-driving.js,3619,"if(player.vehicle){toast('Você já está em um veículo.','warn');return false;}"
if,23-vehicle-effects-driving.js,3620,if(player.boating)exitBoat(true);
if,23-vehicle-effects-driving.js,3621,if(player.transit.mode||!canEnterMobility(PLAYER_MODES.VEHICLE_PASSENGER))return false;
if,23-vehicle-effects-driving.js,3623,"if(playerModel)playerModel.visible=false;if(avatarLayer)avatarLayer.visible=false;vehicleVisual.visible=false;els.vehicleBadge.hidden=false;updateVehicleControlsUI();updateRunUI();updateAbilityUI();auditPlayerMode('board-remote-car');toast('Você entrou como passageiro. O motorista controla o carro.','good',2500);saveState(true);return true;"
if,23-vehicle-effects-driving.js,3626,if(!player.vehicle)return false;
if,23-vehicle-effects-driving.js,3628,"if(passengerHost)window.OTTHOS_RTDB?.sendInteraction?.(passengerHost,{type:'vehiclePassengerLeft'});else if(hostedPassenger)window.OTTHOS_RTDB?.sendInteraction?.(hostedPassenger,{type:'vehicleEnded'});"
else,23-vehicle-effects-driving.js,3628,"if(passengerHost)window.OTTHOS_RTDB?.sendInteraction?.(passengerHost,{type:'vehiclePassengerLeft'});else if(hostedPassenger)window.OTTHOS_RTDB?.sendInteraction?.(hostedPassenger,{type:'vehicleEnded'});"
if,23-vehicle-effects-driving.js,3630,"const prior=player.preVehicleAbilities||state.abilities||{scaleMode:'normal',crouched:false};player.scaleMode=['mini','normal','giant'].includes(prior.scaleMode)?prior.scaleMode:'normal';player.crouched=!!prior.crouched;player.preVehicleAbilities=null;syncPlayerRootScale();if(playerModel)playerModel.visible=true;if(avatarLayer)avatarLayer.visible=true;vehicleVisual.visible=false;vehicleVisual.rotation.set(0,0,0);els.vehicleBadge.hidden=true;updateVehicleControlsUI();updateRunUI();updateAbilityUI"
if,23-vehicle-effects-driving.js,3631,"if(drivenVehicle&&!wasPassenger){drivenVehicle.occupied=false;drivenVehicle.group.visible=true;drivenVehicle.group.position.set(parkX,groundHeightAt(parkX,parkZ),parkZ);drivenVehicle.group.rotation.y=parkHeading;drivenVehicle.x=parkX;drivenVehicle.z=parkZ;drivenVehicle.heading=parkHeading;persistParkedVehicle(drivenVehicle);}"
if,23-vehicle-effects-driving.js,3632,"activeVehicleRef=null;world.activeVehicle=null;player.x=exitPoint.x;player.z=exitPoint.z;player.y=exitPoint.y;player.vx=player.vy=player.vz=0;player.grounded=true;player.car.id='';player.car.kind='car';rememberSafePlayerPosition(true);auditPlayerMode('exit-vehicle');if(!silent)toast('Saiu do veículo em local seguro.','good');saveState(true);return true;"
if,23-vehicle-effects-driving.js,3635,"if(state.flags.bridgeFixed){toast('A ponte já está consertada.','good');return;}"
if,23-vehicle-effects-driving.js,3636,"if(state.inventory.wood<3||state.inventory.stone<2){toast('Precisa de 3 madeiras e 2 pedras.','warn');return;}"
if,24-construction-system.js,3653,"if(!buildMode)return null;const distance=['wall','fence','bench','planter'].includes(buildMode)?2.8:2.45;"
if,24-construction-system.js,3659,"if(!Number.isFinite(x)||!Number.isFinite(z)||!type)return false;const footprint=buildFootprint(type,rotation),rect={x,z,w:footprint.w,d:footprint.d};"
if,24-construction-system.js,3661,"if(corners.some(([cx,cz])=>waterAt(cx,cz)))return false;"
if,24-construction-system.js,3662,"const heights=corners.map(([cx,cz])=>groundHeightAt(cx,cz));if(Math.max(...heights)-Math.min(...heights)>.72)return false;"
if,24-construction-system.js,3663,const permitted=(Math.abs(x)<18&&z>27&&z<48)||world.houses.some(h=>state.houses[h.id]?.owned&&Math.abs(x-h.x)<10&&Math.abs(z-h.z)<10);if(!permitted)return false;
if,24-construction-system.js,3664,"if(world.hazards.some(h=>Number.isFinite(h.w)&&Number.isFinite(h.d)&&rectOverlap(rect,h,.2)))return false;"
if,24-construction-system.js,3665,"if(world.colliders.some(c=>rectOverlap(rect,{x:c.x,z:c.z,w:c.w,d:c.d},.22)))return false;"
if,24-construction-system.js,3666,"if(world.builds.some(b=>{const size=buildFootprint(b.data.type,b.data.rotation);return rectOverlap(rect,{x:b.data.x,z:b.data.z,w:size.w,d:size.d},.18);} ))return false;"
if,24-construction-system.js,3670,"if(!window.THREE||!worldGroup)return null;const group=new THREE.Group(),material=new THREE.MeshBasicMaterial({color:0x64ef78,transparent:true,opacity:.42,depthWrite:false,depthTest:true});"
if,24-construction-system.js,3672,"if(type==='block')part(1.5,1.5,1.5,0,.75,0);"
if,24-construction-system.js,3673,"else if(type==='wall')part(3,2.4,.32,0,1.2,0);"
else,24-construction-system.js,3673,"else if(type==='wall')part(3,2.4,.32,0,1.2,0);"
if,24-construction-system.js,3674,"else if(type==='floor')part(3,.28,3,0,.14,0);"
else,24-construction-system.js,3674,"else if(type==='floor')part(3,.28,3,0,.14,0);"
if,24-construction-system.js,3675,"else if(type==='fence'){part(2.4,.18,.22,0,.32,0);for(const x of [-1.0,0,1.0])part(.16,1.05,.16,x,.52,0);}"
else,24-construction-system.js,3675,"else if(type==='fence'){part(2.4,.18,.22,0,.32,0);for(const x of [-1.0,0,1.0])part(.16,1.05,.16,x,.52,0);}"
for,24-construction-system.js,3675,"else if(type==='fence'){part(2.4,.18,.22,0,.32,0);for(const x of [-1.0,0,1.0])part(.16,1.05,.16,x,.52,0);}"
if,24-construction-system.js,3676,"else if(type==='bench'){part(2.2,.22,.65,0,.62,0);part(2.2,.74,.18,0,1.02,-.27);for(const x of [-.8,.8])part(.14,.55,.14,x,.28,0);}"
else,24-construction-system.js,3676,"else if(type==='bench'){part(2.2,.22,.65,0,.62,0);part(2.2,.74,.18,0,1.02,-.27);for(const x of [-.8,.8])part(.14,.55,.14,x,.28,0);}"
for,24-construction-system.js,3676,"else if(type==='bench'){part(2.2,.22,.65,0,.62,0);part(2.2,.74,.18,0,1.02,-.27);for(const x of [-.8,.8])part(.14,.55,.14,x,.28,0);}"
if,24-construction-system.js,3677,"else if(type==='planter'){part(2.2,.55,.86,0,.28,0);part(1.82,.18,.58,0,.58,0);for(const x of [-.65,0,.65]){part(.09,.5,.09,x,.92,0);part(.42,.18,.42,x,1.15,0);}}"
else,24-construction-system.js,3677,"else if(type==='planter'){part(2.2,.55,.86,0,.28,0);part(1.82,.18,.58,0,.58,0);for(const x of [-.65,0,.65]){part(.09,.5,.09,x,.92,0);part(.42,.18,.42,x,1.15,0);}}"
for,24-construction-system.js,3677,"else if(type==='planter'){part(2.2,.55,.86,0,.28,0);part(1.82,.18,.58,0,.58,0);for(const x of [-.65,0,.65]){part(.09,.5,.09,x,.92,0);part(.42,.18,.42,x,1.15,0);}}"
else,24-construction-system.js,3678,"else{part(.22,2.4,.22,0,1.2,0);part(.65,.65,.65,0,2.65,0);}"
if,24-construction-system.js,3682,if(!buildPreview)return;worldGroup?.remove(buildPreview);const material=buildPreview.userData?.previewMaterial;material?.dispose?.();buildPreview=null;buildPlacement=null;
if,24-construction-system.js,3685,"if(buildPanel)return buildPanel;buildPanel=document.createElement('section');buildPanel.id='buildControlPanel';buildPanel.className='build-control-panel';buildPanel.hidden=true;buildPanel.setAttribute('aria-label','Controles da construção');"
if,24-construction-system.js,3690,"const panel=ensureBuildPanel(),recipe=BUILD_RECIPES[buildMode];panel.hidden=!buildMode;if(!buildMode||!recipe)return;"
if,24-construction-system.js,3695,if(!buildMode)return;const candidate=buildPlacementCandidate();if(!candidate)return;
if,24-construction-system.js,3696,if(!buildPreview||buildPreview.userData?.previewType!==buildMode){disposeBuildPreview();buildPreview=createBuildPreviewMesh(buildMode);}
if,24-construction-system.js,3697,"buildPlacement=candidate;if(buildPreview){buildPreview.position.set(candidate.x,candidate.y+.025,candidate.z);buildPreview.rotation.y=candidate.rotation;const material=buildPreview.userData.previewMaterial;material.color.setHex(candidate.valid?0x64ef78:0xff5266);material.opacity=candidate.valid?.44:.36;}"
if,24-construction-system.js,3698,"if(force||!updateBuildPreview.last||Math.hypot(candidate.x-updateBuildPreview.last.x,candidate.z-updateBuildPreview.last.z)>.01||candidate.rotation!==updateBuildPreview.last.rotation||candidate.valid!==updateBuildPreview.last.valid){updateBuildPreview.last={...candidate};updateBuildPanel();}"
if,24-construction-system.js,3701,"if(!BUILD_RECIPES[type])return false;if(player.vehicle||player.boating||player.transit.mode||fishingSession||currentHouse){toast('Finalize a atividade atual antes de construir.','warn');return false;}"
if,24-construction-system.js,3705,"if(!buildMode&&!buildPreview)return false;disposeBuildPreview();buildMode=null;buildRotation=0;updateBuildPreview.last=null;if(buildPanel)buildPanel.hidden=true;els.buildBadge.hidden=true;updateVehicleControlsUI();updateContext(true);if(!silent&&reason==='cancelled')toast('Construção cancelada sem gastar materiais.','good',1400);return true;"
if,24-construction-system.js,3707,function rotateBuildPreview(){if(!buildMode)return false;buildRotation=(buildRotation+Math.PI/2)%(Math.PI*2);updateBuildPreview(true);vibrate(12);return true;}
if,24-construction-system.js,3709,"if(player.vehicle||player.boating||player.transit.mode||fishingSession){toast('Finalize o transporte ou a atividade atual antes de construir.','warn');return false;}"
if,24-construction-system.js,3711,"$$('[data-type]',root).forEach(btn=>btn.onclick=async()=>{const type=btn.dataset.type;if(type==='remove'){closeModal();await removeNearestBuild();return;}if(type==='extension'){openHouseExtensionMenu();return;}closeModal();beginBuildMode(type);});"
if,24-construction-system.js,3716,"if(!buildMode||player.vehicle||player.boating||player.transit.mode||currentHouse){toast('Saia do transporte ou interior para construir.','warn');return false;}"
if,24-construction-system.js,3717,"updateBuildPreview(true);const placement=buildPlacement;if(!placement?.valid){toast('Local bloqueado. Mova-se até um terreno livre e observe a prévia verde.','warn');return false;}"
if,24-construction-system.js,3718,"const recipe=BUILD_RECIPES[buildMode];if(!recipe)return false;if(!resourcesEnough(recipe.cost)){toast(`Faltam materiais: ${buildCostText(recipe.cost)}.`,'warn');updateBuildPanel();return false;}"
for,24-construction-system.js,3719,"const before={};for(const[key,value]of Object.entries(recipe.cost)){before[key]=state.inventory[key];state.inventory[key]-=value;}"
if,24-construction-system.js,3722,"state.buildTombstones=normalizeBuildTombstones(state.buildTombstones).filter(item=>item.id!==data.id);state.builds=mergeBuildCollections(state.builds,[data],state.buildTombstones);const record=spawnBuild(data,true);if(!record)throw new Error('Objeto não foi criado no mundo');"
for,24-construction-system.js,3724,"}catch(error){state.builds=state.builds.filter(b=>b.id!==data.id);for(const[key,value]of Object.entries(before))state.inventory[key]=value;console.error('[OTTHOS] Falha ao construir; recursos restaurados.',error);toast('Não foi possível construir. Seus recursos foram restaurados.','bad');updateBuildPanel();return false;}"
catch,24-construction-system.js,3724,"}catch(error){state.builds=state.builds.filter(b=>b.id!==data.id);for(const[key,value]of Object.entries(before))state.inventory[key]=value;console.error('[OTTHOS] Falha ao construir; recursos restaurados.',error);toast('Não foi possível construir. Seus recursos foram restaurados.','bad');updateBuildPanel();return false;}"
if,24-construction-system.js,3727,const data=normalizeBuildRecord(rawData);if(!data||!worldGroup)return null;const existing=world.builds.find(item=>item.data.id===data.id);if(existing)return existing;
if,24-construction-system.js,3729,"if(data.type==='block'){mesh=box(1.5,1.5,1.5,materials.brick,data.x,baseY+.75,data.z);registerPlatform(data.x,data.z,1.5,1.5,baseY+1.5,{buildId:data.id});registerCollider(data.x,data.z,1.5,1.5,{buildId:data.id});}"
if,24-construction-system.js,3730,"else if(data.type==='fence'){mesh=box(2.4,1.05,.22,materials.wood,data.x,baseY+.52,data.z);mesh.rotation.y=rotation;const size=oriented(2.4,.22);registerCollider(data.x,data.z,size.w,size.d,{buildId:data.id});}"
else,24-construction-system.js,3730,"else if(data.type==='fence'){mesh=box(2.4,1.05,.22,materials.wood,data.x,baseY+.52,data.z);mesh.rotation.y=rotation;const size=oriented(2.4,.22);registerCollider(data.x,data.z,size.w,size.d,{buildId:data.id});}"
if,24-construction-system.js,3731,"else if(data.type==='wall'){mesh=box(3.0,2.4,.32,materials.stone,data.x,baseY+1.2,data.z);mesh.rotation.y=rotation;const size=oriented(3,.32);registerCollider(data.x,data.z,size.w,size.d,{buildId:data.id});}"
else,24-construction-system.js,3731,"else if(data.type==='wall'){mesh=box(3.0,2.4,.32,materials.stone,data.x,baseY+1.2,data.z);mesh.rotation.y=rotation;const size=oriented(3,.32);registerCollider(data.x,data.z,size.w,size.d,{buildId:data.id});}"
if,24-construction-system.js,3732,"else if(data.type==='floor'){mesh=box(3.0,.28,3.0,materials.wood,data.x,baseY+.14,data.z);mesh.rotation.y=rotation;registerPlatform(data.x,data.z,3,3,baseY+.28,{buildId:data.id});}"
else,24-construction-system.js,3732,"else if(data.type==='floor'){mesh=box(3.0,.28,3.0,materials.wood,data.x,baseY+.14,data.z);mesh.rotation.y=rotation;registerPlatform(data.x,data.z,3,3,baseY+.28,{buildId:data.id});}"
if,24-construction-system.js,3733,"else if(data.type==='bench'){mesh=new THREE.Group();mesh.position.set(data.x,baseY,data.z);mesh.rotation.y=rotation;worldGroup.add(mesh);premiumBox(2.2,.22,.65,materials.fabric,0,.62,0,mesh);premiumBox(2.2,.74,.18,materials.fabric,0,1.02,-.27,mesh);for(const ox of [-.8,.8])premiumBox(.14,.55,.14,materials.metal,ox,.28,0,mesh);const size=oriented(2.3,.85);registerCollider(data.x,data.z,size.w,size.d,{buildId:data.id});}"
else,24-construction-system.js,3733,"else if(data.type==='bench'){mesh=new THREE.Group();mesh.position.set(data.x,baseY,data.z);mesh.rotation.y=rotation;worldGroup.add(mesh);premiumBox(2.2,.22,.65,materials.fabric,0,.62,0,mesh);premiumBox(2.2,.74,.18,materials.fabric,0,1.02,-.27,mesh);for(const ox of [-.8,.8])premiumBox(.14,.55,.14,materials.metal,ox,.28,0,mesh);const size=oriented(2.3,.85);registerCollider(data.x,data.z,size.w,size.d,{buildId:data.id});}"
for,24-construction-system.js,3733,"else if(data.type==='bench'){mesh=new THREE.Group();mesh.position.set(data.x,baseY,data.z);mesh.rotation.y=rotation;worldGroup.add(mesh);premiumBox(2.2,.22,.65,materials.fabric,0,.62,0,mesh);premiumBox(2.2,.74,.18,materials.fabric,0,1.02,-.27,mesh);for(const ox of [-.8,.8])premiumBox(.14,.55,.14,materials.metal,ox,.28,0,mesh);const size=oriented(2.3,.85);registerCollider(data.x,data.z,size.w,size.d,{buildId:data.id});}"
if,24-construction-system.js,3734,"else if(data.type==='planter'){mesh=new THREE.Group();mesh.position.set(data.x,baseY,data.z);mesh.rotation.y=rotation;worldGroup.add(mesh);premiumBox(2.2,.55,.86,materials.brick,0,.28,0,mesh);premiumBox(1.82,.18,.58,0x5f371f,0,.58,0,mesh);for(const p of [[-.65,0xff6fa8],[0,0xffd74a],[.65,0x67d965]]){premiumBox(.09,.5,.09,0x3d8c3f,p[0],.92,0,mesh);premiumBox(.46,.18,.46,p[1],p[0],1.15,0,mesh);}const size=oriented(2.3,.95);registerCollider(data.x,data.z,size.w,size.d,{buildId:data.id});}"
else,24-construction-system.js,3734,"else if(data.type==='planter'){mesh=new THREE.Group();mesh.position.set(data.x,baseY,data.z);mesh.rotation.y=rotation;worldGroup.add(mesh);premiumBox(2.2,.55,.86,materials.brick,0,.28,0,mesh);premiumBox(1.82,.18,.58,0x5f371f,0,.58,0,mesh);for(const p of [[-.65,0xff6fa8],[0,0xffd74a],[.65,0x67d965]]){premiumBox(.09,.5,.09,0x3d8c3f,p[0],.92,0,mesh);premiumBox(.46,.18,.46,p[1],p[0],1.15,0,mesh);}const size=oriented(2.3,.95);registerCollider(data.x,data.z,size.w,size.d,{buildId:data.id});}"
for,24-construction-system.js,3734,"else if(data.type==='planter'){mesh=new THREE.Group();mesh.position.set(data.x,baseY,data.z);mesh.rotation.y=rotation;worldGroup.add(mesh);premiumBox(2.2,.55,.86,materials.brick,0,.28,0,mesh);premiumBox(1.82,.18,.58,0x5f371f,0,.58,0,mesh);for(const p of [[-.65,0xff6fa8],[0,0xffd74a],[.65,0x67d965]]){premiumBox(.09,.5,.09,0x3d8c3f,p[0],.92,0,mesh);premiumBox(.46,.18,.46,p[1],p[0],1.15,0,mesh);}const size=oriented(2.3,.95);registerCollider(data.x,data.z,size.w,size.d,{buildId:data.id});}"
if,24-construction-system.js,3735,"else if(data.type==='lamp'){mesh=new THREE.Group();mesh.position.set(data.x,baseY,data.z);worldGroup.add(mesh);box(.22,2.4,.22,materials.wood,0,1.2,0,mesh);box(.65,.65,.65,0xffdc6a,0,2.65,0,mesh);extras.push(addGlow(data.x,baseY+2.65,data.z,0xffd56a,4));registerCollider(data.x,data.z,.55,.55,{buildId:data.id});}"
else,24-construction-system.js,3735,"else if(data.type==='lamp'){mesh=new THREE.Group();mesh.position.set(data.x,baseY,data.z);worldGroup.add(mesh);box(.22,2.4,.22,materials.wood,0,1.2,0,mesh);box(.65,.65,.65,0xffdc6a,0,2.65,0,mesh);extras.push(addGlow(data.x,baseY+2.65,data.z,0xffd56a,4));registerCollider(data.x,data.z,.55,.55,{buildId:data.id});}"
else,24-construction-system.js,3736,else return null;
if,24-construction-system.js,3741,if(!record)return;worldGroup?.remove(record.mesh);for(const extra of record.extras||[]){worldGroup?.remove(extra);world.glows=world.glows.filter(item=>item!==extra);}world.colliders=world.colliders.filter(c=>c.buildId!==record.data.id);world.platforms=world.platforms.filter(p=>p.buildId!==record.data.id);world.builds=world.builds.filter(item=>item!==record);
for,24-construction-system.js,3741,if(!record)return;worldGroup?.remove(record.mesh);for(const extra of record.extras||[]){worldGroup?.remove(extra);world.glows=world.glows.filter(item=>item!==extra);}world.colliders=world.colliders.filter(c=>c.buildId!==record.data.id);world.platforms=world.platforms.filter(p=>p.buildId!==record.data.id);world.builds=world.builds.filter(item=>item!==record);
if,24-construction-system.js,3744,"if(!worldGroup||!world?.builds)return false;state.buildTombstones=normalizeBuildTombstones(state.buildTombstones);state.builds=applyBuildTombstones(state.builds,state.buildTombstones);const wanted=new Map(state.builds.map(data=>[data.id,data]));"
if,24-construction-system.js,3745,for(const record of [...world.builds]){const data=wanted.get(record.data.id);if(!data||record.signature!==buildRecordSignature(data)){removeWorldBuildRecord(record);}}
for,24-construction-system.js,3745,for(const record of [...world.builds]){const data=wanted.get(record.data.id);if(!data||record.signature!==buildRecordSignature(data)){removeWorldBuildRecord(record);}}
if,24-construction-system.js,3746,"for(const data of state.builds)if(!world.builds.some(record=>record.data.id===data.id))spawnBuild(data,false);return true;"
for,24-construction-system.js,3746,"for(const data of state.builds)if(!world.builds.some(record=>record.data.id===data.id))spawnBuild(data,false);return true;"
if,24-construction-system.js,3749,"const nearest=world.builds.filter(b=>buildOwnedByPlayer(b.data)&&distance2D(player,b.data)<3.4).sort((a,b)=>distance2D(player,a.data)-distance2D(player,b.data))[0];if(!nearest){toast('Nenhuma construção sua por perto.','warn');return false;}"
if,24-construction-system.js,3750,"const recipe=BUILD_RECIPES[nearest.data.type],ok=await confirmModal('Remover construção',`Remover ${recipe?.name||'esta construção'}? A ação será salva e não afetará objetos de outros jogadores.`,'Remover','Cancelar');if(!ok)return false;"
if,25-render-init-resize-position-collision.js,3756,"if(!window.THREE){openModal('Erro ao carregar 3D','<p>A biblioteca Three.js não carregou. Verifique a internet e recarregue a página.</p>');return false;}"
for,25-render-init-resize-position-collision.js,3762,"createPlayerModel();playerModel.position.y=playerModel.userData.baseY;applyAvatarCustomization();buildWorld();restoreActiveJobRuntime();reconcileCloudHouses();lockStableSceneVisibility();freezeWorldFrustumCulling();restorePosition();initLocalMultiplayer();for(const [remoteUid,data] of remotePresence)remotePlayerEvent({uid:remoteUid,...data});applyQuality();applyAdaptiveRenderSettings(true);resize(true);return true;"
if,25-render-init-resize-position-collision.js,3764,function applyQuality(){ if(!renderer)return;applyAdaptiveRenderSettings(); }
if,25-render-init-resize-position-collision.js,3776,"if(renderer&&camera&&(sizeChanged||force||orientationChanged)){camera.aspect=w/h;camera.updateProjectionMatrix();renderer.setPixelRatio(Math.min(devicePixelRatio||1,targetDpr()));renderer.setSize(w,h,false);perf.lastRenderW=w;perf.lastRenderH=h;}"
if,25-render-init-resize-position-collision.js,3778,"if(orientationChanged){clearMovementInputs();state.ui.quickOpen=false;state.ui.skillsOpen=false;state.ui.needsOpen=false;state.ui.missionOpen=false;els.game?.classList.remove('needs-expanded');els.missionCard?.classList.remove('expanded');document.body.classList.add('ui-orientation-changing');setTimeout(()=>document.body.classList.remove('ui-orientation-changing'),360);}"
if,25-render-init-resize-position-collision.js,3791,"window.addEventListener('resize',()=>scheduleStableResize(50,true),{passive:true});window.addEventListener('orientationchange',refreshOrientationLayout,{passive:true});window.addEventListener('pageshow',refreshOrientationLayout,{passive:true});window.addEventListener('focus',()=>scheduleStableResize(30,true),{passive:true});document.addEventListener('fullscreenchange',refreshOrientationLayout,{passive:true});if(window.visualViewport){window.visualViewport.addEventListener('resize',()=>scheduleSt"
if,25-render-init-resize-position-collision.js,3796,"if(Math.abs(x)>110||Math.abs(z)>110||isInsideLakeNavigable(x,z)){x=0;z=8;state.boats.activeBoatId='';state.boats.passengerOf='';}"
if,25-render-init-resize-position-collision.js,3800,if(player.boating){player.x=-24.7;player.z=52;exitBoat(true);}
if,25-render-init-resize-position-collision.js,3801,if(player.vehicle)exitVehicle(true);
if,25-render-init-resize-position-collision.js,3802,"if(player.transit.mode==='bus'){const bus=world.buses.find(b=>b.id===player.transit.busId);if(bus&&busAtStop(bus))exitBusAtStop(bus,{stopId:bus.lastStopId,stopName:bus.lastStopName});else{player.transit.mode='';player.transit.busId='';}}"
else,25-render-init-resize-position-collision.js,3802,"if(player.transit.mode==='bus'){const bus=world.buses.find(b=>b.id===player.transit.busId);if(bus&&busAtStop(bus))exitBusAtStop(bus,{stopId:bus.lastStopId,stopName:bus.lastStopName});else{player.transit.mode='';player.transit.busId='';}}"
if,25-render-init-resize-position-collision.js,3803,"if(player.transit.mode==='metro'){player.transit.mode='';player.transit.metroUntil=0;if(metroOverlay){metroOverlay.hidden=true;metroOverlay.classList.remove('travelling','arriving');}if(playerModel)playerModel.visible=true;if(avatarLayer)avatarLayer.visible=true;if(contactShadow)contactShadow.visible=true;}"
if,25-render-init-resize-position-collision.js,3804,"if(currentHouse)exitHouse();const safe=safePointNear(0,23,{ignoreTraffic:true,allowWater:false});player.x=safe.x;player.z=safe.z;player.y=safe.y;player.vx=player.vz=player.vy=0;player.grounded=true;cameraYaw=Math.PI;rememberSafePlayerPosition(true);auditPlayerMode('return-home');toast('Você voltou para casa.','good');savePlayerPosition(true);"
if,25-render-init-resize-position-collision.js,3807,"if(player.boating&&player.boat)state.boats.lastPosition={x:+player.x.toFixed(2),z:+player.z.toFixed(2),heading:+player.boat.heading.toFixed(3)};"
if,25-render-init-resize-position-collision.js,3810,"if(Number.isFinite(x)&&Number.isFinite(z)&&!isInsideLakeNavigable(x,z))state.position={x:+x.toFixed(2),y:+Number(y||0).toFixed(2),z:+z.toFixed(2),yaw:+Number(yaw||0).toFixed(3)};"
if,25-render-init-resize-position-collision.js,3813,"const autoSaveInterval=setInterval(()=>{if(running){savePlayerPosition(true);}},8000);"
if,25-render-init-resize-position-collision.js,3814,"window.addEventListener('pagehide',()=>{if(running)savePlayerPosition(true);else commitState();});"
else,25-render-init-resize-position-collision.js,3814,"window.addEventListener('pagehide',()=>{if(running)savePlayerPosition(true);else commitState();});"
if,25-render-init-resize-position-collision.js,3815,"window.addEventListener('beforeunload',()=>{if(running)savePlayerPosition(true);else commitState();});"
else,25-render-init-resize-position-collision.js,3815,"window.addEventListener('beforeunload',()=>{if(running)savePlayerPosition(true);else commitState();});"
if,25-render-init-resize-position-collision.js,3816,"document.addEventListener('visibilitychange',()=>{if(document.visibilityState==='hidden'){if(running)savePlayerPosition(true);else commitState();}});"
else,25-render-init-resize-position-collision.js,3816,"document.addEventListener('visibilitychange',()=>{if(document.visibilityState==='hidden'){if(running)savePlayerPosition(true);else commitState();}});"
if,25-render-init-resize-position-collision.js,3819,let top=0;for(const p of world.platforms){if(p.bridgePart!==undefined&&!state.flags.bridgeFixed&&p.bridgePart%2===1)continue;if(Math.abs(x-p.x)<=p.w/2+.35&&Math.abs(z-p.z)<=p.d/2+.35&&p.top>top&&player.y>=p.top-.75)top=p.top;}return top;
for,25-render-init-resize-position-collision.js,3819,let top=0;for(const p of world.platforms){if(p.bridgePart!==undefined&&!state.flags.bridgeFixed&&p.bridgePart%2===1)continue;if(Math.abs(x-p.x)<=p.w/2+.35&&Math.abs(z-p.z)<=p.d/2+.35&&p.top>top&&player.y>=p.top-.75)top=p.top;}return top;
if,25-render-init-resize-position-collision.js,3822,if(!Number.isFinite(x)||!Number.isFinite(z)||Math.abs(x)>116||Math.abs(z)>116)return true;
if,25-render-init-resize-position-collision.js,3823,"if(!options.allowWater&&waterAt(x,z)&&groundHeightAt(x,z)<=.24)return true;"
for,25-render-init-resize-position-collision.js,3824,for(const c of world.colliders){
if,25-render-init-resize-position-collision.js,3825,if(options.ignoreHouseId&&c.houseId===options.ignoreHouseId)continue;
if,25-render-init-resize-position-collision.js,3826,if(c.houseId&&currentHouse&&c.houseId===currentHouse.id)continue;
if,25-render-init-resize-position-collision.js,3827,if(Math.abs(x-c.x)<=c.w/2+radius&&Math.abs(z-c.z)<=c.d/2+radius)return true;
if,25-render-init-resize-position-collision.js,3829,"if(!options.ignoreParkedVehicles){for(const v of world.vehicles||[]){if(!v.group?.visible||v===options.ignoreActor)continue;if(Math.hypot(x-v.group.position.x,z-v.group.position.z)<1.18+radius)return true;}}"
for,25-render-init-resize-position-collision.js,3829,"if(!options.ignoreParkedVehicles){for(const v of world.vehicles||[]){if(!v.group?.visible||v===options.ignoreActor)continue;if(Math.hypot(x-v.group.position.x,z-v.group.position.z)<1.18+radius)return true;}}"
if,25-render-init-resize-position-collision.js,3830,if(!options.ignoreTraffic){
for,25-render-init-resize-position-collision.js,3831,for(const actor of trafficActorList()){
if,25-render-init-resize-position-collision.js,3832,if(options.ignoreActor&&actor.ref===options.ignoreActor)continue;
if,25-render-init-resize-position-collision.js,3833,"if(Math.hypot(x-actor.group.position.x,z-actor.group.position.z)<(actor.radius||1.4)+radius)return true;"
if,25-render-init-resize-position-collision.js,3840,"for(const distance of distances)for(const offset of angles){const angle=heading+offset,cx=clamp(x+Math.sin(angle)*distance,-115,115),cz=clamp(z+Math.cos(angle)*distance,-115,115);if(!positionBlockedForPlayer(cx,cz,radius,options))return{x:cx,z:cz,y:groundHeightAt(cx,cz)};}"
for,25-render-init-resize-position-collision.js,3840,"for(const distance of distances)for(const offset of angles){const angle=heading+offset,cx=clamp(x+Math.sin(angle)*distance,-115,115),cz=clamp(z+Math.cos(angle)*distance,-115,115);if(!positionBlockedForPlayer(cx,cz,radius,options))return{x:cx,z:cz,y:groundHeightAt(cx,cz)};}"
if,25-render-init-resize-position-collision.js,3844,const now=performance.now();if(!force&&now-Number(player.lastSafeAt||0)<450)return false;
if,25-render-init-resize-position-collision.js,3845,"if(!player.grounded||player.vehicle||player.boating||player.transit.mode||positionBlockedForPlayer(player.x,player.z,.38,{ignoreTraffic:true}))return false;"
if,25-render-init-resize-position-collision.js,3851,if(!impossible&&!penetrated){player.invalidSince=0;rememberSafePlayerPosition();return false;}
if,25-render-init-resize-position-collision.js,3852,player.invalidSince=player.invalidSince||performance.now();if(!impossible&&performance.now()-player.invalidSince<1100)return false;
if,25-render-init-resize-position-collision.js,3863,if(world.colliders.some(c=>!(c.houseId&&currentHouse&&c.houseId===currentHouse.id)&&hitBox(c)))return true;
if,25-render-init-resize-position-collision.js,3864,"for(const v of world.vehicles||[]){if(v===active||!v.group?.visible)continue;if(Math.hypot(x-v.group.position.x,z-v.group.position.z)<2.05)return true;}"
for,25-render-init-resize-position-collision.js,3864,"for(const v of world.vehicles||[]){if(v===active||!v.group?.visible)continue;if(Math.hypot(x-v.group.position.x,z-v.group.position.z)<2.05)return true;}"
if,25-render-init-resize-position-collision.js,3865,"for(const actor of trafficActorList()){if(actor.ref===active)continue;if(Math.hypot(x-actor.group.position.x,z-actor.group.position.z)<(actor.radius||1.5)+1.0)return true;}"
for,25-render-init-resize-position-collision.js,3865,"for(const actor of trafficActorList()){if(actor.ref===active)continue;if(Math.hypot(x-actor.group.position.x,z-actor.group.position.z)<(actor.radius||1.5)+1.0)return true;}"
if,25-render-init-resize-position-collision.js,3870,"const t=performance.now();if(!registerVehicleImpact._cool||t>registerVehicleImpact._cool){registerVehicleImpact._cool=t+240;vibrate([18,35,18]);beep(135,65,'square');toast('Cuidado com a batida!','warn',900);}"
if,25-render-init-resize-position-collision.js,3873,if(player.vehicle){
if,25-render-init-resize-position-collision.js,3874,"if(vehicleHitsCollider(player.x,player.z)){player.x=prevX;player.z=prevZ;registerVehicleImpact();}"
for,25-render-init-resize-position-collision.js,3878,for(const c of world.colliders){
if,25-render-init-resize-position-collision.js,3879,if(c.houseId&&currentHouse&&c.houseId===currentHouse.id)continue;
if,25-render-init-resize-position-collision.js,3880,if(Math.abs(player.x-c.x)>c.w/2+radius||Math.abs(player.z-c.z)>c.d/2+radius)continue;
if,25-render-init-resize-position-collision.js,3882,if(fromLeft)player.x=c.x-c.w/2-radius;else if(fromRight)player.x=c.x+c.w/2+radius;else if(fromTop)player.z=c.z-c.d/2-radius;else if(fromBottom)player.z=c.z+c.d/2+radius;else{player.x=prevX;player.z=prevZ;}
else,25-render-init-resize-position-collision.js,3882,if(fromLeft)player.x=c.x-c.w/2-radius;else if(fromRight)player.x=c.x+c.w/2+radius;else if(fromTop)player.z=c.z-c.d/2-radius;else if(fromBottom)player.z=c.z+c.d/2+radius;else{player.x=prevX;player.z=prevZ;}
if,25-render-init-resize-position-collision.js,3884,"if(currentHouse){const bounds=currentHouse.interiorBounds||{x:4.0,z:3.02};player.x=clamp(player.x,currentHouse.x-bounds.x,currentHouse.x+bounds.x);player.z=clamp(player.z,currentHouse.z-bounds.z,currentHouse.z+bounds.z);}"
if,26-input-player-physics.js,3894,if(input.virtualActive){sourceX=input.virtualX;sourceZ=input.virtualZ;}
if,26-input-player-physics.js,3895,else if(Math.abs(keyboardX)+Math.abs(keyboardZ)>0){sourceX=keyboardX;sourceZ=keyboardZ;}
else,26-input-player-physics.js,3895,else if(Math.abs(keyboardX)+Math.abs(keyboardZ)>0){sourceX=keyboardX;sourceZ=keyboardZ;}
if,26-input-player-physics.js,3896,else if(input.joyId!==null||Math.abs(input.joyX)+Math.abs(input.joyZ)>.02){sourceX=input.joyX;sourceZ=input.joyZ;}
else,26-input-player-physics.js,3896,else if(input.joyId!==null||Math.abs(input.joyX)+Math.abs(input.joyZ)>.02){sourceX=input.joyX;sourceZ=input.joyZ;}
if,26-input-player-physics.js,3897,else if(input.gamepadActive){sourceX=input.gamepadX;sourceZ=input.gamepadZ;}
else,26-input-player-physics.js,3897,else if(input.gamepadActive){sourceX=input.gamepadX;sourceZ=input.gamepadZ;}
if,26-input-player-physics.js,3905,"if(!els.runBtn)return;if(typeof mobilityDriverActive==='function'&&mobilityDriverActive()){updateMobilityControlLabels();return;}const active=sprintRequested();els.runBtn.classList.toggle('active',active);const icon=$('b',els.runBtn),label=$('span',els.runBtn);if(icon)icon.textContent='🏃';if(label)label.textContent='Correr';"
if,26-input-player-physics.js,3913,"if(els.joystickKnob)els.joystickKnob.style.transform='translate(-50%,-50%)';"
if,26-input-player-physics.js,3916,function requestJump(){if(!els.modal.hidden||paused||player.vehicle||player.boating||player.transit.mode)return;player.jumpBuffer=performance.now()+150;if(canJump())doJump();}
if,26-input-player-physics.js,3917,"function doJump(){if(!canJump())return;state.stats.jumps++;trackDaily('jump',1);player.vy=10.2;player.grounded=false;player.jumpBuffer=0;beep(540);vibrate(18);}"
if,26-input-player-physics.js,3924,"const mag=Math.hypot(input.x,input.z);let ix=input.x,iz=input.z;if(mag>1){ix/=mag;iz/=mag;}if(fishingSession||fishingVisual?.active){ix=0;iz=0;input.x=input.z=input.targetX=input.targetZ=0;}"
if,26-input-player-physics.js,3925,"if(player.transit.mode){player.vx=player.vz=0;input.x=input.z=input.targetX=input.targetZ=0;playerGroup.position.set(player.x,player.y,player.z);playerGroup.rotation.y=player.facing;contactShadow.position.set(player.x,groundHeightAt(player.x,player.z)+.025,player.z);if(player.transit.mode==='bus')animatePlayer(dt);updateContext();return;}"
if,26-input-player-physics.js,3927,if(player.boating){
if,26-input-player-physics.js,3929,}else if(player.vehicle){
else,26-input-player-physics.js,3929,}else if(player.vehicle){
if,26-input-player-physics.js,3931,}else if(performance.now()<player.sitUntil){
else,26-input-player-physics.js,3931,}else if(performance.now()<player.sitUntil){
else,26-input-player-physics.js,3933,}else{
if,26-input-player-physics.js,3940,"player.vx=lerp(player.vx,targetVx,Math.min(1,dt*accel));player.vz=lerp(player.vz,targetVz,Math.min(1,dt*accel));if(mag<.03){player.vx*=Math.pow(.0008,dt);player.vz*=Math.pow(.0008,dt);}"
if,26-input-player-physics.js,3942,"const prevX=player.x,prevZ=player.z;player.x+=player.vx*dt;player.z+=player.vz*dt;player.x=clamp(player.x,-116,116);player.z=clamp(player.z,-116,116);if(player.boating)constrainBoat(prevX,prevZ);else if(!(player.vehicle&&player.car.passengerOf)){resolveCollisions(prevX,prevZ);resolveWaterWalking(prevX,prevZ);}"
else,26-input-player-physics.js,3942,"const prevX=player.x,prevZ=player.z;player.x+=player.vx*dt;player.z+=player.vz*dt;player.x=clamp(player.x,-116,116);player.z=clamp(player.z,-116,116);if(player.boating)constrainBoat(prevX,prevZ);else if(!(player.vehicle&&player.car.passengerOf)){resolveCollisions(prevX,prevZ);resolveWaterWalking(prevX,prevZ);}"
if,26-input-player-physics.js,3943,"const movedNow=Math.hypot(player.x-prevX,player.z-prevZ);if(movedNow>.001){if(player.vehicle||player.boating){state.stats.driven+=movedNow;trackDaily('drive',movedNow);}else{state.stats.walked+=movedNow;trackDaily('walk',movedNow);}}"
else,26-input-player-physics.js,3943,"const movedNow=Math.hypot(player.x-prevX,player.z-prevZ);if(movedNow>.001){if(player.vehicle||player.boating){state.stats.driven+=movedNow;trackDaily('drive',movedNow);}else{state.stats.walked+=movedNow;trackDaily('walk',movedNow);}}"
if,26-input-player-physics.js,3944,"const ground=player.boating?.78:groundHeightAt(player.x,player.z);if(!player.grounded)player.vy-=31*dt;player.y+=player.vy*dt;"
if,26-input-player-physics.js,3945,"if(player.y<=ground&&player.vy<=0){const landed=!player.grounded&&player.vy<-4;player.y=ground;player.vy=0;player.grounded=true;player.lastGrounded=performance.now();if(landed){vibrate(20);beep(180,35,'sine');}}"
if,26-input-player-physics.js,3946,else if(player.y>ground+.03)player.grounded=false;
else,26-input-player-physics.js,3946,else if(player.y>ground+.03)player.grounded=false;
if,26-input-player-physics.js,3947,if(player.jumpBuffer&&player.jumpBuffer>performance.now()&&canJump())doJump();
if,26-input-player-physics.js,3948,"if(!player.vehicle&&!player.boating&&Math.hypot(player.vx,player.vz)>.15)player.facing=Math.atan2(player.vx,player.vz);"
if,26-input-player-physics.js,3949,"playerGroup.position.set(player.x,player.y,player.z);playerGroup.rotation.y=performance.now()<player.spinUntil?player.facing+(1-(player.spinUntil-performance.now())/980)*Math.PI*4:player.facing;syncPlayerRootScale();contactShadow.position.set(player.x,ground+.025,player.z);const air=Math.max(0,player.y-ground);const ss=clamp(1-air*.08,.48,1);contactShadow.scale.setScalar(ss);contactShadow.material.opacity=clamp(.27-air*.035,.06,.27);vehicleVisual.visible=player.vehicle&&!player.car.passengerOf;i"
if,26-input-player-physics.js,3950,if(!recoverPlayerIfInvalid())rememberSafePlayerPosition();
if,26-input-player-physics.js,3955,if(input.mobilityAccelerate)throttle=1;
if,26-input-player-physics.js,3956,if(input.mobilityBrake){
if,26-input-player-physics.js,3957,"if(currentSpeed>.04)return{throttle:0,brake:true,reverse:false};"
if,26-input-player-physics.js,3958,"if(currentSpeed<-.04)return{throttle:-1,brake:false,reverse:true};"
if,26-input-player-physics.js,3961,"if(input.mobilityAccelerate&&currentSpeed<-.04)return{throttle:0,brake:true,reverse:false};"
if,26-input-player-physics.js,3962,"if(throttle<-.05&&currentSpeed>.04)return{throttle:0,brake:true,reverse:false};"
if,26-input-player-physics.js,3963,"if(throttle>.05&&currentSpeed<-.04)return{throttle:0,brake:true,reverse:false};"
if,26-input-player-physics.js,3967,"const car=player.car;if(performance.now()<Number(car.incidentUntil||0)){car.speed=lerp(car.speed,0,Math.min(1,dt*8));player.vx=lerp(player.vx,0,Math.min(1,dt*10));player.vz=lerp(player.vz,0,Math.min(1,dt*10));updateMobilityControlLabels();return;}"
if,26-input-player-physics.js,3970,"if(car.passengerOf){const ghost=world.ghosts.get(car.passengerOf),target=ghost?.userData?.target;if(!ghost||!target?.vehicle){car.hostMissingAt=car.hostMissingAt||performance.now();if(performance.now()-car.hostMissingAt>3500){toast('O motorista saiu. Você deixou o carro.','warn');exitVehicle(true);}player.vx=player.vz=0;return;}car.hostMissingAt=0;const heading=Number(target.r||ghost.rotation.y||car.heading),tx=Number(target.x??ghost.position.x)+Math.cos(heading)*.62-Math.sin(heading)*.12,tz=Num"
if,26-input-player-physics.js,3972,"if(command.brake){car.speed=approachNumber(car.speed,0,(18+Math.abs(car.speed)*1.25)*dt);}"
else,26-input-player-physics.js,3973,"else{const accelFactor=car.speed>=0?Math.max(.22,1-car.speed/maxSpeed):1;const crossing=(car.speed>0.2&&throttle<0)||(car.speed<-.2&&throttle>0);const throttleAccel=throttle>=0?throttle*(turbo?23:17.8)*accelFactor:throttle*10.8*(crossing?2.9:1);car.speed+=throttleAccel*dt;}"
if,26-input-player-physics.js,3974,"if(!throttle&&!command.brake)car.speed*=Math.pow(.05,dt);if(Math.abs(car.speed)<.025&&!throttle)car.speed=0;car.speed=clamp(car.speed,maxReverse,maxSpeed);"
if,26-input-player-physics.js,3982,if (!playerModel) return;
if,26-input-player-physics.js,3985,if(parts){
if,26-input-player-physics.js,3987,if(performance.now()<player.emoteUntil){if(player.emoteType==='wave'){parts.rightArm.rotation.x=-2.25;parts.rightArm.rotation.z=Math.sin(animTime*10)*.55;}else if(player.emoteType==='dance'){parts.leftArm.rotation.z=1.1;parts.rightArm.rotation.z=-1.1;playerModel.rotation.y=Math.sin(animTime*4)*.35;}else if(player.emoteType==='selfie'){parts.leftArm.rotation.x=-1.7;parts.rightArm.rotation.x=-.9;playerModel.rotation.z=.08;}else if(player.emoteType==='highfive'){parts.rightArm.rotation.x=-2.6;}else
else,26-input-player-physics.js,3987,if(performance.now()<player.emoteUntil){if(player.emoteType==='wave'){parts.rightArm.rotation.x=-2.25;parts.rightArm.rotation.z=Math.sin(animTime*10)*.55;}else if(player.emoteType==='dance'){parts.leftArm.rotation.z=1.1;parts.rightArm.rotation.z=-1.1;playerModel.rotation.y=Math.sin(animTime*4)*.35;}else if(player.emoteType==='selfie'){parts.leftArm.rotation.x=-1.7;parts.rightArm.rotation.x=-.9;playerModel.rotation.z=.08;}else if(player.emoteType==='highfive'){parts.rightArm.rotation.x=-2.6;}else
if,26-input-player-physics.js,3988,"if(fishingVisual?.active){const phase=fishingVisual.phase,cast=phase==='casting',pull=phase==='hooked'||phase==='pulling'||phase==='caught';parts.rightArm.rotation.x=lerp(parts.rightArm.rotation.x,pull?-2.35:cast?-1.95:-1.45,.38);parts.leftArm.rotation.x=lerp(parts.leftArm.rotation.x,pull?-1.85:cast?-1.35:-1.1,.38);parts.rightArm.rotation.z=lerp(parts.rightArm.rotation.z,-.22,.3);parts.leftArm.rotation.z=lerp(parts.leftArm.rotation.z,.28,.3);playerModel.rotation.z=lerp(playerModel.rotation.z,pul"
if,26-input-player-physics.js,3993,"if(performance.now()<player.sitUntil){parts.leftLeg.rotation.x=1.25;parts.rightLeg.rotation.x=1.25;playerModel.position.y=Math.max(.12,visualBase-.10);}"
else,26-input-player-physics.js,3996,} else {
if,26-input-player-physics.js,4004,if(avatarLayer){avatarLayer.position.y=playerModel.position.y;avatarLayer.rotation.x=playerModel.rotation.x;avatarLayer.rotation.z=playerModel.rotation.z;}
if,26-input-player-physics.js,4007,"for(const h of world.hazards){if(Math.abs(player.x-h.x)<=h.w/2&&Math.abs(player.z-h.z)<=h.d/2&&player.y<.6){if(h.type==='water'){if(!player.boating){player.vx*=.9;player.vz*=.9;}}else if(performance.now()>player.damageUntil){player.damageUntil=performance.now()+1200;state.needs.energy=clamp(state.needs.energy-18,0,100);toast('Cuidado com a lava!','bad');returnHome();}}}"
else,26-input-player-physics.js,4007,"for(const h of world.hazards){if(Math.abs(player.x-h.x)<=h.w/2&&Math.abs(player.z-h.z)<=h.d/2&&player.y<.6){if(h.type==='water'){if(!player.boating){player.vx*=.9;player.vz*=.9;}}else if(performance.now()>player.damageUntil){player.damageUntil=performance.now()+1200;state.needs.energy=clamp(state.needs.energy-18,0,100);toast('Cuidado com a lava!','bad');returnHome();}}}"
for,26-input-player-physics.js,4007,"for(const h of world.hazards){if(Math.abs(player.x-h.x)<=h.w/2&&Math.abs(player.z-h.z)<=h.d/2&&player.y<.6){if(h.type==='water'){if(!player.boating){player.vx*=.9;player.vz*=.9;}}else if(performance.now()>player.damageUntil){player.damageUntil=performance.now()+1200;state.needs.energy=clamp(state.needs.energy-18,0,100);toast('Cuidado com a lava!','bad');returnHome();}}}"
if,26-input-player-physics.js,4010,"for(const c of world.crystals){if(c.got)continue;c.mesh.rotation.y+=.035;c.mesh.position.y=c.y+Math.sin(animTime*2+c.x)*.12;if(Math.hypot(player.x-c.x,player.z-c.z)<1.25&&Math.abs(player.y-c.mesh.position.y)<2)collectCrystal(c);}"
for,26-input-player-physics.js,4010,"for(const c of world.crystals){if(c.got)continue;c.mesh.rotation.y+=.035;c.mesh.position.y=c.y+Math.sin(animTime*2+c.x)*.12;if(Math.hypot(player.x-c.x,player.z-c.z)<1.25&&Math.abs(player.y-c.mesh.position.y)<2)collectCrystal(c);}"
if,26-input-player-physics.js,4013,"function npcSpeech(npc,text,type='good'){if(distance2D(player,npc.group.position)<12)toast(`${npc.name}: ${text}`,type,2400);npc.emoteType=type==='warn'?'wave':'dance';npc.emoteUntil=performance.now()+1600;}"
if,27-npc-enemies-combat-camera-action.js,4008,"if(!npc)return false;const current=kind==='boat'?player.boat:player.car;if(current.passengerUid||current.passengerBotId)return false;current.passengerBotId=npc.id;npc.passengerMode=kind;npc.pendingRide=false;npc.following=false;if(npc.mobility?.ride)npc.mobility.ride.visible=false;toast(`${npc.name} entrou como passageiro no ${kind==='boat'?'barco':'carro'}.`,'good',2300);saveState();return true;"
if,27-npc-enemies-combat-camera-action.js,4011,"const current=kind==='boat'?player.boat:player.car,id=current.passengerBotId;if(!id)return;const npc=world.npcs.find(n=>n.id===id);if(npc){const exitX=kind==='boat'?BOAT_DOCK.exitX+1.2:player.x+1.8,exitZ=kind==='boat'?clamp(player.z,BOAT_DOCK.minZ+.25,BOAT_DOCK.maxZ-.25):player.z;npc.passengerMode='';npc.group.position.set(exitX,groundHeightAt(exitX,exitZ),exitZ);npc.baseX=npc.group.position.x;npc.baseZ=npc.group.position.z;if(npc.mobility?.ride)npc.mobility.ride.visible=true;}current.passengerB"
if,27-npc-enemies-combat-camera-action.js,4014,updateNpcSociety.acc=(updateNpcSociety.acc||0)+dt;if(updateNpcSociety.acc<9)return;updateNpcSociety.acc=0;if(!world.npcs.length)return;
if,27-npc-enemies-combat-camera-action.js,4016,"if(roll<.22){const gift=Math.random()<.5?'food':'coins';if(gift==='food'){state.inventory.food=(state.inventory.food||0)+1;npcSpeech(npc,'Trouxe uma comida para você!');}else{state.profile.coins+=8;npcSpeech(npc,'Ganhei algumas moedas e dividi com você!');}saveState();updateHUD();}"
else,27-npc-enemies-combat-camera-action.js,4016,"if(roll<.22){const gift=Math.random()<.5?'food':'coins';if(gift==='food'){state.inventory.food=(state.inventory.food||0)+1;npcSpeech(npc,'Trouxe uma comida para você!');}else{state.profile.coins+=8;npcSpeech(npc,'Ganhei algumas moedas e dividi com você!');}saveState();updateHUD();}"
if,27-npc-enemies-combat-camera-action.js,4017,"else if(roll<.44){npcSpeech(npc,'Quer apostar uma corrida comigo?');npc.userDataChallengeUntil=performance.now()+12000;}"
else,27-npc-enemies-combat-camera-action.js,4017,"else if(roll<.44){npcSpeech(npc,'Quer apostar uma corrida comigo?');npc.userDataChallengeUntil=performance.now()+12000;}"
if,27-npc-enemies-combat-camera-action.js,4018,"else if(roll<.66){const other=world.npcs.find(n=>n!==npc);if(other){state.npcSociety.friendships[`${npc.id}-${other.id}`]=(state.npcSociety.friendships[`${npc.id}-${other.id}`]||0)+1;npcSpeech(npc,`Conversei com ${other.name} na praça.`);}}"
else,27-npc-enemies-combat-camera-action.js,4018,"else if(roll<.66){const other=world.npcs.find(n=>n!==npc);if(other){state.npcSociety.friendships[`${npc.id}-${other.id}`]=(state.npcSociety.friendships[`${npc.id}-${other.id}`]||0)+1;npcSpeech(npc,`Conversei com ${other.name} na praça.`);}}"
if,27-npc-enemies-combat-camera-action.js,4019,"else if(roll<.82){npcSpeech(npc,'Hoje estou chateado. Podemos conversar com calma?','warn');state.npcSociety.moods[npc.id]='chateado';}"
else,27-npc-enemies-combat-camera-action.js,4019,"else if(roll<.82){npcSpeech(npc,'Hoje estou chateado. Podemos conversar com calma?','warn');state.npcSociety.moods[npc.id]='chateado';}"
if,27-npc-enemies-combat-camera-action.js,4020,"else{const available=world.houses.find(h=>!h.publicBuilding&&!cloudHouseRecord(h.id)&&!state.npcSociety.houses[h.id]);if(available){state.npcSociety.houses[available.id]=npc.id;npcSpeech(npc,`Estou juntando moedas para morar na ${available.name}.`);saveState();}}"
else,27-npc-enemies-combat-camera-action.js,4020,"else{const available=world.houses.find(h=>!h.publicBuilding&&!cloudHouseRecord(h.id)&&!state.npcSociety.houses[h.id]);if(available){state.npcSociety.houses[available.id]=npc.id;npcSpeech(npc,`Estou juntando moedas para morar na ${available.name}.`);saveState();}}"
for,27-npc-enemies-combat-camera-action.js,4024,for(const npc of world.npcs){
if,27-npc-enemies-combat-camera-action.js,4027,if(npc.passengerMode){
if,27-npc-enemies-combat-camera-action.js,4029,}else if(npc.fishingActivity){
else,27-npc-enemies-combat-camera-action.js,4029,}else if(npc.fishingActivity){
if,27-npc-enemies-combat-camera-action.js,4031,}else if(npc.following){
else,27-npc-enemies-combat-camera-action.js,4031,}else if(npc.following){
if,27-npc-enemies-combat-camera-action.js,4034,}else if(near){
else,27-npc-enemies-combat-camera-action.js,4034,}else if(near){
if,27-npc-enemies-combat-camera-action.js,4037,}else if(npc.mobility){
else,27-npc-enemies-combat-camera-action.js,4037,}else if(npc.mobility){
if,27-npc-enemies-combat-camera-action.js,4038,"const route=npc.mobility.route,target=route[npc.mobility.index],dx=target.x-npc.group.position.x,dz=target.z-npc.group.position.z,d=Math.hypot(dx,dz);if(performance.now()<Number(npc.mobility.trafficHoldUntil||0)){npc.mobility.currentSpeed=0;}else if(d<.2)npc.mobility.index=(npc.mobility.index+1)%route.length;else{const heading=Math.atan2(dx,dz),factor=trafficSpeedFactor(npc.mobility,heading,6),targetSpeed=npc.mobility.speed*factor;npc.mobility.currentSpeed=lerp(Number(npc.mobility.currentSpeed||"
else,27-npc-enemies-combat-camera-action.js,4038,"const route=npc.mobility.route,target=route[npc.mobility.index],dx=target.x-npc.group.position.x,dz=target.z-npc.group.position.z,d=Math.hypot(dx,dz);if(performance.now()<Number(npc.mobility.trafficHoldUntil||0)){npc.mobility.currentSpeed=0;}else if(d<.2)npc.mobility.index=(npc.mobility.index+1)%route.length;else{const heading=Math.atan2(dx,dz),factor=trafficSpeedFactor(npc.mobility,heading,6),targetSpeed=npc.mobility.speed*factor;npc.mobility.currentSpeed=lerp(Number(npc.mobility.currentSpeed||"
for,27-npc-enemies-combat-camera-action.js,4038,"const route=npc.mobility.route,target=route[npc.mobility.index],dx=target.x-npc.group.position.x,dz=target.z-npc.group.position.z,d=Math.hypot(dx,dz);if(performance.now()<Number(npc.mobility.trafficHoldUntil||0)){npc.mobility.currentSpeed=0;}else if(d<.2)npc.mobility.index=(npc.mobility.index+1)%route.length;else{const heading=Math.atan2(dx,dz),factor=trafficSpeedFactor(npc.mobility,heading,6),targetSpeed=npc.mobility.speed*factor;npc.mobility.currentSpeed=lerp(Number(npc.mobility.currentSpeed||"
else,27-npc-enemies-combat-camera-action.js,4039,}else{
if,27-npc-enemies-combat-camera-action.js,4045,"if(!npc.passengerMode)npc.group.position.y=lerp(npc.group.position.y,0,Math.min(1,dt*8));"
if,27-npc-enemies-combat-camera-action.js,4049,if(npc.limbs){
for,27-npc-enemies-combat-camera-action.js,4059,for(const e of world.enemies){
if,27-npc-enemies-combat-camera-action.js,4060,"if(e.dead){if(performance.now()-e.lastHit>18000){e.dead=false;e.hp=e.type==='golem'?3:1;e.group.visible=true;e.group.position.set(e.baseX,0,e.baseZ);}continue;}"
if,27-npc-enemies-combat-camera-action.js,4062,if(d<9&&!currentHouse){tx=player.x;tz=player.z;}
if,27-npc-enemies-combat-camera-action.js,4064,"if(d<1.45&&performance.now()>player.damageUntil){player.damageUntil=performance.now()+1100;if(performance.now()<player.shieldUntil){toast('O Escudo Furtivo bloqueou o ataque!','good',1300);beep(690,60,'sine');continue;}state.needs.energy=clamp(state.needs.energy-12,0,100);state.needs.fun=clamp(state.needs.fun-4,0,100);toast('Monstro acertou!','bad');vibrate([35,40,35]);saveState();}"
if,27-npc-enemies-combat-camera-action.js,4069,"if(!target||distance2D(player,target.group.position)>2.35){toast('Nada para atacar por perto.','warn');return;}"
if,27-npc-enemies-combat-camera-action.js,4073,"if(enemy.dead)return;enemy.hp-=amount;enemy.lastHit=performance.now();enemy.group.scale.set(1.18,.82,1.18);setTimeout(()=>enemy.group&&enemy.group.scale.set(1,1,1),130);"
if,27-npc-enemies-combat-camera-action.js,4074,"if(enemy.hp<=0){enemy.dead=true;enemy.group.visible=false;state.defeated++;addXP(enemy.type==='golem'?45:20);addCoins(enemy.type==='golem'?35:12);toast('Monstro derrotado!','good');evaluateMissions();saveState();}"
if,27-npc-enemies-combat-camera-action.js,4077,if(!els.modal.hidden||paused||player.transit.mode)return;
if,27-npc-enemies-combat-camera-action.js,4078,if(player.vehicle||player.boating){vehicleHorn();return;}
if,27-npc-enemies-combat-camera-action.js,4079,"if(currentHouse){toast('Use o poder do lado de fora.','warn');return;}"
if,27-npc-enemies-combat-camera-action.js,4083,"for(let i=world.fireballs.length-1;i>=0;i--){const f=world.fireballs[i];f.life-=dt;f.x+=f.vx*dt;f.z+=f.vz*dt;f.mesh.position.set(f.x,f.y,f.z);f.mesh.rotation.x+=dt*7;f.mesh.rotation.y+=dt*9;let hit=false;for(const e of world.enemies){if(!e.dead&&Math.hypot(f.x-e.group.position.x,f.z-e.group.position.z)<1.1){damageEnemy(e,1);hit=true;break;}}if(hit||f.life<=0){worldGroup.remove(f.mesh);world.fireballs.splice(i,1);}}"
for,27-npc-enemies-combat-camera-action.js,4083,"for(let i=world.fireballs.length-1;i>=0;i--){const f=world.fireballs[i];f.life-=dt;f.x+=f.vx*dt;f.z+=f.vz*dt;f.mesh.position.set(f.x,f.y,f.z);f.mesh.rotation.x+=dt*7;f.mesh.rotation.y+=dt*9;let hit=false;for(const e of world.enemies){if(!e.dead&&Math.hypot(f.x-e.group.position.x,f.z-e.group.position.z)<1.1){damageEnemy(e,1);hit=true;break;}}if(hit||f.life<=0){worldGroup.remove(f.mesh);world.fireballs.splice(i,1);}}"
if,27-npc-enemies-combat-camera-action.js,4088,if(player.transit.mode==='bus'){
if,27-npc-enemies-combat-camera-action.js,4090,if(bus){
if,27-npc-enemies-combat-camera-action.js,4097,if(!desiredPos&&fishingVisual?.active){
if,27-npc-enemies-combat-camera-action.js,4104,if(!desiredPos&&currentHouse&&cameraMode==='interior'){
if,27-npc-enemies-combat-camera-action.js,4107,}else if(!desiredPos){
else,27-npc-enemies-combat-camera-action.js,4107,}else if(!desiredPos){
if,27-npc-enemies-combat-camera-action.js,4109,"if((player.vehicle||player.boating)&&!input.cameraDrag){const heading=player.vehicle?player.car.heading:player.boat.heading;cameraYaw=lerpAngle(cameraYaw,Math.PI-heading,Math.min(1,dt*3.2));}"
if,27-npc-enemies-combat-camera-action.js,4119,if(activeRace)return null;
if,27-npc-enemies-combat-camera-action.js,4120,if(player.transit.mode==='metro')return null;
if,27-npc-enemies-combat-camera-action.js,4121,"if(player.transit.mode==='bus')return{id:'request-bus-stop',type:'bus',icon:'🔔',label:player.transit.requestStop?'Parada já solicitada':'Pedir próxima parada',radius:999,priority:999,action:()=>{player.transit.requestStop=true;updateTransitPanel();toast('Parada solicitada.','good',1200);}};"
if,27-npc-enemies-combat-camera-action.js,4122,"if(player.boating){const free=!player.boat.passengerOf&&!player.boat.passengerUid&&!player.boat.passengerBotId,remote=free?nearestRemotePlayer():null,npc=free?nearestBoardableNpc():null;if(remote)return{id:`boat-remote-${remote.uid}`,type:'remote-player',icon:'🌐',label:`Convidar ${remote.ghost.userData.displayName||'Jogador'} para o barco`,radius:999,priority:1001,action:()=>openRemotePlayerActions(remote.uid,remote.ghost)};if(npc)return{id:`boat-invite-${npc.id}`,type:'boat',icon:'🛶',label:`Con"
if,27-npc-enemies-combat-camera-action.js,4123,"if(player.vehicle){const free=!player.car.passengerOf&&!player.car.passengerUid&&!player.car.passengerBotId,remote=free?nearestRemotePlayer():null,npc=free?nearestBoardableNpc():null;if(remote)return{id:`car-remote-${remote.uid}`,type:'remote-player',icon:'🌐',label:`Convidar ${remote.ghost.userData.displayName||'Jogador'} para o carro`,radius:999,priority:1001,action:()=>openRemotePlayerActions(remote.uid,remote.ghost)};if(npc)return{id:`car-invite-${npc.id}`,type:'vehicle',icon:'🚗',label:`Convi"
if,27-npc-enemies-combat-camera-action.js,4124,"if(buildMode)return{id:'place-build',type:'build',icon:'🧱',label:`Confirmar ${BUILD_RECIPES[buildMode]?.name||'construção'}`,radius:999,priority:999,action:placeBuild};"
if,27-npc-enemies-combat-camera-action.js,4125,"const remote=nearestRemotePlayer();if(remote)return{id:`remote-${remote.uid}`,type:'remote-player',icon:'🌐',label:`Interagir: ${remote.ghost.userData.displayName||'Jogador'}`,radius:2.8,priority:980,x:remote.ghost.position.x,z:remote.ghost.position.z,action:()=>openRemotePlayerActions(remote.uid,remote.ghost)};"
for,27-npc-enemies-combat-camera-action.js,4127,for(const it of world.interactables){
if,27-npc-enemies-combat-camera-action.js,4128,if(!isInteractionAvailable(it))continue;
if,27-npc-enemies-combat-camera-action.js,4130,if(d>(it.radius||2))continue;
if,27-npc-enemies-combat-camera-action.js,4132,if(score<best){best=score;nearest=it;}
if,27-npc-enemies-combat-camera-action.js,4137,"const now=performance.now(),moved=Math.hypot(player.x-lastContextScanX,player.z-lastContextScanZ);if(!force&&now-lastContextScanAt<85&&moved<.18)return;lastContextScanAt=now;lastContextScanX=player.x;lastContextScanZ=player.z;"
if,27-npc-enemies-combat-camera-action.js,4138,"const next=nearestInteractable();const id=next?.id||'';if(!force&&id===lastContextId)return;lastContextId=id;currentContext=next;els.contextPrompt.hidden=!next;els.actionBtn.classList.toggle('pulse',!!next);els.contextIcon.textContent=next?.icon||'⚔';els.contextLabel.textContent=next?.label||'Atacar';els.contextHint.textContent=next?'Toque em AÇÃO':'Ataque próximo';const span=$('span',els.actionBtn);const icon=$('b',els.actionBtn);if(span)span.textContent=next?'Ação':'Espada';if(icon)icon.textCo"
if,27-npc-enemies-combat-camera-action.js,4141,if(paused||!els.modal.hidden||performance.now()<actionLockedUntil)return;
if,27-npc-enemies-combat-camera-action.js,4143,if(state.ui.quickOpen){state.ui.quickOpen=false;syncMobilePanels();}
if,27-npc-enemies-combat-camera-action.js,4145,"if(target&&target.radius!==999){const pos=worldPos(target);if(!isInteractionAvailable(target)||Math.hypot(player.x-pos.x,player.z-pos.z)>(target.radius||2)+.2)target=null;}"
if,27-npc-enemies-combat-camera-action.js,4146,if(!target)target=nearestInteractable();
if,27-npc-enemies-combat-camera-action.js,4148,if(target){target.action();updateContext(true);return;}
if,27-npc-enemies-combat-camera-action.js,4153,"updateNeeds.acc=(updateNeeds.acc||0)+dt;if(updateNeeds.acc<1)return;const sec=updateNeeds.acc;updateNeeds.acc=0;state.needs.hunger=clamp(state.needs.hunger-sec*.065,0,100);state.needs.energy=clamp(state.needs.energy-sec*((player.vehicle||player.boating)?(sprintRequested()?.085:.035):(input.isSprinting?.16:.045)),0,100);state.needs.fun=clamp(state.needs.fun-sec*.025,0,100);state.needs.hygiene=clamp(state.needs.hygiene-sec*.028,0,100);if(state.needs.hunger<8&&Math.random()<.08)toast(`${playerDispl"
if,28-multiplayer-social-online.js,4161,"function closeChallengePrompt(){if(!els.challengePrompt)return;document.body.classList.remove('social-prompt-open');els.challengePrompt.hidden=true;els.challengePrompt.classList.remove('ready','incoming','social');promptChallengeId='';promptSessionId='';promptSocialRequestId='';els.challengePromptAccept.disabled=false;els.challengePromptDecline.disabled=false;}"
if,28-multiplayer-social-online.js,4162,"function showIncomingChallengePrompt(c){if(!c||c.status!=='pending'||!els.challengePrompt)return;document.body.classList.add('social-prompt-open');promptChallengeId=c.id;promptSessionId='';els.challengePrompt.classList.add('incoming');els.challengePrompt.classList.remove('ready','social');els.challengePromptKicker.textContent='NOVO DESAFIO';els.challengePromptTitle.textContent=`${c.fromName||'Jogador'} desafiou você`;els.challengePromptText.textContent=`${multiplayerGameLabel(c.type)} • toque em"
if,28-multiplayer-social-online.js,4163,"function showReadySessionPrompt(s){if(!s||s.status!=='active'||!els.challengePrompt)return;document.body.classList.add('social-prompt-open');const uid=window.OTTHOS_RTDB?.uid,mine=s.players?.[uid];if(mine?.finished)return;promptSessionId=s.id;promptChallengeId='';els.challengePrompt.classList.add('ready');els.challengePrompt.classList.remove('incoming','social');els.challengePromptKicker.textContent='PARTIDA PRONTA';els.challengePromptTitle.textContent=`Duelo de ${multiplayerGameLabel(s.type)}`;"
if,28-multiplayer-social-online.js,4168,if(!request||request.status!=='pending'||Number(request.expiresAt||0)<=Date.now()||!els.challengePrompt)return;
if,28-multiplayer-social-online.js,4172,"if(actionType==='boatPassenger'&&(!player.boating||player.boat.passengerOf)){toast('Somente o motorista do barco pode convidar um passageiro.','warn',2500);return false;}"
if,28-multiplayer-social-online.js,4173,"if(actionType==='boatPassenger'&&(player.boat.passengerUid||player.boat.passengerBotId)){toast('Este barco já tem um passageiro.','warn',2300);return false;}"
if,28-multiplayer-social-online.js,4174,"if(actionType==='vehiclePassenger'&&(!player.vehicle||player.car.passengerOf)){toast('Somente o motorista do carro pode convidar um passageiro.','warn',2500);return false;}"
if,28-multiplayer-social-online.js,4175,"if(actionType==='vehiclePassenger'&&(player.car.passengerUid||player.car.passengerBotId)){toast('Este carro já tem um passageiro.','warn',2300);return false;}"
if,28-multiplayer-social-online.js,4176,"const result=await window.OTTHOS_RTDB?.sendSocialRequest?.(targetUid,actionType,targetName,extra);if(result?.ok){state.multiplayerRequests.lastSentAt=Date.now();saveState();toast(`Convite enviado para ${targetName}.`,'good',2300);return true;}toast(result?.error||'Não foi possível enviar o convite.','warn',2600);return false;"
if,28-multiplayer-social-online.js,4179,const rewardKey=String(context.requestId||'');if(rewardKey&&state.multiplayerRequests.completed.includes(rewardKey))return;
if,28-multiplayer-social-online.js,4180,"if(['dance','play','highfive','hug','selfie'].includes(actionType)){triggerEmote(actionType);if(actionType==='play')state.needs.fun=clamp(state.needs.fun+10,0,100);}"
if,28-multiplayer-social-online.js,4181,"else if(actionType==='vehiclePassenger'){if(context.role==='passenger'||context.incoming)enterVehicleAsPassenger(context.fromUid||context.partnerUid,context.vehicleId||'');else{player.car.passengerUid=context.partnerUid||'';toast(`${context.partnerName||'Seu amigo'} entrou como passageiro.`,'good',2600);}}"
else,28-multiplayer-social-online.js,4181,"else if(actionType==='vehiclePassenger'){if(context.role==='passenger'||context.incoming)enterVehicleAsPassenger(context.fromUid||context.partnerUid,context.vehicleId||'');else{player.car.passengerUid=context.partnerUid||'';toast(`${context.partnerName||'Seu amigo'} entrou como passageiro.`,'good',2600);}}"
if,28-multiplayer-social-online.js,4182,"else if(actionType==='boatPassenger'){if(context.role==='passenger'||context.incoming)enterBoatAsPassenger(context.fromUid||context.partnerUid);else{player.boat.passengerUid=context.partnerUid||'';toast(`${context.partnerName||'Seu amigo'} entrou como passageiro.`,'good',2600);}}"
else,28-multiplayer-social-online.js,4182,"else if(actionType==='boatPassenger'){if(context.role==='passenger'||context.incoming)enterBoatAsPassenger(context.fromUid||context.partnerUid);else{player.boat.passengerUid=context.partnerUid||'';toast(`${context.partnerName||'Seu amigo'} entrou como passageiro.`,'good',2600);}}"
if,28-multiplayer-social-online.js,4183,"else if(actionType==='fishTogether'){startFishing(player.boating?'boat':'shore',{cooperative:true,requestId:rewardKey,partnerName:context.partnerName||context.fromName||'amigo'});}"
else,28-multiplayer-social-online.js,4183,"else if(actionType==='fishTogether'){startFishing(player.boating?'boat':'shore',{cooperative:true,requestId:rewardKey,partnerName:context.partnerName||context.fromName||'amigo'});}"
if,28-multiplayer-social-online.js,4184,else if(actionType==='campfireJoin'){openNearestCampfire();}
else,28-multiplayer-social-online.js,4184,else if(actionType==='campfireJoin'){openNearestCampfire();}
if,28-multiplayer-social-online.js,4185,"else if(actionType==='huntTogether'){startHunting({cooperative:true,requestId:rewardKey,partnerName:context.partnerName||context.fromName||'amigo'});}"
else,28-multiplayer-social-online.js,4185,"else if(actionType==='huntTogether'){startHunting({cooperative:true,requestId:rewardKey,partnerName:context.partnerName||context.fromName||'amigo'});}"
if,28-multiplayer-social-online.js,4186,if(rewardKey){state.multiplayerRequests.completed.push(rewardKey);state.multiplayerRequests.completed=state.multiplayerRequests.completed.slice(-80);}saveState();
if,28-multiplayer-social-online.js,4189,"const request=incomingSocialRequests.get(id);if(!request)return;els.challengePromptAccept.disabled=true;els.challengePromptDecline.disabled=true;const result=await window.OTTHOS_RTDB?.respondSocialRequest?.(id,'accepted');"
if,28-multiplayer-social-online.js,4190,"if(result?.ok){closeChallengePrompt();applyAcceptedSocialAction(request.actionType,{incoming:true,role:['boatPassenger','vehiclePassenger'].includes(request.actionType)?'passenger':'participant',requestId:id,fromUid:request.fromUid,fromName:request.fromName,partnerName:request.fromName,vehicleId:request.vehicleId||request.extra?.vehicleId||''});toast(`Convite de ${request.fromName||'Jogador'} aceito.`,'good',2200);setTimeout(()=>window.OTTHOS_RTDB?.completeSocialRequest?.(id),1800);}else{closeCh"
else,28-multiplayer-social-online.js,4190,"if(result?.ok){closeChallengePrompt();applyAcceptedSocialAction(request.actionType,{incoming:true,role:['boatPassenger','vehiclePassenger'].includes(request.actionType)?'passenger':'participant',requestId:id,fromUid:request.fromUid,fromName:request.fromName,partnerName:request.fromName,vehicleId:request.vehicleId||request.extra?.vehicleId||''});toast(`Convite de ${request.fromName||'Jogador'} aceito.`,'good',2200);setTimeout(()=>window.OTTHOS_RTDB?.completeSocialRequest?.(id),1800);}else{closeCh"
if,28-multiplayer-social-online.js,4195,"async function launchSessionWithCountdown(session){if(!session)return;closeChallengePrompt();closeModal();let count=3;const draw=()=>openModal(`Duelo: ${multiplayerGameLabel(session.type)}`,`<div class=""duel-countdown""><small>Contra ${escapeHtml(sessionOpponentName(session))}</small><b>${count}</b><span>Prepare-se!</span></div>`,root=>{});draw();const timer=setInterval(()=>{count--;if(count<=0){clearInterval(timer);closeModal();startMultiplayerEducationGame(session);}else draw();},620);}"
else,28-multiplayer-social-online.js,4195,"async function launchSessionWithCountdown(session){if(!session)return;closeChallengePrompt();closeModal();let count=3;const draw=()=>openModal(`Duelo: ${multiplayerGameLabel(session.type)}`,`<div class=""duel-countdown""><small>Contra ${escapeHtml(sessionOpponentName(session))}</small><b>${count}</b><span>Prepare-se!</span></div>`,root=>{});draw();const timer=setInterval(()=>{count--;if(count<=0){clearInterval(timer);closeModal();startMultiplayerEducationGame(session);}else draw();},620);}"
if,28-multiplayer-social-online.js,4196,"function updateOnlineAttention(){const count=pendingChallenges().length+socialRequestPending().length+readyGameSessions().filter(s=>!s.players?.[window.OTTHOS_RTDB?.uid]?.finished).length;els.onlineBtn?.classList.toggle('attention',count>0);if(els.onlineBtn){const span=$('span',els.onlineBtn);if(span)span.textContent=count?`Online ${count}`:'Online';}}"
if,28-multiplayer-social-online.js,4200,"function rememberMatchResult(session){if(!session?.result)return null;const list=state.learning.matchHistory||(state.learning.matchHistory=[]),existing=list.find(x=>x.id===session.id);if(existing)return existing;const uid=window.OTTHOS_RTDB?.uid,r=session.result,mine=session.players?.[uid]||{},other=Object.entries(session.players||{}).find(([id])=>id!==uid)?.[1]||{};const entry={id:session.id,type:session.type,opponent:sessionOpponentName(session),myScore:Number(mine.score||0),otherScore:Number("
if,28-multiplayer-social-online.js,4203,"function bindChallengeCards(root=els.modalBody){$$('[data-accept-challenge]',root).forEach(btn=>btn.onclick=()=>acceptIncomingChallenge(btn.dataset.acceptChallenge));$$('[data-decline-challenge]',root).forEach(btn=>btn.onclick=()=>declineIncomingChallenge(btn.dataset.declineChallenge));$$('[data-accept-social]',root).forEach(btn=>btn.onclick=()=>acceptIncomingSocialRequest(btn.dataset.acceptSocial));$$('[data-decline-social]',root).forEach(btn=>btn.onclick=()=>declineIncomingSocialRequest(btn.da"
if,28-multiplayer-social-online.js,4204,"async function acceptIncomingChallenge(id){const c=incomingChallenges.get(id)||window.OTTHOS_RTDB?.getChallenges?.()?.[id];if(!c){toast('Convite não encontrado. Abra Online e tente novamente.','warn');return;}els.challengePromptAccept.disabled=true;els.challengePromptDecline.disabled=true;els.challengePromptAccept.textContent='Conectando...';const result=await window.OTTHOS_RTDB?.respondGameChallenge?.(id,true);if(!result?.ok){els.challengePromptAccept.disabled=false;els.challengePromptDecline.d"
else,28-multiplayer-social-online.js,4204,"async function acceptIncomingChallenge(id){const c=incomingChallenges.get(id)||window.OTTHOS_RTDB?.getChallenges?.()?.[id];if(!c){toast('Convite não encontrado. Abra Online e tente novamente.','warn');return;}els.challengePromptAccept.disabled=true;els.challengePromptDecline.disabled=true;els.challengePromptAccept.textContent='Conectando...';const result=await window.OTTHOS_RTDB?.respondGameChallenge?.(id,true);if(!result?.ok){els.challengePromptAccept.disabled=false;els.challengePromptDecline.d"
if,28-multiplayer-social-online.js,4205,"async function declineIncomingChallenge(id){const c=incomingChallenges.get(id);if(!c)return;els.challengePromptAccept.disabled=true;els.challengePromptDecline.disabled=true;await window.OTTHOS_RTDB?.respondGameChallenge?.(id,false);c.status='declined';incomingChallenges.set(id,c);closeChallengePrompt();refreshOpenSocialHub();updateOnlineAttention();}"
if,28-multiplayer-social-online.js,4206,"function highestUnlockedLevel(subject){let value=1;for(let level=2;level<=6;level++){if(subjectUnlocked(subject,level))value=level;}return value;}"
for,28-multiplayer-social-online.js,4206,"function highestUnlockedLevel(subject){let value=1;for(let level=2;level<=6;level++){if(subjectUnlocked(subject,level))value=level;}return value;}"
if,28-multiplayer-social-online.js,4207,"function openChallengePicker(uid,name){openModal(`Desafiar ${name}`,`<p>Escolha o jogo. O outro jogador receberá um cartão na tela com <b>Aceitar e jogar</b>.</p><div class=""challenge-picker""><button data-challenge-type=""math""><span>🔢</span><b>Matemática Kids</b><small>Contagem, soma e lógica</small></button><button data-challenge-type=""portuguese""><span>📚</span><b>Português Kids</b><small>Letras, sílabas e palavras</small></button><button data-challenge-type=""english""><span>🌎</span><b>English K"
else,28-multiplayer-social-online.js,4207,"function openChallengePicker(uid,name){openModal(`Desafiar ${name}`,`<p>Escolha o jogo. O outro jogador receberá um cartão na tela com <b>Aceitar e jogar</b>.</p><div class=""challenge-picker""><button data-challenge-type=""math""><span>🔢</span><b>Matemática Kids</b><small>Contagem, soma e lógica</small></button><button data-challenge-type=""portuguese""><span>📚</span><b>Português Kids</b><small>Letras, sílabas e palavras</small></button><button data-challenge-type=""english""><span>🌎</span><b>English K"
if,28-multiplayer-social-online.js,4209,"function startMultiplayerEducationGame(session){if(!session||session.status!=='active'){toast('Esta partida ainda não está pronta.','warn');return;}if(activeMultiplayerGameId&&activeMultiplayerGameId!==session.id){toast('Termine a partida atual.','warn');return;}activeMultiplayerGameId=session.id;closeChallengePrompt();runEducationGame({subject:session.type,level:Number(session.level||1),seed:Number(session.seed)||Date.now(),rounds:Number(session.rounds||5),multiplayer:true,opponent:sessionOppon"
if,28-multiplayer-social-online.js,4210,"function maybeShowMultiplayerResult(session){const players=Object.values(session.players||{}),uid=window.OTTHOS_RTDB?.uid;if(players.length<2||!players.every(p=>p.finished))return;if(!session.result){window.OTTHOS_RTDB?.finalizeGameSession?.(session.id);return;}const mine=session.players?.[uid],other=Object.entries(session.players||{}).find(([id])=>id!==uid)?.[1],entry=rememberMatchResult(session),won=!session.result.draw&&session.result.winnerUid===uid,draw=!!session.result.draw;if(entry&&!entr"
if,28-multiplayer-social-online.js,4211,function multiplayerStatusText(){if(multiplayerState.connected)return`Mundo público • ${multiplayerState.count||1} online`;if(window.OTTHOS_RTDB?.configured)return multiplayerState.error?`Offline: ${multiplayerState.error}`:'Conectando ao mundo público...';return'Firebase indisponível';}
if,28-multiplayer-social-online.js,4212,"function updateMultiplayerBadge(){if(!els.multiplayerBadge)return;els.multiplayerBadge.classList.toggle('online',multiplayerState.connected);els.multiplayerBadge.classList.toggle('offline',!multiplayerState.connected);const label=$('span',els.multiplayerBadge);if(label)label.textContent=multiplayerState.connected?`${multiplayerState.count||1} online`:'Offline';}"
if,28-multiplayer-social-online.js,4215,"function bindOnlinePlayerCards(root=els.modalBody){$$('[data-online-player]',root).forEach(btn=>btn.onclick=()=>{const uid=btn.dataset.onlinePlayer,ghost=world.ghosts.get(uid);if(ghost)openRemotePlayerActions(uid,ghost);});}"
if,28-multiplayer-social-online.js,4216,"function refreshOpenSocialHub(){updateOnlineAttention();if(els.modal.hidden||els.modalTitle.textContent!=='Mundo Online')return;const players=onlinePlayers(),status=$('#onlineStatusText',els.modalBody),count=$('#onlineCount',els.modalBody),list=$('#onlinePlayerList',els.modalBody),chat=$('#worldChatList',els.modalBody),socialInvites=$('#socialRequestInbox',els.modalBody),invites=$('#challengeInbox',els.modalBody),sessions=$('#activeGameSessions',els.modalBody),history=$('#duelHistory',els.modalB"
if,28-multiplayer-social-online.js,4221,"const send=()=>{const input=$('#worldChatInput',root),text=(input?.value||'').trim();if(!text)return;window.OTTHOS_RTDB?.sendChat?.(text);input.value='';};$('[data-send-world-chat]',root).onclick=send;$('#worldChatInput',root)?.addEventListener('keydown',e=>{if(e.key==='Enter'){e.preventDefault();send();}});"
if,28-multiplayer-social-online.js,4231,"const action=btn.dataset.playerAction;if(action==='message'){closeModal();openSocialHub();setTimeout(()=>{const input=$('#worldChatInput');if(input){input.value=`@${name} `;input.focus();}},100);return;}"
if,28-multiplayer-social-online.js,4232,"if(action==='giftCoins'){if(state.profile.coins<10){toast('Você não tem 10 moedas.','warn');return;}const ok=await window.OTTHOS_RTDB?.sendGift?.(uid,{type:'coins',amount:10});if(ok){addCoins(-10);toast(`Você presenteou ${name}.`,'good');}}"
if,28-multiplayer-social-online.js,4233,"else if(action==='giftCrystal'){if(state.inventory.crystals<1){toast('Você não tem cristal.','warn');return;}const ok=await window.OTTHOS_RTDB?.sendGift?.(uid,{type:'crystal',amount:1});if(ok){state.inventory.crystals--;saveState(true);toast(`Cristal enviado para ${name}.`,'good');}}"
else,28-multiplayer-social-online.js,4233,"else if(action==='giftCrystal'){if(state.inventory.crystals<1){toast('Você não tem cristal.','warn');return;}const ok=await window.OTTHOS_RTDB?.sendGift?.(uid,{type:'crystal',amount:1});if(ok){state.inventory.crystals--;saveState(true);toast(`Cristal enviado para ${name}.`,'good');}}"
if,28-multiplayer-social-online.js,4234,"else if(action==='challenge'){openChallengePicker(uid,name);return;}"
else,28-multiplayer-social-online.js,4234,"else if(action==='challenge'){openChallengePicker(uid,name);return;}"
if,28-multiplayer-social-online.js,4235,"else if(action==='wave'){const ok=await window.OTTHOS_RTDB?.sendInteraction?.(uid,{type:'wave'});if(ok){triggerEmote('wave');toast(`Você acenou para ${name}.`,'good');}}"
else,28-multiplayer-social-online.js,4235,"else if(action==='wave'){const ok=await window.OTTHOS_RTDB?.sendInteraction?.(uid,{type:'wave'});if(ok){triggerEmote('wave');toast(`Você acenou para ${name}.`,'good');}}"
else,28-multiplayer-social-online.js,4236,"else{await sendSocialActionRequest(uid,name,action,{boatId:state.boats.activeBoatId||'',vehicleId:player.car.id||'',campfireId:nearCamp?.data?.id||''});}"
if,28-multiplayer-social-online.js,4240,"function nearestRemotePlayer(){let found=null,best=Infinity;for(const [uid,g] of world.ghosts){const d=Math.hypot(player.x-g.position.x,player.z-g.position.z);if(d<2.7&&d<best){best=d;found={uid,ghost:g};}}return found;}"
for,28-multiplayer-social-online.js,4240,"function nearestRemotePlayer(){let found=null,best=Infinity;for(const [uid,g] of world.ghosts){const d=Math.hypot(player.x-g.position.x,player.z-g.position.z);if(d<2.7&&d<best){best=d;found={uid,ghost:g};}}return found;}"
if,28-multiplayer-social-online.js,4243,if(!worldGroup)return;const me=window.OTTHOS_RTDB?.uid||'';
if,28-multiplayer-social-online.js,4244,"const fireItems=[];for(const[ownerUid,items]of Object.entries(pendingCloudCampfires||{}))if(ownerUid!==me)for(const item of Object.values(items||{}))if(item&&Number(item.expiresAt||0)>Date.now())fireItems.push({...item,ownerUid});"
for,28-multiplayer-social-online.js,4244,"const fireItems=[];for(const[ownerUid,items]of Object.entries(pendingCloudCampfires||{}))if(ownerUid!==me)for(const item of Object.values(items||{}))if(item&&Number(item.expiresAt||0)>Date.now())fireItems.push({...item,ownerUid});"
if,28-multiplayer-social-online.js,4245,"const fireKeys=new Set(fireItems.map(x=>x.id));for(const c of [...world.campfires])if(c.data.remote&&!fireKeys.has(c.data.id)){c.interactable.disabled=true;worldGroup.remove(c.group);world.campfires=world.campfires.filter(x=>x!==c);}fireItems.forEach(item=>spawnCampfire(item,true));"
for,28-multiplayer-social-online.js,4245,"const fireKeys=new Set(fireItems.map(x=>x.id));for(const c of [...world.campfires])if(c.data.remote&&!fireKeys.has(c.data.id)){c.interactable.disabled=true;worldGroup.remove(c.group);world.campfires=world.campfires.filter(x=>x!==c);}fireItems.forEach(item=>spawnCampfire(item,true));"
if,28-multiplayer-social-online.js,4246,"const extensionItems=[];for(const[ownerUid,items]of Object.entries(pendingCloudExtensions||{}))if(ownerUid!==me)for(const item of Object.values(items||{}))if(item)extensionItems.push({...item,ownerUid});"
for,28-multiplayer-social-online.js,4246,"const extensionItems=[];for(const[ownerUid,items]of Object.entries(pendingCloudExtensions||{}))if(ownerUid!==me)for(const item of Object.values(items||{}))if(item)extensionItems.push({...item,ownerUid});"
if,28-multiplayer-social-online.js,4247,"const extensionKeys=new Set(extensionItems.map(x=>x.id));for(const e of [...world.houseExtensions])if(e.data.remote&&!extensionKeys.has(e.data.id)){worldGroup.remove(e.group);world.houseExtensions=world.houseExtensions.filter(x=>x!==e);const it=world.interactables.find(x=>x.id===`extension-${e.data.id}`);if(it)it.disabled=true;}extensionItems.forEach(item=>spawnHouseExtension(item,true));"
for,28-multiplayer-social-online.js,4247,"const extensionKeys=new Set(extensionItems.map(x=>x.id));for(const e of [...world.houseExtensions])if(e.data.remote&&!extensionKeys.has(e.data.id)){worldGroup.remove(e.group);world.houseExtensions=world.houseExtensions.filter(x=>x!==e);const it=world.interactables.find(x=>x.id===`extension-${e.data.id}`);if(it)it.disabled=true;}extensionItems.forEach(item=>spawnHouseExtension(item,true));"
if,28-multiplayer-social-online.js,4249,"function remotePlayerEvent(data){if(!data||data.uid===window.OTTHOS_RTDB?.uid)return;remotePresence.set(data.uid,data);let ghost=world.ghosts.get(data.uid);if(scene&&!ghost){ghost=createGhost(data.color||0x5ad8ff,data.name||'Jogador');world.ghosts.set(data.uid,ghost);}if(ghost){updateGhostName(ghost,data.name);ghost.userData.target=data;}refreshOpenSocialHub();}"
if,28-multiplayer-social-online.js,4250,"window.addEventListener('otthos:mp-status',e=>{multiplayerState={...multiplayerState,...e.detail};state.multiplayer.cloudReady=!!multiplayerState.connected;if(e.detail?.uid)state.multiplayer.cloudUid=e.detail.uid;if(Array.isArray(e.detail?.players)){remotePresence.clear();e.detail.players.filter(p=>p.uid!==window.OTTHOS_RTDB?.uid).forEach(p=>remotePresence.set(p.uid,p));}updateMultiplayerBadge();refreshOpenSocialHub();});"
if,28-multiplayer-social-online.js,4252,"window.addEventListener('otthos:mp-leave',e=>{const id=e.detail?.uid;remotePresence.delete(id);if(player.boat.passengerUid===id)player.boat.passengerUid='';if(player.car.passengerUid===id)player.car.passengerUid='';const ghost=world.ghosts.get(id);if(ghost){scene?.remove(ghost);world.ghosts.delete(id);}multiplayerState.count=Math.max(1,remotePresence.size+1);updateMultiplayerBadge();refreshOpenSocialHub();});"
for,28-multiplayer-social-online.js,4256,"window.addEventListener('otthos:houses',e=>{cloudHouses.clear();for(const [id,data] of Object.entries(e.detail||{}))cloudHouses.set(id,data);reconcileCloudHouses();});"
if,28-multiplayer-social-online.js,4257,"window.addEventListener('otthos:chat',e=>{const m=e.detail;if(!m||Number(m.createdAt||0)<=Number(state.social.chatHiddenBefore||0))return;const existing=cloudChat.findIndex(x=>x.id===m.id);if(existing>=0)cloudChat[existing]=m;else cloudChat.push(m);cloudChat.sort((a,b)=>Number(a.createdAt||0)-Number(b.createdAt||0));while(cloudChat.length>60)cloudChat.shift();refreshOpenSocialHub();if(m.senderUid!==window.OTTHOS_RTDB?.uid)toast(`${m.name}: ${m.text}`,'good',2200);});"
else,28-multiplayer-social-online.js,4257,"window.addEventListener('otthos:chat',e=>{const m=e.detail;if(!m||Number(m.createdAt||0)<=Number(state.social.chatHiddenBefore||0))return;const existing=cloudChat.findIndex(x=>x.id===m.id);if(existing>=0)cloudChat[existing]=m;else cloudChat.push(m);cloudChat.sort((a,b)=>Number(a.createdAt||0)-Number(b.createdAt||0));while(cloudChat.length>60)cloudChat.shift();refreshOpenSocialHub();if(m.senderUid!==window.OTTHOS_RTDB?.uid)toast(`${m.name}: ${m.text}`,'good',2200);});"
while,28-multiplayer-social-online.js,4257,"window.addEventListener('otthos:chat',e=>{const m=e.detail;if(!m||Number(m.createdAt||0)<=Number(state.social.chatHiddenBefore||0))return;const existing=cloudChat.findIndex(x=>x.id===m.id);if(existing>=0)cloudChat[existing]=m;else cloudChat.push(m);cloudChat.sort((a,b)=>Number(a.createdAt||0)-Number(b.createdAt||0));while(cloudChat.length>60)cloudChat.shift();refreshOpenSocialHub();if(m.senderUid!==window.OTTHOS_RTDB?.uid)toast(`${m.name}: ${m.text}`,'good',2200);});"
if,28-multiplayer-social-online.js,4258,"window.addEventListener('otthos:chat-removed',e=>{const id=e.detail?.id,index=cloudChat.findIndex(m=>m.id===id);if(index>=0)cloudChat.splice(index,1);refreshOpenSocialHub();});"
if,28-multiplayer-social-online.js,4259,"window.addEventListener('otthos:gift',e=>{const gift=e.detail;if(!gift)return;if(gift.type==='coins'){state.profile.coins+=Number(gift.amount||0);}else if(gift.type==='crystal'){state.inventory.crystals=(state.inventory.crystals||0)+Number(gift.amount||1);}saveState(true);toast(`🎁 ${gift.senderName||'Jogador'} enviou um presente!`,'good',2600);});"
else,28-multiplayer-social-online.js,4259,"window.addEventListener('otthos:gift',e=>{const gift=e.detail;if(!gift)return;if(gift.type==='coins'){state.profile.coins+=Number(gift.amount||0);}else if(gift.type==='crystal'){state.inventory.crystals=(state.inventory.crystals||0)+Number(gift.amount||1);}saveState(true);toast(`🎁 ${gift.senderName||'Jogador'} enviou um presente!`,'good',2600);});"
if,28-multiplayer-social-online.js,4260,"window.addEventListener('otthos:interaction',e=>{const it=e.detail;if(!it)return;const sender=it.senderName||'Jogador';"
if,28-multiplayer-social-online.js,4261,"if(it.type==='boatPassengerLeft'){player.boat.passengerUid='';toast(`${sender} saiu do barco.`,'warn',1900);}"
if,28-multiplayer-social-online.js,4262,"else if(it.type==='boatEnded'){if(player.boating&&player.boat.passengerOf===it.senderUid)exitBoat(true);toast('O motorista encerrou o passeio de barco.','warn',2300);}"
else,28-multiplayer-social-online.js,4262,"else if(it.type==='boatEnded'){if(player.boating&&player.boat.passengerOf===it.senderUid)exitBoat(true);toast('O motorista encerrou o passeio de barco.','warn',2300);}"
if,28-multiplayer-social-online.js,4263,"else if(it.type==='vehiclePassengerLeft'){player.car.passengerUid='';toast(`${sender} saiu do carro.`,'warn',1900);}"
else,28-multiplayer-social-online.js,4263,"else if(it.type==='vehiclePassengerLeft'){player.car.passengerUid='';toast(`${sender} saiu do carro.`,'warn',1900);}"
if,28-multiplayer-social-online.js,4264,"else if(it.type==='vehicleEnded'){if(player.vehicle&&player.car.passengerOf===it.senderUid)exitVehicle(true);toast('O motorista encerrou o passeio de carro.','warn',2300);}"
else,28-multiplayer-social-online.js,4264,"else if(it.type==='vehicleEnded'){if(player.vehicle&&player.car.passengerOf===it.senderUid)exitVehicle(true);toast('O motorista encerrou o passeio de carro.','warn',2300);}"
if,28-multiplayer-social-online.js,4265,"else if(it.type==='challengeAccepted')toast(`🎮 ${sender} aceitou seu desafio! Abra Online para jogar.`,'good',3400);"
else,28-multiplayer-social-online.js,4265,"else if(it.type==='challengeAccepted')toast(`🎮 ${sender} aceitou seu desafio! Abra Online para jogar.`,'good',3400);"
if,28-multiplayer-social-online.js,4266,"else if(it.type==='challengeDeclined')toast(`${sender} recusou o desafio.`,'warn',2400);"
else,28-multiplayer-social-online.js,4266,"else if(it.type==='challengeDeclined')toast(`${sender} recusou o desafio.`,'warn',2400);"
if,28-multiplayer-social-online.js,4267,else if(it.type==='socialRequestResult'){
else,28-multiplayer-social-online.js,4267,else if(it.type==='socialRequestResult'){
if,28-multiplayer-social-online.js,4268,"const status=it.status||'',action=it.actionType||'';if(status==='accepted'){toast(`✅ ${sender} aceitou ${socialActionLabel(action)}.`,'good',2600);applyAcceptedSocialAction(action,{requestId:it.requestId,partnerName:sender,partnerUid:it.senderUid,role:'host'});}else if(status==='declined')toast(`${sender} recusou o convite.`,'warn',2300);else toast(it.extra?.reason||'O convite foi cancelado ou expirou.','warn',2500);"
else,28-multiplayer-social-online.js,4268,"const status=it.status||'',action=it.actionType||'';if(status==='accepted'){toast(`✅ ${sender} aceitou ${socialActionLabel(action)}.`,'good',2600);applyAcceptedSocialAction(action,{requestId:it.requestId,partnerName:sender,partnerUid:it.senderUid,role:'host'});}else if(status==='declined')toast(`${sender} recusou o convite.`,'warn',2300);else toast(it.extra?.reason||'O convite foi cancelado ou expirou.','warn',2500);"
else,28-multiplayer-social-online.js,4269,"}else{const social=it.type==='wave'?'wave':'wave';triggerEmote(social);toast(`👋 ${sender} acenou para você.`,'good',2200);}"
if,28-multiplayer-social-online.js,4271,"window.addEventListener('otthos:social-request',e=>{const r=e.detail;if(!r)return;incomingSocialRequests.set(r.id,r);updateOnlineAttention();refreshOpenSocialHub();if(r.status==='pending'&&Number(r.expiresAt||0)>Date.now()){showIncomingSocialRequest(r);if(!shownSocialToasts.has(r.id)){shownSocialToasts.add(r.id);toast(`🤝 ${r.fromName||'Jogador'} quer ${socialActionLabel(r.actionType)}.`,'good',3000);}}else if(promptSocialRequestId===r.id)closeChallengePrompt();});"
else,28-multiplayer-social-online.js,4271,"window.addEventListener('otthos:social-request',e=>{const r=e.detail;if(!r)return;incomingSocialRequests.set(r.id,r);updateOnlineAttention();refreshOpenSocialHub();if(r.status==='pending'&&Number(r.expiresAt||0)>Date.now()){showIncomingSocialRequest(r);if(!shownSocialToasts.has(r.id)){shownSocialToasts.add(r.id);toast(`🤝 ${r.fromName||'Jogador'} quer ${socialActionLabel(r.actionType)}.`,'good',3000);}}else if(promptSocialRequestId===r.id)closeChallengePrompt();});"
if,28-multiplayer-social-online.js,4272,"window.addEventListener('otthos:social-request-removed',e=>{incomingSocialRequests.delete(e.detail?.id);if(promptSocialRequestId===e.detail?.id)closeChallengePrompt();updateOnlineAttention();refreshOpenSocialHub();});"
if,28-multiplayer-social-online.js,4274,"window.addEventListener('otthos:challenge',e=>{const c=e.detail;if(!c)return;incomingChallenges.set(c.id,c);updateOnlineAttention();refreshOpenSocialHub();if(c.status==='pending'){showIncomingChallengePrompt(c);if(!shownChallengeToasts.has(c.id)){shownChallengeToasts.add(c.id);toast(`⚔️ ${c.fromName||'Jogador'} enviou ${multiplayerGameLabel(c.type)}!`,'good',3400);}}});"
if,28-multiplayer-social-online.js,4276,"window.addEventListener('otthos:game-session',e=>{const s=e.detail;if(!s)return;gameSessions.set(s.id,s);updateOnlineAttention();refreshOpenSocialHub();if(s.status==='active'){const mine=s.players?.[window.OTTHOS_RTDB?.uid];if(!mine?.finished&&!activeMultiplayerGameId)showReadySessionPrompt(s);}if(s.status==='active'||s.status==='completed')maybeShowMultiplayerResult(s);});"
if,28-multiplayer-social-online.js,4278,"window.addEventListener('otthos:rtdb-ready',async()=>{if(running||hasValidPlayerName()){const ok=await window.OTTHOS_RTDB?.connect?.({name:state.profile.name||'Jogador'});if(ok){window.OTTHOS_RTDB?.syncCampfires?.(state.campfires);window.OTTHOS_RTDB?.syncHouseExtensions?.(state.houseExtensions);}}});"
if,28-multiplayer-social-online.js,4281,"if(typeof BroadcastChannel==='function'){localChannel=new BroadcastChannel('otthos-life-world-v636');localChannel.onmessage=e=>{const data=e.data;if(!data||data.id===state.profile.playerId)return;if(data.type==='leave'){const ghost=world.ghosts.get(data.id);if(ghost){scene.remove(ghost);world.ghosts.delete(data.id);}return;}remotePlayerEvent({...data,uid:data.id});};window.addEventListener('beforeunload',()=>localChannel?.postMessage({type:'leave',id:state.profile.playerId}));}"
if,28-multiplayer-social-online.js,4282,"window.OTTHOS_MULTIPLAYER={version:7,playerId:state.profile.playerId,mode:window.OTTHOS_RTDB?.configured?'firebase-public-world':'local-preview',connect:()=>window.OTTHOS_RTDB?.connect?.({name:state.profile.name||'Jogador'})||true,publish:payload=>{localChannel?.postMessage(payload);window.OTTHOS_RTDB?.publish?.(payload);},adapter:window.OTTHOS_RTDB?.configured?'Firebase Realtime Database':'BroadcastChannel'};updateMultiplayerBadge();if(window.OTTHOS_RTDB?.configured&&hasValidPlayerName())window"
if,28-multiplayer-social-online.js,4284,"function multiplayerNameTexture(name){const c=document.createElement('canvas');c.width=512;c.height=128;const ctx=c.getContext('2d');ctx.clearRect(0,0,c.width,c.height);ctx.fillStyle='rgba(5,18,34,.88)';ctx.strokeStyle='rgba(255,255,255,.92)';ctx.lineWidth=8;const r=30;ctx.beginPath();if(ctx.roundRect)ctx.roundRect(8,8,c.width-16,c.height-16,r);else ctx.rect(8,8,c.width-16,c.height-16);ctx.fill();ctx.stroke();ctx.fillStyle='#fff';ctx.font='900 48px system-ui,sans-serif';ctx.textAlign='center';ct"
else,28-multiplayer-social-online.js,4284,"function multiplayerNameTexture(name){const c=document.createElement('canvas');c.width=512;c.height=128;const ctx=c.getContext('2d');ctx.clearRect(0,0,c.width,c.height);ctx.fillStyle='rgba(5,18,34,.88)';ctx.strokeStyle='rgba(255,255,255,.92)';ctx.lineWidth=8;const r=30;ctx.beginPath();if(ctx.roundRect)ctx.roundRect(8,8,c.width-16,c.height-16,r);else ctx.rect(8,8,c.width-16,c.height-16);ctx.fill();ctx.stroke();ctx.fillStyle='#fff';ctx.font='900 48px system-ui,sans-serif';ctx.textAlign='center';ct"
if,28-multiplayer-social-online.js,4285,"function updateLocalPlayerNameLabel(){if(!playerGroup?.userData?.nameLabel)return;const clean=playerDisplayName();if(playerGroup.userData.displayName===clean)return;const label=playerGroup.userData.nameLabel,old=label.material.map;label.material.map=multiplayerNameTexture(clean);label.material.needsUpdate=true;old?.dispose?.();playerGroup.userData.displayName=clean;}"
if,28-multiplayer-social-online.js,4286,"function updateGhostName(ghost,name){const clean=sanitizePlayerName(name)||'Jogador';if(ghost.userData.displayName===clean)return;ghost.userData.displayName=clean;if(ghost.userData.nameLabel){const old=ghost.userData.nameLabel.material.map;ghost.userData.nameLabel.material.map=multiplayerNameTexture(clean);ghost.userData.nameLabel.material.needsUpdate=true;old?.dispose?.();}}"
for,28-multiplayer-social-online.js,4289,"const car=new THREE.Group();car.visible=false;g.add(car);box(1.9,.42,2.8,0x26384e,0,.35,0,car);box(1.72,.6,1.45,color,0,.7,.25,car);box(1.46,.45,.9,0x173149,0,.92,-.48,car);for(const p of [[-.9,.3,-.85],[.9,.3,-.85],[-.9,.3,.85],[.9,.3,.85]]){const wheel=cylinder(.34,.24,0x10151d,p[0],p[1],p[2],car,10);wheel.rotation.z=Math.PI/2;}"
if,28-multiplayer-social-online.js,4296,if((changed&&now-lastPublish>240)||now-lastPublishHeartbeat>2200){lastPublish=now;lastPublishHeartbeat=now;lastPublishSnapshot=payload;localChannel?.postMessage(payload);window.OTTHOS_RTDB?.publish?.(payload);}
for,28-multiplayer-social-online.js,4297,for(const ghost of world.ghosts.values()){
if,28-multiplayer-social-online.js,4298,"const t=ghost.userData.target;if(!t)continue;const beforeX=ghost.position.x,beforeZ=ghost.position.z;ghost.position.x=lerp(ghost.position.x,Number(t.x||0),Math.min(1,dt*8));ghost.position.y=lerp(ghost.position.y,Number(t.y||0),Math.min(1,dt*8));ghost.position.z=lerp(ghost.position.z,Number(t.z||0),Math.min(1,dt*8));ghost.rotation.y=lerpAngle(ghost.rotation.y,Number(t.r||0),Math.min(1,dt*8));"
if,28-multiplayer-social-online.js,4299,if(Number(t.emoteSeq||0)!==Number(ghost.userData.lastEmoteSeq||0)){ghost.userData.lastEmoteSeq=Number(t.emoteSeq||0);ghost.userData.emoteType=t.emoteType||'';ghost.userData.emoteUntil=performance.now()+2600;}
if,28-multiplayer-social-online.js,4301,"const moving=Math.hypot(ghost.position.x-beforeX,ghost.position.z-beforeZ)>.01,walk=moving?Math.sin(animTime*9+ghost.userData.phase)*.45:0,emote=performance.now()<Number(ghost.userData.emoteUntil||0)?ghost.userData.emoteType:'';if(ghost.userData.limbs){const l=ghost.userData.limbs;l.leftArm.rotation.x=emote==='dance'?-1.35:emote==='play'?-1.9:emote==='hug'?-1.45:walk;l.rightArm.rotation.x=emote==='wave'?-2.2:emote==='highfive'?-2.5:emote==='dance'?-1.35:emote==='play'?-1.9:emote==='hug'?-1.45:-w"
if,29-game-loop-controls-gamepad.js,4306,"if(!running)return;raf=requestAnimationFrame(gameLoop);const dt=Math.min(.033,clock.getDelta());samplePerformance(dt);"
if,29-game-loop-controls-gamepad.js,4307,if(!paused){
if,29-game-loop-controls-gamepad.js,4311,if(buildMode)updateBuildPreview();
if,29-game-loop-controls-gamepad.js,4312,if(fishingSession||fishingVisual?.active)updateFishingVisual(dt);
if,29-game-loop-controls-gamepad.js,4313,if(player.vehicle)updateVehicleFX(dt);
if,29-game-loop-controls-gamepad.js,4314,if(typeof fxParticles!=='undefined'&&fxParticles.length)updateFX(dt);
if,29-game-loop-controls-gamepad.js,4315,if(world.fireballs?.length)updateFireballs(dt);
if,29-game-loop-controls-gamepad.js,4316,if(activeRace)updateRace(dt);
if,29-game-loop-controls-gamepad.js,4319,if(perf.uiAcc>=uiRate){const step=perf.uiAcc;perf.uiAcc=0;updateCareerMissions();updateNeeds(step);updateNavigation(step);}
if,29-game-loop-controls-gamepad.js,4322,"if(perf.trafficAcc>=trafficRate){const trafficStep=Math.min(.1,perf.trafficAcc);perf.trafficAcc=0;const trafficBefore=captureTrafficPositions();updateTransitWorld(trafficStep);perf.trafficTicks++;updatePoliceSystem(trafficStep);updateFireService(trafficStep);updateTrafficIncidents(trafficStep);resolveTrafficOverlaps(trafficBefore);}"
if,29-game-loop-controls-gamepad.js,4325,"if(perf.aiAcc>=aiRate){const step=Math.min(.11,perf.aiAcc);perf.aiAcc=0;updateNPCs(step);perf.aiTicks++;updateNpcSociety(step);updateEnemies(step);updateMultiplayer(step);updateLifeActivities(step);updateAdventure(step);}"
if,29-game-loop-controls-gamepad.js,4328,if(perf.lodAcc>=lodRate){const step=perf.lodAcc;perf.lodAcc=0;updateVisualLOD(step);}
if,29-game-loop-controls-gamepad.js,4329,perf.cloudAcc+=dt;const cloudRate=tier==='high'?1/12:tier==='balanced'?1/8:1/5;if(perf.cloudAcc>=cloudRate){const step=perf.cloudAcc;perf.cloudAcc=0;updateClouds(step);}
if,29-game-loop-controls-gamepad.js,4330,perf.modeAuditAcc+=dt;if(perf.modeAuditAcc>=.75){perf.modeAuditAcc=0;auditPlayerMode('loop');}
if,29-game-loop-controls-gamepad.js,4331,perf.panelAcc+=dt;if(perf.panelAcc>=1){perf.panelAcc=0;refreshTechnicalPanel();}
if,29-game-loop-controls-gamepad.js,4339,"els.joystick.addEventListener('pointermove',e=>{if(e.pointerId===input.joyId)updateJoy(e);});"
if,29-game-loop-controls-gamepad.js,4341,"function updateJoy(e){const r=els.joystick.getBoundingClientRect(),cx=r.left+r.width/2,cy=r.top+r.height/2,max=r.width*.32;let dx=e.clientX-cx,dy=e.clientY-cy;const mag=Math.hypot(dx,dy);if(mag>max){dx=dx/mag*max;dy=dy/mag*max;}input.joyX=dx/max;input.joyZ=-dy/max;els.joystickKnob.style.transform=`translate(calc(-50% + ${dx}px),calc(-50% + ${dy}px))`;}"
if,29-game-loop-controls-gamepad.js,4345,const setAccelerate=active=>{if(mobilityDriverActive()){input.mobilityAccelerate=!!active;input.mobilityControlSource=active?'accelerator':'';if(active)input.mobilityBrake=false;updateMobilityControlLabels();}else setTouchSprint(active);};
else,29-game-loop-controls-gamepad.js,4345,const setAccelerate=active=>{if(mobilityDriverActive()){input.mobilityAccelerate=!!active;input.mobilityControlSource=active?'accelerator':'';if(active)input.mobilityBrake=false;updateMobilityControlLabels();}else setTouchSprint(active);};
if,29-game-loop-controls-gamepad.js,4346,const setBrake=active=>{if(mobilityDriverActive()){input.mobilityBrake=!!active;input.mobilityControlSource=active?'brake':'';if(active)input.mobilityAccelerate=false;updateMobilityControlLabels();}else if(active)requestJump();};
else,29-game-loop-controls-gamepad.js,4346,const setBrake=active=>{if(mobilityDriverActive()){input.mobilityBrake=!!active;input.mobilityControlSource=active?'brake':'';if(active)input.mobilityAccelerate=false;updateMobilityControlLabels();}else if(active)requestJump();};
if,29-game-loop-controls-gamepad.js,4355,"window.addEventListener('keydown',e=>{input.keys.add(e.code);if(['Space','KeyE','KeyF','KeyC','Digit1','Digit2','Digit3','KeyR','KeyQ','ShiftLeft','ShiftRight'].includes(e.code))e.preventDefault();if(mobilityDriverActive()&&e.code==='ShiftLeft'){input.mobilityAccelerate=true;input.mobilityBrake=false;}if(mobilityDriverActive()&&e.code==='Space'){input.mobilityBrake=true;input.mobilityAccelerate=false;}updateRunUI();updateMobilityControlLabels();if(e.code==='Space'&&!mobilityDriverActive())reques"
else,29-game-loop-controls-gamepad.js,4355,"window.addEventListener('keydown',e=>{input.keys.add(e.code);if(['Space','KeyE','KeyF','KeyC','Digit1','Digit2','Digit3','KeyR','KeyQ','ShiftLeft','ShiftRight'].includes(e.code))e.preventDefault();if(mobilityDriverActive()&&e.code==='ShiftLeft'){input.mobilityAccelerate=true;input.mobilityBrake=false;}if(mobilityDriverActive()&&e.code==='Space'){input.mobilityBrake=true;input.mobilityAccelerate=false;}updateRunUI();updateMobilityControlLabels();if(e.code==='Space'&&!mobilityDriverActive())reques"
if,29-game-loop-controls-gamepad.js,4356,"els.stage.addEventListener('pointerdown',e=>{if(e.target!==renderer?.domElement)return;input.cameraDrag={id:e.pointerId,x:e.clientX,y:e.clientY};safePointerCapture(els.stage,e.pointerId);});"
if,29-game-loop-controls-gamepad.js,4357,"els.stage.addEventListener('pointermove',e=>{const d=input.cameraDrag;if(!d||d.id!==e.pointerId)return;const dx=e.clientX-d.x,dy=e.clientY-d.y;cameraYaw-=dx*.006;cameraPitch=clamp(cameraPitch+dy*.003,.05,.9);d.x=e.clientX;d.y=e.clientY;});"
if,29-game-loop-controls-gamepad.js,4358,"const endDrag=e=>{if(input.cameraDrag?.id===e.pointerId)input.cameraDrag=null;};els.stage.addEventListener('pointerup',endDrag);els.stage.addEventListener('pointercancel',endDrag);"
if,29-game-loop-controls-gamepad.js,4359,"els.stage.addEventListener('wheel',e=>{if(!running||!els.modal.hidden)return;e.preventDefault();cameraZoom=clamp(cameraZoom+Math.sign(e.deltaY)*.9,-4.5,9);state.settings.cameraZoom=+cameraZoom.toFixed(2);},{passive:false});"
if,29-game-loop-controls-gamepad.js,4364,if(!gp){input.gamepadX=0;input.gamepadZ=0;input.gamepadActive=false;input.gamepadSprint=false;updateRunUI();return;}
if,29-game-loop-controls-gamepad.js,4366,"input.gamepadActive=Math.hypot(ax,az)>.16;input.gamepadX=input.gamepadActive?ax:0;input.gamepadZ=input.gamepadActive?az:0;input.gamepadSprint=!!gp.buttons[10]?.pressed;if(mobilityDriverActive()){input.mobilityAccelerate=gp.buttons[7]?.value>.18;input.mobilityBrake=gp.buttons[6]?.value>.18;}updateRunUI();updateMobilityControlLabels();"
if,29-game-loop-controls-gamepad.js,4368,if(jump&&!gamepadJump)requestJump();if(action&&!gamepadAction)doAction();if(power&&!gamepadPower)firePower();if(crouch&&!gamepadCrouch)toggleCrouch();if(size&&!gamepadSize)setScaleMode(player.scaleMode==='normal'?'mini':player.scaleMode==='mini'?'giant':'normal');
if,29-game-loop-controls-gamepad.js,4370,"const camX=gp.axes[2]||0;if(Math.abs(camX)>.18)cameraYaw-=camX*.035;const camY=gp.axes[3]||0;if(Math.abs(camY)>.18)cameraPitch=clamp(cameraPitch+camY*.018,.05,.9);"
if,29-game-loop-controls-gamepad.js,4375,"if((!hasValidPlayerName()||!accountLinked())&&!(accountPromptWasHandled())){openAccountCenter(true,()=>{state.flags.accountPromptedV635=true;saveState(true);startGame(resetPosition);});return;}"
if,29-game-loop-controls-gamepad.js,4376,"if(!hasValidPlayerName()){openPlayerNameModal(true,()=>startGame(resetPosition));return;}"
if,29-game-loop-controls-gamepad.js,4378,state.ui.quickOpen=false;state.ui.skillsOpen=false;state.ui.needsOpen=false;state.ui.missionOpen=false;syncMobilePanels();els.game.classList.remove('needs-expanded');els.missionCard.classList.remove('expanded');if(!scene){if(!initThree()){showScreen('lobby');return;}setupControls();}else{applyAvatarCustomization();}
else,29-game-loop-controls-gamepad.js,4378,state.ui.quickOpen=false;state.ui.skillsOpen=false;state.ui.needsOpen=false;state.ui.missionOpen=false;syncMobilePanels();els.game.classList.remove('needs-expanded');els.missionCard.classList.remove('expanded');if(!scene){if(!initThree()){showScreen('lobby');return;}setupControls();}else{applyAvatarCustomization();}
if,29-game-loop-controls-gamepad.js,4379,"if(els.toolsBtn){els.toolsBtn.firstChild.textContent=equippedTool().icon;$('span',els.toolsBtn).textContent=equippedTool().name;}"
if,29-game-loop-controls-gamepad.js,4380,"if(resetPosition){player.x=0;player.z=8;player.y=0;}else restorePosition();player.scaleMode=state.abilities?.scaleMode||'normal';player.crouched=!!state.abilities?.crouched;updateAbilityUI();running=true;paused=false;clock.start();evaluateMissions();updateHUD();updateContext(true);updateNavigation(0,true);resize(true);cancelAnimationFrame(raf);gameLoop();toast('Bem-vindo à Vila do Sol!','good',2200);"
else,29-game-loop-controls-gamepad.js,4380,"if(resetPosition){player.x=0;player.z=8;player.y=0;}else restorePosition();player.scaleMode=state.abilities?.scaleMode||'normal';player.crouched=!!state.abilities?.crouched;updateAbilityUI();running=true;paused=false;clock.start();evaluateMissions();updateHUD();updateContext(true);updateNavigation(0,true);resize(true);cancelAnimationFrame(raf);gameLoop();toast('Bem-vindo à Vila do Sol!','good',2200);"
if,30-pause-tests-public-api-bootstrap.js,4379,"if(buildMode)endBuildMode('cancelled',true);"
if,30-pause-tests-public-api-bootstrap.js,4380,"world.policeAlert=null;updateSafetyPanel('');if(player.boating){player.x=-24.7;player.z=52;exitBoat(true);}if(player.vehicle)exitVehicle(true);if(player.transit.mode==='bus'){const bus=world.buses.find(b=>b.id===player.transit.busId);if(bus)exitBusAtStop(bus,{stopId:bus.lastStopId,stopName:bus.lastStopName});}if(player.transit.mode==='metro'){player.transit.mode='';if(metroOverlay)metroOverlay.hidden=true;if(playerModel)playerModel.visible=true;if(avatarLayer)avatarLayer.visible=true;if(contactS"
if,30-pause-tests-public-api-bootstrap.js,4385,if(!running||pauseMenuOpen)return;
if,30-pause-tests-public-api-bootstrap.js,4386,"if(buildMode)endBuildMode('cancelled',true);"
if,30-pause-tests-public-api-bootstrap.js,4387,"paused=true;pauseMenuOpen=true;if(engineAudio)stopEngineSound();openModal('Jogo pausado',`<div class=""choice-grid""><button class=""choice"" data-resume><b>▶ Continuar</b><span>Voltar ao mundo</span></button><button class=""choice"" data-life><b>👤 Minha vida</b><span>Carreira, amizades e visual</span></button><button class=""choice"" data-home><b>🏠 Casa</b><span>Voltar para minha casa</span></button><button class=""choice"" data-menu><b>↩ Menu inicial</b><span>Salvar e sair</span></button></div>`,root=>{"
if,30-pause-tests-public-api-bootstrap.js,4389,"$('[data-life]',root).onclick=()=>{pauseMenuOpen=false;paused=false;closeModal();if(player.vehicle)startEngineSound();openLifePanel();};"
if,30-pause-tests-public-api-bootstrap.js,4400,if(currentHouse){
if,30-pause-tests-public-api-bootstrap.js,4403,if(player.vehicle)exitVehicle(true);
if,30-pause-tests-public-api-bootstrap.js,4413,if(!player.vehicle)prepareVehicleTestArea();
for,30-pause-tests-public-api-bootstrap.js,4418,for(let i=0;i<count;i++){
if,30-pause-tests-public-api-bootstrap.js,4437,"controlMath:(x=0,z=0,yaw=0,mode='WALKING')=>{const key=String(mode).toUpperCase(),resolved=PLAYER_MODES[key]||String(mode).toLowerCase();if([PLAYER_MODES.CAR_DRIVER,PLAYER_MODES.MOTORCYCLE_DRIVER,PLAYER_MODES.BICYCLE,PLAYER_MODES.SKATE,PLAYER_MODES.BOAT_DRIVER].includes(resolved))return{x:clamp(Number(x)||0,-1,1),z:clamp(Number(z)||0,-1,1),steer:-clamp(Number(x)||0,-1,1),throttle:clamp(Number(z)||0,-1,1),mode:resolved};const vector=cameraRelativeVector(Number(x)||0,Number(z)||0,Number(yaw)||0);r"
if,30-pause-tests-public-api-bootstrap.js,4450,"setQuality:(quality='auto')=>{const value=['auto','low','high'].includes(quality)?quality:'auto';state.settings.quality=value;if(value==='auto')perf.sessionTier=state.settings.autoTier||detectStableAutoTier();applyAdaptiveRenderSettings(true);lockStableSceneVisibility();saveState(true);return{requested:requestedQuality(),tier:qualityTier(),dpr:renderer?.getPixelRatio?.()||0};},"
if,30-pause-tests-public-api-bootstrap.js,4465,"setMobilityButtons:(accelerate=false,brake=false)=>{input.mobilityAccelerate=!!accelerate;input.mobilityBrake=!!brake;if(input.mobilityAccelerate)input.mobilityBrake=false;updateMobilityControlLabels();return{accelerate:input.mobilityAccelerate,brake:input.mobilityBrake};},"
for,30-pause-tests-public-api-bootstrap.js,4484,"stepPlayer:(frames=1,dt=1/60)=>{const n=clamp(Math.round(Number(frames)||1),1,600),step=clamp(Number(dt)||1/60,.001,.1);for(let i=0;i<n;i++)updatePlayer(step);return{x:player.x,y:player.y,z:player.z,facing:player.facing};},"
if,30-pause-tests-public-api-bootstrap.js,4485,"enterHouseById:(id)=>{const h=world.houses.find(x=>x.id===id);if(!h)return false;enterHouse(h);return true;},"
if,30-pause-tests-public-api-bootstrap.js,4511,"sceneStability:()=>({critical:world.criticalSurfaces.length,hiddenCritical:world.criticalSurfaces.filter(m=>m&&!m.visible).length,frustumCulledCritical:world.criticalSurfaces.filter(m=>m?.frustumCulled).length,staticRenderObjects:world.staticRenderObjects||0,frustumEnabledStatic:(()=>{let n=0;worldGroup?.traverse?.(o=>{if((o.isMesh||o.isLine||o.isSprite)&&o.frustumCulled)n++;});return n;})(),mobile:perf.mobile,shadows:!!renderer?.shadowMap?.enabled}),"
if,30-pause-tests-public-api-bootstrap.js,4518,"rideMetro:(destinationId='village',stationId='central')=>{const destination=MAP_LOCATIONS.find(x=>x.id===destinationId),station=METRO_STATIONS.find(x=>x.id===stationId)||METRO_STATIONS[0];if(!destination)return false;rideMetroTo(station,destination);return true;},"
if,30-pause-tests-public-api-bootstrap.js,4519,"boardBus:id=>{const bus=world.buses.find(b=>b.id===id)||world.buses[0];if(!bus)return false;player.x=bus.group.position.x;player.z=bus.group.position.z;bus.stopUntil=performance.now()+2000;bus.lastStopId=bus.lastStopId||'test-stop';bus.lastStopName=bus.lastStopName||'Parada de teste';return enterBus(bus);},"
for,30-pause-tests-public-api-bootstrap.js,4521,"stepTransit:(frames=60,dt=1/60)=>{const n=clamp(Math.round(Number(frames)||60),1,1200),step=clamp(Number(dt)||1/60,.001,.1);for(let i=0;i<n;i++)updateTransitWorld(step);return world.buses.map(b=>({id:b.id,x:b.group.position.x,z:b.group.position.z,stopped:busAtStop(b)}));},"
if,30-pause-tests-public-api-bootstrap.js,4524,"setNpcRideCompanion:(id='nino')=>{const npc=world.npcs.find(n=>n.id===id);if(!npc)return false;npc.pendingRide=true;npc.following=true;npc.group.position.set(player.x+1,0,player.z);return true;},"
for,30-pause-tests-public-api-bootstrap.js,4532,"stepFire:(frames=60,dt=1/60)=>{for(let i=0;i<frames;i++)updateFireService(dt);return world.fires.map(f=>({id:f.id,active:f.active}));},"
if,30-pause-tests-public-api-bootstrap.js,4547,"forceBoatState:(x=-38,z=52,heading=0)=>{if(player.vehicle)exitVehicle(true);player.boating=true;player.boat.passengerOf='';player.boat.heading=Number(heading)||0;player.boat.speed=0;player.boat.steerVisual=0;input.mobilityAccelerate=false;input.mobilityBrake=false;player.x=Number(x);player.z=Number(z);player.y=.78;state.boats.activeBoatId='lake-boat';if(world.boat){world.boat.group.position.set(player.x,.1,player.z);world.boat.heading=player.boat.heading;world.boat.group.rotation.y=player.boat.h"
for,30-pause-tests-public-api-bootstrap.js,4549,"stepBoat:(steer=0,throttle=0,frames=60)=>{const n=clamp(Math.round(Number(frames)||60),1,600),dt=1/60,start={x:player.x,z:player.z,heading:player.boat.heading};for(let i=0;i<n;i++){updateBoatPhysics(dt,clamp(Number(steer)||0,-1,1),clamp(Number(throttle)||0,-1,1));const px=player.x,pz=player.z;player.x+=player.vx*dt;player.z+=player.vz*dt;constrainBoat(px,pz);}return{x:player.x,z:player.z,heading:player.boat.heading,speed:player.boat.speed,deltaHeading:player.boat.heading-start.heading,distance:M"
